Rank,TeamId,TeamName,LastSubmissionDate,Score,SubmissionCount,TeamMemberUserNames
1,13637994,"Sheoran - Looking for a job","2025-06-01 04:04:17",17.1,6,harshitsheoran
2,13638725,"Jin Niu","2025-06-06 18:32:14",20.4,44,gufanmingmie
3,13663932,monnu,"2025-06-06 16:03:17",22.3,20,fuumin621
4,13636291,"Sugoi desu ne, anata no skill","2025-06-06 08:06:09",23.5,11,"andy2709,nthanhdat2197,thanhhau097a"
5,13745549,36.4,"2025-05-28 07:54:24",23.5,43,hoffmanns
6,13637031,J^3,"2025-06-06 11:35:27",24.3,101,"jaewook704,jjinho"
7,13813242,eugene,"2025-06-05 08:13:01",24.7,11,evgeny000
8,13746582,CPMP,"2025-06-04 20:21:00",25.8,5,cpmpml
9,13795990,Doomsday,"2025-06-03 22:34:55",26.0,23,phoenix9032
10,13778803,"only one model","2025-06-04 16:57:47",26.2,32,peilwang
11,13730217,cqr,"2025-06-04 17:46:06",26.3,54,"cqrcqr,evansussex"
12,13637085,"Iwa Iwa","2025-06-06 17:39:42",26.4,81,iwaiwa
13,13643876,🫘🏴‍☠️,"2025-06-04 12:02:19",27.2,40,kenpachi99
14,13668608,Ethan,"2025-06-03 00:54:47",27.5,46,chenxin1991
15,13638378,atom1231,"2025-06-06 12:36:11",27.5,85,atom1231
16,13819215,"Javier Martín","2025-06-04 12:37:25",27.6,5,bacterio
17,13640545,KIT,"2025-06-04 15:42:49",27.9,57,ray6767
18,13818272,zzz,"2025-06-06 13:45:24",27.9,14,xuanmingzhang777
19,13727831,DrHB,"2025-06-05 22:45:43",27.9,22,drhabib
20,13667960,Kyle,"2025-06-05 13:56:43",27.9,24,kylewang12138
21,13654711,"Vicens Gaitan","2025-06-06 13:56:17",27.9,71,vicensgaitan
22,13899627,Alehandreus,"2025-06-06 14:21:10",27.9,2,alehandreus
23,13641907,"Dmitriy Ukrainskiy","2025-06-06 18:29:31",28.0,32,ukrainskiydv
24,13889026,"William Wu Chengyuan","2025-06-06 16:25:50",28.0,31,williamwu88
25,13636448,automatylicza,"2025-06-02 23:05:52",28.1,57,automatylicza
26,13636565,jelly,"2025-06-05 06:42:48",28.1,20,jellyz9
27,13637596,IC2,"2025-06-04 19:33:13",28.1,215,jonathanchan
28,13709261,bestwater,"2025-06-06 03:20:36",28.2,97,bestwater
29,13889845,"Rohan Mitra","2025-06-06 20:12:27",28.2,9,rohanmitra14
30,13719452,lty,"2025-06-06 01:30:40",28.2,2,linwei9
31,13805413,"M Sato","2025-06-06 17:05:53",28.2,11,masasato1999
32,13729824,"Jie Wu","2025-06-02 22:48:00",28.2,14,lftuwujie
33,13893245,EliKal,"2025-06-06 13:23:24",28.2,15,eliork
34,13869560,nmdcddwzml,"2025-06-05 08:27:30",28.2,9,mujian63
35,13670914,"Junhua Yang","2025-06-06 05:15:57",28.2,158,junhuay
36,13767935,🔊yukiZ🔊,"2025-06-06 18:52:43",28.2,25,hideyukizushi
37,13784431,Shirout,"2025-06-06 11:16:08",28.2,20,"ashura511,haruhisakimoto,kentatsukaue,nakaso,nkctkt"
38,13928912,"Luck is what I need","2025-06-06 13:01:00",28.2,4,majiaqi111
39,13643918,"Rob Wishart","2025-06-04 10:02:36",28.2,109,robwishart
40,13636337,"Ravi Ramakrishnan","2025-06-06 05:53:03",28.2,53,ravi20076
41,13709966,"Mohamed abdelrazik","2025-06-04 05:51:01",28.2,38,mohamed3abdelrazik
42,13731671,kk.sky.9k,"2025-06-06 04:17:26",28.2,28,kksky9k
43,13740348,LABMAN,"2025-06-06 01:28:09",28.2,89,"kurisew,textbookstyle"
44,13639546,Ry_Sa,"2025-06-06 12:48:22",28.2,143,ryqsaq
45,13739841,DataBoom,"2025-06-06 08:41:47",28.2,49,"darkartitry,mjjsty,xbar19"
46,13646885,"Watermelon Hat","2025-06-06 19:28:17",28.2,70,"guruduggireddy,prahasduggireddy"
47,13736006,KaiZen,"2025-06-03 08:23:08",28.2,53,"carlosperez97,jdlfuentec"
48,13643446,"Geophysics Is All You Need","2025-06-06 15:06:05",28.2,52,"benjenkins96,frtgnn,jgschaefer,octaviograu,stevejenkins"
49,13897548,yashimar,"2025-06-06 09:36:58",28.2,7,yashimar
50,13675488,"Sviat B","2025-06-06 10:09:36",28.2,34,"bilokin,olehkivernyk"
51,13663492,shreyansh,"2025-06-05 07:46:15",28.2,62,shreyansh01m
52,13890739,冬云金雨,"2025-06-06 07:34:19",28.2,25,dongyunjiinyu
53,13917942,Bubble,"2025-06-03 04:41:51",28.2,4,algerwang
54,13889247,noobanot,"2025-06-05 23:29:27",28.2,3,"fastlight2007,noobanot"
55,13715655,AnatoliK,"2025-06-02 21:11:03",28.2,31,akorol
56,13637035,fate,"2025-06-06 01:34:24",28.2,68,"markformark,oigckko"
57,13845049,JM,"2025-06-06 08:48:50",28.2,12,julianmukaj
58,13897178,"Leo Lu","2025-06-03 15:47:17",28.2,10,leolu1998
59,13739347,oliver34,"2025-06-05 05:10:25",28.2,27,"jianpengzhao,oliver34,yesnooo"
60,13761490,"Manuel Campos","2025-06-05 10:36:36",28.2,66,coreacasa
61,13676442,iamltpn,"2025-06-04 14:52:14",28.2,11,feattar
62,13718514,SamH321,"2025-06-05 05:35:03",28.2,3,"benjaminkovacs,samh321"
63,13830506,shyjin,"2025-06-06 15:12:16",28.2,4,shyjin
64,13852082,"fan yanbing","2025-06-06 12:12:53",28.2,21,"fanyanb,jackpudding"
65,13853032,hunzia,"2025-06-06 08:14:36",28.2,4,fyenneyenn
66,13653274,"Nuno Rodrigues","2025-06-06 08:46:48",28.2,19,nunomvr
67,13931246,LCW,"2025-06-06 10:10:35",28.2,4,lichenwang
68,13714893,"Xinlong Zhang","2025-06-06 17:22:13",28.2,23,zxl2022
69,13636699,kglctf,"2025-06-06 14:25:41",28.2,199,kglctf
70,13816730,"Ziyan Lin","2025-06-06 12:14:42",28.2,34,zzi7lz
71,13690452,"surya milenial","2025-06-06 13:30:29",28.2,58,suryamilenial
72,13655841,"Sung Hur","2025-06-06 16:14:08",28.2,78,kmmmvs
73,13917487,"Allie K.","2025-06-06 17:13:41",28.2,9,blankaf
74,13936284,"Marek Nurzynski","2025-06-06 19:53:07",28.2,1,marek3000
75,13680131,"Physics-guided machine","2025-06-06 20:06:12",28.2,38,"hoon0303,jihunpark111"
76,13853872,mercury12512,"2025-06-06 15:35:16",28.2,6,mercury12512
77,13640453,"Overvalue Awareness","2025-06-06 03:39:16",28.2,11,overvalueawareness
78,13932390,NineThree,"2025-06-05 23:30:50",28.2,1,xiaoazuzong
79,13932341,kawaii,"2025-06-05 23:33:18",28.2,1,vrshyamsunder
80,13658860,naru,"2025-06-06 01:10:28",28.2,2,naruhisahayashi
81,13636312,"Manav Trivedi","2025-06-06 02:29:39",28.2,67,manavtrivedi
82,13852558,cimidi,"2025-06-06 01:39:58",28.2,3,cimidi
83,13932625,"Akihisa Miyashita","2025-06-06 02:06:50",28.2,1,mystakhs
84,13932578,sohma,"2025-06-06 02:08:25",28.2,1,hi210278
85,13910136,"Fukutomi Teppei","2025-06-06 02:15:53",28.2,5,ttyn4519
86,13734177,liuzhangzhen,"2025-06-06 02:23:23",28.2,2,liuzhangzhen
87,13932725,jason,"2025-06-06 02:42:09",28.2,1,jasonzhang2022
88,13636941,"Mike Kim","2025-06-06 02:44:47",28.2,2,mikeskim
89,13636882,star,"2025-06-06 11:19:45",28.2,5,liangruiqi
90,13669993,heng,"2025-06-06 02:45:38",28.2,54,hengzheng
91,13644972,taopy2,"2025-06-06 20:21:22",28.2,22,taopy2
92,13665641,"pysong wang","2025-06-06 02:49:55",28.2,2,pysongwang
93,13692707,CWK,"2025-06-06 02:52:02",28.2,35,supercwk
94,13838536,我的👁就是📏,"2025-06-06 03:10:38",28.2,3,digiranger
95,13706532,"New bee","2025-06-06 03:20:32",28.2,3,shenshiyun
96,13851955,WhyData,"2025-06-06 03:58:03",28.2,5,whydata
97,13646226,Oralia,"2025-06-06 04:17:42",28.2,26,oralia
98,13858614,"NO OVERFIT PLEASE","2025-06-06 09:42:25",28.2,6,huasteven
99,13636960,"SeshuRaju 🧘‍♂️","2025-06-06 04:44:26",28.2,61,seshurajup
100,13636691,"Rtx Pro 6000 Blackwell","2025-06-06 05:11:14",28.2,3,beckpro
101,13638445,Panda,"2025-06-06 08:08:55",28.2,10,faykudbq
102,13638717,"THUNDER THUNDER","2025-06-06 05:25:20",28.2,7,thunderthunder
103,13917477,weige,"2025-06-06 05:29:31",28.2,2,"victoriav01,weishida"
104,13686263,RenWaTake,"2025-06-06 05:34:58",28.2,50,kzptij
105,13885600,zhudong1949,"2025-06-06 05:39:04",28.2,2,zhudong1949
106,13721889,"water joe","2025-06-06 12:40:37",28.2,10,waterjoe
107,13891353,HK,"2025-06-06 05:56:11",28.2,2,hizurukonishi
108,13862851,LU,"2025-06-06 06:01:28",28.2,3,wangluping
109,13895461,zwhyznhy,"2025-06-06 06:09:44",28.2,8,zwhyznhy
110,13685355,"Hussein Dawood","2025-06-06 06:12:30",28.2,14,hussiendaoud
111,13750680,"Aaron Zhang","2025-06-06 06:13:58",28.2,6,yutongzhang20080108
112,13933293,Hamachi,"2025-06-06 06:23:40",28.2,1,hamatz
113,13928855,"Jowaria Taj","2025-06-06 07:33:04",28.2,3,"jowariataj,mohammadasjadkhan"
114,13858219,refine123,"2025-06-06 08:48:17",28.2,7,refine123
115,13726786,"Goldi Lee","2025-06-06 07:23:57",28.2,4,goldilee
116,13932642,Yeshenyue,"2025-06-06 07:31:56",28.2,1,yyysss1
117,13737174,n-kanazawa,"2025-06-06 07:40:26",28.2,13,nkanazawa
118,13887340,"Yudong Wang","2025-06-06 07:42:47",28.2,1,dawnkin
119,13903656,屋长,"2025-06-06 07:48:36",28.2,26,wenshuowang0
120,13809693,"Kaixuan Yang","2025-06-06 07:51:39",28.2,6,jijingdeyi
121,13917575,麻辣香郭,"2025-06-06 07:56:33",28.2,1,guoyixian2
122,13656292,任文潮,"2025-06-06 08:17:39",28.2,1,wenchaoren
123,13851894,"Oliver #2","2025-06-06 08:18:50",28.2,3,wangzn0410
124,13932639,Kerta,"2025-06-06 08:29:11",28.2,1,kerta27
125,13805030,Kurouto,"2025-06-06 08:33:37",28.2,1,tanakashintaro
126,13933741,Xunden,"2025-06-06 08:34:55",28.2,1,xunden
127,13639647,da_pond,"2025-06-06 08:35:45",28.2,5,dapond
128,13730412,JezzLin,"2025-06-06 08:57:35",28.2,2,jezzlin
129,13825431,shimokawatoko,"2025-06-06 09:22:13",28.2,6,nekochandata
130,13815398,XiaYuxuan,"2025-06-06 10:12:51",28.2,1,xiayuxuan
131,13700968,Tia,"2025-06-06 10:15:33",28.2,11,owo123456
132,13794857,aifatkullina,"2025-06-06 19:35:34",28.2,19,aifatkullina
133,13659728,"Akira Hirohashi","2025-06-06 10:45:37",28.2,10,akirahirohashi
134,13893827,"Kunal Aarse","2025-06-06 11:07:43",28.2,10,kunalinfinite
135,13905164,kumanomi,"2025-06-06 11:13:17",28.2,5,kkkggg
136,13934380,greedsearch,"2025-06-06 11:16:02",28.2,1,greedsearch
137,13926239,IBUKI,"2025-06-06 11:19:01",28.2,2,tuuree
138,13832297,"Nat Bel ML Fun","2025-06-06 12:03:02",28.2,6,natbel4ml
139,13920120,"works fine","2025-06-06 12:29:43",28.2,2,worksfine
140,13641475,LY,"2025-06-06 12:49:47",28.2,18,lychoon
141,13883282,T.SHIGA,"2025-06-06 13:30:06",28.2,3,takumashiga
142,13932893,ytfj,"2025-06-06 14:05:49",28.2,1,yyyfff121
143,13772128,waticson,"2025-06-06 14:12:24",28.2,5,yutodennou
144,13740019,akoynk,"2025-06-06 14:43:47",28.2,6,akoynk
145,13846746,Miao,"2025-06-06 14:57:41",28.2,4,weijiemiao
146,13756393,"Guillermo Perez G","2025-06-06 15:00:49",28.2,21,guillermoperezg
147,13640645,"Jack JK Lam","2025-06-06 16:43:22",28.2,19,jamesjklin
148,13873700,TianMing,"2025-06-06 15:20:14",28.2,2,potonglantie93
149,13641738,"Jamal Saeedi","2025-06-06 15:34:16",28.2,2,jamalsaeedi
150,13642248,"Xingyu Deng","2025-06-06 15:49:17",28.2,13,"jainadarsh786,xingyudeng"
151,13644902,"Bill Fan","2025-06-06 15:50:04",28.2,16,billfan88
152,13920221,sunagimon,"2025-06-06 15:50:55",28.2,3,sunagimon
153,13823830,"von Mainstein","2025-06-06 15:55:26",28.2,10,"aryanvc,vonmainstein"
154,13933385,"Zack Lews","2025-06-06 16:58:36",28.2,49,"akashdeepo,zacklews"
155,13641019,BJBA99,"2025-06-06 18:43:22",28.2,13,bjba99
156,13748754,OMX,"2025-06-06 18:04:12",28.2,19,bossjack
157,13922565,kotaku,"2025-06-06 18:31:13",28.2,3,kotaku
158,13759317,"Loric Bobon","2025-06-06 18:34:22",28.2,6,loricbobon
159,13638180,"Vaibhav Sharma","2025-06-06 18:43:55",28.2,17,vaibhavsharma3012
160,13856686,JJ,"2025-06-06 19:05:46",28.2,4,jerry4083
161,13896115,"Diptyajit Das","2025-06-06 20:11:02",28.2,4,diptyajitdas
162,13648987,YassY_The_AlchemYst,"2025-06-06 19:09:47",28.2,11,yassineelhallaoui
163,13934511,Ogurtsov,"2025-06-06 13:48:23",28.2,1,ogurtsov
164,13830515,zw,"2025-06-06 15:47:25",28.2,1,wushaodong
165,13638015,"Mathurin Aché","2025-06-04 12:21:20",28.2,42,mathurinache
166,13924456,Arithmophobia,"2025-06-05 04:02:22",28.2,4,somisawa
167,13655255,ksr,"2025-06-03 09:00:23",28.2,40,koshirosato
168,13652056,〰️〰️〰️〰️〰️〰️,"2025-05-31 20:04:13",28.2,1,darraghdog
169,13725077,"cuda is all you need","2025-06-03 02:23:47",28.3,18,aichangeworld
170,13709664,yoyololo,"2025-06-06 07:32:24",28.3,27,jiaoyouzhang
171,13893430,Raijin,"2025-06-06 09:57:58",28.3,8,vencerlanz09
172,13667838,zx,"2025-06-04 09:15:15",28.5,11,hustzx
173,13933566,"Zhang Haonan","2025-06-06 18:49:16",28.5,4,zhhaon
174,13776122,Ouranos,"2025-06-06 09:18:32",28.5,49,ouranos
175,13917569,_z0x0zn,"2025-06-05 20:39:15",28.6,7,"x14nuy,z0x0zn"
176,13840163,"Jeroen Cottaar","2025-06-06 11:25:27",28.6,14,jeroencottaar
177,13678268,MGöksu,"2025-06-05 16:40:52",28.7,31,mgoksu
178,13787732,"The  Unforgiven7","2025-06-04 03:17:02",28.8,11,theunforgiven7
179,13709094,"Nakanishi Wataru","2025-06-06 05:33:54",28.8,11,nakanishiwataru
180,13831325,"Vitaly Kudelya","2025-06-04 08:00:20",28.8,23,vitalykudelya
181,13828379,kazukazupi,"2025-06-05 08:30:38",28.8,10,kazukazupi
182,13641837,"Ángel Jacinto Sánchez Ruiz","2025-06-06 00:30:03",28.8,3,sacuscreed
183,13759938,takkawa,"2025-06-06 01:45:32",28.8,24,takkawa
184,13921511,Kawa,"2025-06-05 03:38:16",28.8,4,ddoraemon
185,13651617,Kurokawa,"2025-06-05 11:48:34",28.8,14,mkurokawa
186,13692613,fpecc,"2025-06-06 15:28:41",28.8,59,fpeccia
187,13820008,sasha,"2025-06-05 14:07:20",28.8,10,tentasasaya
188,13802487,DingSang,"2025-06-06 06:48:18",28.8,6,dingsang
189,13643971,hengck23,"2025-06-04 14:53:20",28.8,4,hengck23
190,13670878,"Johnny Hyland","2025-06-05 19:11:08",28.8,38,johnnyhyland
191,13689449,"Fahd Alghanim","2025-06-04 17:13:54",28.8,66,fahadalgorithm
192,13649663,YYYYYY,"2025-06-04 02:03:51",28.8,23,"ethanycw,menghezhai,yanggongchi"
193,13640810,Bartley,"2025-06-02 18:31:58",28.8,5,brendanartley
194,13916626,"Vincent Schuler","2025-06-03 07:30:50",28.8,3,vincentschuler
195,13636447,"How to break69 💥","2025-06-02 23:22:07",28.8,20,"and0oo,haruiig,ryogofunahashi"
196,13735987,Jimbojetset,"2025-06-05 20:53:51",28.8,2,jwhamilton
197,13724392,"Break 30","2025-06-02 21:06:54",28.8,14,dan5280
198,13725685,"Team Epoch","2025-06-05 10:22:58",28.8,37,"diederikdekker,felipebello,laurakli,maciejodziski,mjarosz"
199,13788880,"Gao Xin","2025-06-02 21:26:23",28.8,16,koukinn
200,13791272,"Mahmoud Elshahed","2025-06-03 01:41:23",28.8,25,letemoin
201,13643024,"Kumar Abhijeet","2025-06-02 22:08:16",28.8,14,krabhijeet
202,13676934,reni,"2025-06-05 13:56:52",28.8,35,refv00
203,13916921,MustafaA,"2025-06-04 08:18:24",28.8,2,mustafaa
204,13851901,donaldxu,"2025-06-03 00:56:11",28.8,7,abc1705
205,13820122,Yallon,"2025-06-03 01:02:18",28.8,4,yangq369
206,13874990,kueno,"2025-06-03 04:19:28",28.8,4,kuenoo
207,13917340,zxyaids,"2025-06-03 01:32:56",28.8,1,zxyswds
208,13858733,kitsune,"2025-06-03 09:06:21",28.8,9,yutake
209,13904939,tinkei,"2025-06-03 01:44:08",28.8,4,tinkei
210,13730033,Koi,"2025-06-03 07:01:17",28.8,7,flashba
211,13917433,"Ahmed Samir","2025-06-03 02:01:57",28.8,1,ahmedsamir1598
212,13661501,PaiPai,"2025-06-03 02:19:02",28.8,6,dayage
213,13810744,Wayne_127,"2025-06-03 02:19:35",28.8,9,wayne127
214,13858100,"Wise Fancy","2025-06-03 02:42:02",28.8,3,wisefancy
215,13750760,xj,"2025-06-03 02:54:26",28.8,6,xjj1234
216,13885893,Ren_si_yi0905,"2025-06-03 05:01:22",28.8,4,rensiyi0905
217,13636974,pop,"2025-06-03 05:00:08",28.8,59,yolov5ssd
218,13880112,"Qianyu Zhang","2025-06-05 13:42:52",28.8,8,z5542123
219,13656123,Niclo,"2025-06-03 03:40:02",28.8,38,midcarryhz
220,13684742,vht1230981255,"2025-06-03 04:34:29",28.8,9,vht1230981255
221,13637651,kmn,"2025-06-03 05:09:04",28.8,18,kmatsu01
222,13663061,"Van-Phuc Huynh","2025-06-03 07:10:57",28.8,2,hvanphucs112
223,13651400,AdhokshajaPradeep,"2025-06-03 07:17:48",28.8,44,adhok93
224,13792816,"Shangjie Wang","2025-06-03 07:28:01",28.8,9,shangjiewangw3
225,13898132,"Kazuma Identity","2025-06-03 08:15:53",28.8,2,kazumaidentity
226,13822283,"SAMIUL ISLAM","2025-06-03 08:26:26",28.8,7,samiulislam180041221
227,13639151,"Muhammad Qasim Shabbir","2025-06-03 09:35:09",28.8,28,muhammadqasimshabbir
228,13911722,"YUSUKE YOSHIOKA","2025-06-04 13:37:13",28.8,4,yusukeyoshioka
229,13817515,"Yin Qiwei","2025-06-03 09:48:56",28.8,6,qiweiyin
230,13821520,samu2505,"2025-06-03 09:50:54",28.8,3,samu2505
231,13721613,masa-suke,"2025-06-03 09:58:16",28.8,17,masasuke
232,13817282,Mehedi,"2025-06-03 15:54:50",28.8,13,mehedi457
233,13792152,"Maxim Ilyin","2025-06-03 10:00:34",28.8,3,fautei
234,13861389,"Ifeoluwa Adewumi","2025-06-03 10:15:15",28.8,3,ifeadewumi
235,13864959,Satoshi_SsSs,"2025-06-03 15:31:37",28.8,3,satoshissss
236,13704584,"nasila saeednejad","2025-06-03 11:23:26",28.8,15,nazilasaeednejad
237,13767330,"wu qiqi","2025-06-03 10:38:20",28.8,1,wuqiqi1995
238,13817689,ammo,"2025-06-03 10:46:16",28.8,9,"gavrisas,thypogean"
239,13918305,kumk,"2025-06-03 11:05:05",28.8,1,kknagoya
240,13919793,"Ivan Aleksandrov","2025-06-03 12:19:25",28.8,1,ivanblch
241,13638117,lcx,"2025-06-03 13:46:04",28.8,1,chengxinliang
242,13920015,tokiwa,"2025-06-03 13:49:46",28.8,1,tokkiwa
243,13919934,Austro,"2025-06-03 14:13:41",28.8,1,austro
244,13907093,setsuhei,"2025-06-03 14:51:41",28.8,2,kaomori
245,13704772,"Ali Ai","2025-06-03 14:52:39",28.8,14,aliai21century
246,13757288,a_iida,"2025-06-03 15:15:14",28.8,3,lk8403i
247,13879539,"Afridi Jubair (Uthso)","2025-06-03 15:56:00",28.8,5,afridijubairuthso
248,13650898,"Duo Leveling","2025-06-03 16:22:07",28.8,21,"carlosgdcj,lucascandianisouza"
249,13734602,"Momoko Yan","2025-06-03 16:57:48",28.8,6,momokoyan
250,13853646,yyyyd,"2025-06-03 17:03:16",28.8,3,wyydkaka
251,13885902,wnmgrn,"2025-06-03 17:24:01",28.8,3,wnmgrn
252,13921236,arunamenon,"2025-06-03 17:36:28",28.8,1,arunamenon
253,13763756,"Nguyễn Đức Dương","2025-06-03 17:53:44",28.8,3,nguyncdngs
254,13882547,"Abdellahi Ahmed Zerough","2025-06-03 18:22:28",28.8,1,abdellahizerough
255,13921575,Nguyen,"2025-06-03 19:10:09",28.8,1,nguyennguyen599
256,13785791,"Peter Falke","2025-06-03 19:27:28",28.8,8,peterfalke
257,13771888,"Emmanuel Mireku","2025-06-05 07:37:45",28.8,6,eldermireku
258,13709463,shoji,"2025-06-04 00:35:52",28.8,11,shoiwa
259,13805425,Solid_Sea,"2025-06-04 01:59:41",28.8,4,solidsea
260,13640219,today,"2025-06-04 02:14:05",28.8,11,today55
261,13653883,"Lei Wang","2025-06-04 02:22:47",28.8,26,cherylwang
262,13777034,Isao,"2025-06-06 09:27:31",28.8,5,utm529fg
263,13887374,oops,"2025-06-04 03:43:32",28.8,2,"britishsamurai,harutokotou,pepushi,ryunosuke0718g"
264,13734422,"Raj Kumar Singh","2025-06-06 18:15:30",28.8,36,raj26singh
265,13923351,ko,"2025-06-04 05:44:01",28.8,1,koyyy0
266,13861405,"Saman Fatima","2025-06-04 12:59:30",28.8,3,samanfatima7
267,13667445,"Martin Mbalkam","2025-06-04 06:53:25",28.8,7,martinmbalkam
268,13852988,Consulting,"2025-06-04 07:32:37",28.8,3,"aran1218,shogoo9"
269,13717068,"SUN Chongyuan","2025-06-04 07:30:47",28.8,12,sunchongyuan
270,13641413,datnt114,"2025-06-04 08:00:07",28.8,4,kingkong153
271,13639748,sshiyu,"2025-06-04 08:41:25",28.8,7,sshiyu
272,13648998,"Arshia Gha","2025-06-04 08:58:31",28.8,8,arshiagha
273,13924303,zephon993,"2025-06-04 09:10:03",28.8,1,zephon993
274,13641761,Lonnie,"2025-06-04 09:44:50",28.8,93,lonnieqin
275,13909798,"Vishal Vetcha","2025-06-04 10:15:55",28.8,2,vishalvetcha
276,13911235,"dragon zhang","2025-06-04 11:12:12",28.8,1,dragonzhang
277,13650329,riicon,"2025-06-06 10:41:53",28.8,50,risakashiwabara
278,13925077,モモンガ,"2025-06-04 15:38:41",28.8,3,momongataisa
279,13681337,AkiraIshikawa,"2025-06-04 21:33:32",28.8,21,akiraishikawa
280,13925820,"Scouts Jim","2025-06-04 14:26:38",28.8,1,scoutsjim
281,13636813,j9hn,"2025-06-06 16:43:16",28.8,4,jaejohn
282,13784970,Kaggoo,"2025-06-04 16:32:58",28.8,6,lpachuong
283,13858266,Danjiri,"2025-06-04 16:40:52",28.8,1,tantaiko
284,13790443,Luxuer,"2025-06-04 16:43:04",28.8,2,luxuer
285,13803951,PraMamba,"2025-06-04 18:15:45",28.8,1,pramamba
286,13926808,sam_the_rice_cake,"2025-06-04 19:15:16",28.8,2,wliilamsam
287,13643291,"Giovanni Marco Dall'Olio","2025-06-04 20:22:05",28.8,9,dalloliogm
288,13927104,"Nathan Cho1234","2025-06-04 20:31:32",28.8,1,nathancho1234
289,13651884,"Joakim Arvidsson","2025-06-06 02:15:43",28.8,5,joebeachcapital
290,13927494,"Zheng Zihao","2025-06-04 23:09:05",28.8,1,asherzihaozheng
291,13916833,"Yuta Yamazaki","2025-06-05 02:04:27",28.8,1,yamayuu18
292,13857542,larry54321zhao,"2025-06-06 15:11:39",28.8,3,larry54321zhao
293,13927918,"Chaipat Tirapongprasert","2025-06-05 02:42:09",28.8,1,chaipat
294,13895569,"Zack M123","2025-06-05 03:00:01",28.8,7,zackm123
295,13852685,"Bianco Chiu","2025-06-05 05:07:56",28.8,3,biancochiu
296,13928369,zxccvvvv,"2025-06-05 05:25:14",28.8,1,zxccvvvv
297,13638162,"Ibuki Inomata","2025-06-05 06:21:20",28.8,33,ibukiinomata
298,13644403,"Santiago Mota","2025-06-05 06:40:51",28.8,10,santiagomota
299,13853142,"Victor Kapkaev","2025-06-05 06:44:01",28.8,1,victorkapkaev
300,13928730,"Shunsuke Hayashi1993","2025-06-05 07:18:05",28.8,1,shunsukehayashi1993
301,13892196,john1q,"2025-06-05 07:51:16",28.8,1,zhanibekmanabayev
302,13640644,"Miss Qiu","2025-06-05 08:17:36",28.8,7,liuhaixu
303,13852674,aobayamonokuma,"2025-06-05 08:49:05",28.8,2,lingyujiang
304,13928861,Dev77,"2025-06-05 08:54:18",28.8,1,devgupta77com
305,13860134,Nakapen,"2025-06-05 09:59:57",28.8,4,ynakapen
306,13929590,"Rabia Mushtaq","2025-06-05 10:49:30",28.8,2,rabiya335
307,13929493,Nvanhieu15,"2025-06-05 11:09:13",28.8,1,nvanhieu15
308,13850527,"jinjie Qiu","2025-06-05 11:44:31",28.8,4,jinjieqiu
309,13664997,Vibhatsu,"2025-06-06 13:37:01",28.8,31,vibhatsu
310,13930192,I.Tatsuya,"2025-06-05 15:13:31",28.8,2,tatuya44
311,13927601,murashow,"2025-06-05 14:43:52",28.8,1,murashow
312,13930966,tingyu516,"2025-06-06 18:00:37",28.8,4,tingyu516
313,13649700,hyelioz,"2025-06-05 16:16:30",28.8,12,hyelioz
314,13852811,HyperbolicCurve,"2025-06-05 16:46:00",28.8,2,hyperboliccurve
315,13931284,KentaTanaka,"2025-06-05 17:29:43",28.8,2,kentatanaka1data
316,13638230,Mag-Rho,"2025-06-05 17:08:07",28.8,17,"jinmiyashita,kotarokatsukura,takaito"
317,13835315,"Kazuma Takahashi","2025-06-05 22:08:45",28.8,3,josephkz
318,13651766,Giba,"2025-06-05 18:39:13",28.8,1,titericz
319,13894516,"work work","2025-06-05 19:20:11",28.8,1,saidkoussi
320,13659974,"Pavel Pavlov","2025-06-05 20:44:45",28.8,7,akakii
321,13932100,"Mohamed Eltayeb","2025-06-05 22:19:52",28.8,2,mohammad2012191
322,13649726,yuki,"2025-06-06 02:51:55",28.8,2,yuki1120
323,13930078,uwa,"2025-06-06 03:22:30",28.8,2,uwaovo
324,13882273,cswwp,"2025-06-06 08:51:24",28.8,1,cswwp347724
325,13660807,PhoenixTune,"2025-06-06 12:05:16",28.8,8,sviatoslavborodachev
326,13878165,心牧AlixMu,"2025-06-06 13:00:49",28.8,5,alixmu
327,13770735,rootenter,"2025-06-06 15:34:54",28.8,2,rootenter
328,13650462,Vitor,"2025-06-04 00:39:26",28.8,23,vitormeurerbesen
329,13859944,Lunran,"2025-06-06 16:02:10",28.8,4,lunran
330,13929904,"Tong Rue","2025-06-05 11:16:40",28.8,1,extraxim
331,13797028,"Ayusman Samasi","2025-06-05 13:10:15",28.8,1,samasiayushman
332,13649796,lyu,"2025-06-06 13:23:06",29.0,31,zhuwanglju
333,13920837,Kara,"2025-06-03 17:21:16",29.0,4,drchenb
334,13636847,融了再说💥,"2025-06-01 08:46:02",29.6,49,"guoooooooss,zui0711"
335,13877268,"Fangsion Fang","2025-06-06 04:28:02",30.1,1,fangsionfang
336,13654795,"Đào Thành","2025-06-05 12:25:05",30.4,49,studysmart
337,13636512,greySnow,"2025-06-02 16:36:26",31.6,30,shlomoron
338,13817992,"Tomomu Iwai","2025-06-04 01:09:07",31.6,6,tomotomo5
339,13662472,"Gauthier Avite","2025-06-01 11:13:14",31.7,7,"gauthieravite,juliengenzling"
340,13689632,hely,"2025-05-23 13:54:57",32.3,3,"heluoyan,onefay,wuleo1,yigong0217,zoraachen"
341,13710580,minghigh,"2025-06-01 05:34:02",32.6,17,minghigh
342,13653032,"Egor Trushin","2025-06-02 14:56:37",32.9,78,egortrushin
343,13896269,"Neo Drive","2025-06-01 03:33:42",33.0,2,neodrive
344,13637127,"Anh Bui","2025-05-25 16:53:44",33.2,53,bibanh
345,13772687,Xenny,"2025-05-25 06:23:10",33.2,5,xennyalbum
346,13723629,"Nicolae Cadin","2025-06-03 19:09:39",33.2,10,nikolaikk
347,13636402,"ANON TOKYO","2025-06-05 18:19:15",33.2,26,caichilin
348,13698985,bestloveELLA,"2025-05-31 02:04:54",33.2,14,"dongcookies,muyouqian4"
349,13872979,"Roy Segalz","2025-05-27 16:02:07",33.2,3,roysegalz
350,13902650,Wit_2005,"2025-06-01 11:37:45",33.2,2,witt2005
351,13889560,"Junlin Wang","2025-06-06 08:46:09",33.2,16,junlinwang96
352,13653415,"Tyler Feemster","2025-05-22 17:28:46",33.2,6,tylerfeemster
353,13664365,Optimistix,"2025-05-22 19:34:59",33.2,4,optimistix
354,13861313,"Alex GUAN","2025-05-31 04:40:21",33.2,4,guanyuzhen
355,13658969,shanzhong8,"2025-05-22 18:26:23",33.2,3,shanzhong8
356,13670837,"Abdullah Meda","2025-05-23 01:30:14",33.2,12,"abdullahmeda,ahmadmeda"
357,13657895,"Ivan Vorfolomeev","2025-05-22 20:32:08",33.2,22,ivanvorfolomeev
358,13661321,"Nathaniel Shimoni","2025-05-22 22:44:49",33.2,14,interesting
359,13852931,MMMMok,"2025-05-26 09:19:29",33.2,11,mmmmok
360,13724781,"Shane Wang","2025-05-23 01:57:48",33.2,4,heroblast
361,13790363,Steven_Y,"2025-05-23 02:34:08",33.2,4,yyyu54
362,13862731,Rakuwa,"2025-05-23 02:42:34",33.2,1,rakuwa
363,13640721,小赛尔,"2025-05-23 03:40:31",33.2,5,shadowbrightness
364,13709278,XYJ0904,"2025-05-23 04:17:32",33.2,3,"hezeao,weilixie,xyjinthu,zhangshipan"
365,13837589,"Zhiyuan Zheng","2025-05-23 04:44:00",33.2,2,stephmorant
366,13816822,RYOTA040,"2025-05-28 16:06:46",33.2,5,ryota040
367,13637798,Leo,"2025-05-23 06:04:26",33.2,3,leo123321
368,13863440,yueming,"2025-05-23 06:17:47",33.2,1,yuemingyue
369,13637405,"Nathan Barkdull","2025-05-23 07:23:36",33.2,13,nathanbarkdull
370,13654433,"Zejie Zhang","2025-05-23 09:09:30",33.2,11,zejiezhang
371,13801351,"Y. Shirai (TYO)","2025-05-23 13:38:26",33.2,3,yshiraityo
372,13859450,abababa,"2025-05-27 05:45:35",33.2,4,ysqdababa
373,13641765,"Arash karoudi","2025-05-28 09:54:46",33.2,25,arashkaroudi
374,13702789,AA,"2025-05-28 04:38:47",33.2,31,sol2019
375,13735116,"MINHAZ CHOWDHURY","2025-05-23 18:20:13",33.2,1,minhazengg
376,13866231,"Baseline Junkie","2025-05-23 18:35:54",33.2,2,dolphininacoma
377,13866469,"Jingnan Wang","2025-05-27 16:03:32",33.2,22,chriistywang
378,13679774,Jh.Wang,"2025-05-23 20:28:34",33.2,3,wangjinghui
379,13637211,"Seeing Times","2025-05-24 01:31:16",33.2,1,seeingtimes
380,13639042,Dna,"2025-05-24 02:12:49",33.2,2,gygyygygy
381,13636366,MAGURO,"2025-05-24 11:04:14",33.2,43,ozhiro
382,13786945,"Alexander  Larko","2025-05-24 07:42:15",33.2,1,alexxanderlarko
383,13860008,umineko_kirie,"2025-05-30 10:49:12",33.2,3,uminekokirie
384,13763802,Earth,"2025-05-24 09:02:51",33.2,1,earthearth
385,13641173,seven,"2025-05-24 10:07:46",33.2,22,morikawatakeshi
386,13655874,"Naitik Kariwal","2025-05-24 10:39:03",33.2,7,naitikkariwal
387,13657734,mcwema,"2025-06-02 13:15:11",33.2,19,mcwema
388,13644745,MICADEE,"2025-05-28 14:12:00",33.2,3,adegladius
389,13698615,"yousef Elshahat","2025-05-25 19:58:52",33.2,5,yousefelshahat2
390,13871013,"Micael Trevizan","2025-05-28 16:02:42",33.2,5,micaeltrevizan
391,13871349,Chino,"2025-05-25 06:30:48",33.2,1,chino39
392,13871535,LeeVvin,"2025-05-25 07:32:15",33.2,1,leevvin
393,13641236,shionao🐶🍶,"2025-05-25 08:06:47",33.2,4,shionao7
394,13871383,"Abdul Malik Ajibade","2025-05-25 09:39:00",33.2,1,abdulmalikajibade
395,13872094,"Yao Sihang","2025-05-25 10:13:58",33.2,1,huahai999
396,13848897,在一瞬间,"2025-05-27 15:21:05",33.2,7,wcc2495221523
397,13636437,"Mirza Milan Farabi","2025-05-25 13:53:36",33.2,9,mirzamilanfarabi
398,13731844,MightyK,"2025-05-25 22:18:36",33.2,1,anhhkhoi
399,13706087,ttt44,"2025-05-26 01:52:21",33.2,9,takayukiishibahsi
400,13875108,"Chuancheng Shi","2025-05-26 12:58:25",33.2,2,chuanchengshi
401,13875596,"Zie Chan","2025-05-26 04:58:20",33.2,1,ziechan
402,13680042,Sandust,"2025-05-26 06:23:24",33.2,16,sandust
403,13872321,"Chaitanya Musale","2025-05-26 09:34:57",33.2,1,chaitanyamusale
404,13842991,Yuki.O,"2025-05-26 10:12:01",33.2,1,yukiohkawa
405,13733803,mogura2.0,"2025-05-26 10:24:42",33.2,9,mogura20
406,13876547,liosnp,"2025-05-26 12:07:26",33.2,1,liosnp
407,13866757,yaoyi1992,"2025-05-31 22:50:05",33.2,3,asiknow
408,13807095,TeraFlops,"2025-05-26 12:58:35",33.2,1,sekrier
409,13656410,"Kaiser Mukhtiar","2025-05-26 14:11:44",33.2,10,kaiserm
410,13879433,DC_dachuan,"2025-05-26 20:22:14",33.2,1,dcdachuan
411,13879882,rc95401,"2025-05-26 23:18:07",33.2,1,rc95401
412,13806663,gaoyang,"2025-05-27 03:43:36",33.2,1,gaoyang01
413,13882667,"SENHAO ZAHO","2025-06-04 00:38:52",33.2,34,senhaozaho
414,13862282,SUPERadonai,"2025-05-27 12:30:21",33.2,1,trumpadonai
415,13636317,"Toph Beifong","2025-05-27 13:59:10",33.2,14,"ahmedmokeddem,del=57f7fd2e0b305f75,meddhifallah"
416,13808236,"Saikat Mondal","2025-05-27 16:57:28",33.2,4,saikatiitkgp
417,13688143,SaM,"2025-05-29 10:04:10",33.2,10,mehaanjain
418,13638407,"Kamal Das","2025-05-28 02:12:26",33.2,9,kmldas
419,13852173,loewen-hob,"2025-05-28 04:34:50",33.2,4,kaideijidezxb
420,13639239,Ali,"2025-05-28 08:22:19",33.2,7,asalhi
421,13685322,xsong2020,"2025-05-28 05:55:10",33.2,5,xstargate
422,13886222,"Abhinav Sharma","2025-05-28 09:05:18",33.2,1,abhinavsharma0706
423,13886916,yoshio13,"2025-05-28 09:12:43",33.2,1,yoshio13
424,13815711,EarthXtract,"2025-05-28 09:55:22",33.2,3,"dingshuna,jessiemoh,laviniamaryy,thebalanceder"
425,13887502,"Marat Saibodalov","2025-05-28 10:39:40",33.2,1,goldenprada
426,13886679,agenlu,"2025-05-28 11:59:41",33.2,1,agenlu
427,13697903,"Byte Learn","2025-05-28 14:23:07",33.2,7,"ishansharma9999,rudradityathakur"
428,13877383,Minamiiiiiiiiiii,"2025-05-28 13:48:04",33.2,1,minamiiiiiiiiiii
429,13811002,arf314,"2025-05-28 14:16:10",33.2,4,arf314
430,13889863,ksusha_sh666,"2025-05-29 07:06:02",33.2,3,ksushashorokh666
431,13890440,"Fae Gaze","2025-05-29 02:02:33",33.2,1,achievement
432,13691413,LightL.,"2025-05-29 03:20:20",33.2,2,lsxlsxlsx
433,13878991,tenten,"2025-06-06 04:41:07",33.2,2,takatoyoshikawa
434,13679425,islet,"2025-05-29 05:16:00",33.2,3,kojimar
435,13712444,Tian,"2025-05-29 09:39:06",33.2,1,tiandaye
436,13669231,"Miami drillers","2025-05-29 09:51:01",33.2,2,gendoso
437,13638262,"A & B & W","2025-05-29 10:15:45",33.2,16,"alexia0361,backpaker,lau01b,werus23"
438,13860013,"Rola Islait","2025-05-29 10:26:27",33.2,3,rolaislait
439,13889106,"Zihe Wang","2025-05-29 11:46:22",33.2,2,zihewang123456
440,13847051,"Mark Han","2025-05-29 12:29:58",33.2,1,restlessfish
441,13888416,takamiyamio,"2025-05-29 12:38:41",33.2,1,takamiyakurumi
442,13641739,"Daiki Seino","2025-05-29 15:06:31",33.2,10,"daikis,muon3658,shinyanike"
443,13893386,"Fabian Henning","2025-05-29 15:14:50",33.2,1,crustacean
444,13892732,"Yongwei Pan","2025-05-29 15:43:37",33.2,1,yongweipan
445,13797092,"Dmitriy Ch","2025-05-29 16:41:51",33.2,2,dmitriych
446,13707314,jan1000,"2025-05-29 17:48:02",33.2,2,jan1000
447,13895494,"TOUGH MIYAZAWA","2025-05-30 04:30:31",33.2,1,toughmiyazawa
448,13643542,"Kristian Gohi Bi","2025-05-30 07:00:24",33.2,2,kristiangohibi
449,13866386,Seismo,"2025-05-30 07:22:18",33.2,3,"rajarshi1729,ravindrakapse"
450,13896416,lntuzhaochen,"2025-05-30 08:38:59",33.2,1,lntuzhaochen
451,13659578,VJBrushe,"2025-05-30 11:51:28",33.2,1,vjbrushe
452,13893942,Tina,"2025-05-30 12:04:06",33.2,1,tinahe1995
453,13663096,cyberia,"2025-05-30 12:41:26",33.2,1,cyberia
454,13897494,MichaelTornaritis,"2025-05-30 14:16:21",33.2,1,tornari2
455,13645054,tpmeli,"2025-05-31 00:25:15",33.2,21,tpmeli
456,13644800,FWC,"2025-05-31 01:45:10",33.2,1,yuto2846
457,13871105,lovicq,"2025-05-31 05:56:52",33.2,1,lovicq
458,13901120,yutanosuke,"2025-05-31 09:41:33",33.2,1,yutanosuke
459,13844033,"Patryk Bujak","2025-05-31 14:11:57",33.2,1,patrykbujak301
460,13649508,PUN,"2025-05-31 15:21:49",33.2,33,pshikk
461,13751036,Spes,"2025-05-31 18:17:29",33.2,4,umutoncu
462,13902010,"Lawrence Chernin","2025-05-31 18:21:48",33.2,1,lawrencechernin
463,13906801,ChenMingming,"2025-06-01 01:24:04",33.2,2,chenmingming1981
464,13692448,"Dmitry Kozlov","2025-06-01 04:38:03",33.2,3,dkozlov
465,13902842,"Haru #2","2025-06-01 05:45:59",33.2,1,haruhisagoto
466,13646075,"Kumaran K","2025-06-01 10:16:39",33.2,19,kumarandatascientist
467,13900737,dairatom,"2025-06-01 12:15:37",33.2,1,dairatom
468,13863237,"Brent You","2025-06-02 02:18:56",33.2,2,challenger7777777
469,13671107,"YUSHI NAKAGAMI","2025-06-01 12:54:28",33.2,10,yushinakagami
470,13908878,"Anurag Roy","2025-06-01 13:04:07",33.2,1,binarybeast880
471,13665649,"Joe Penn","2025-06-01 15:20:56",33.2,7,penntagon
472,13801032,"Kevlar Chi","2025-06-01 15:23:12",33.2,1,kevlarchi
473,13911679,moat,"2025-06-01 23:01:48",33.2,1,itigo10303
474,13829473,kakuteki,"2025-06-02 02:28:20",33.2,6,kakuteki
475,13912389,UT,"2025-06-02 04:28:38",33.2,2,umedatomoki
476,13636614,"ISAKA Tsuyoshi","2025-06-02 05:17:10",33.2,1,isakatsuyoshi
477,13914256,"Wei Hao Khoong","2025-06-02 12:27:01",33.2,2,khoongweihao
478,13868645,wfy,"2025-06-06 11:02:46",33.2,6,wfy01786817282
479,13691265,Commit2Cosmos,"2025-06-03 06:13:13",33.2,1,mrdote
480,13862706,JoannaLi04,"2025-06-03 06:34:52",33.2,1,"joannali04,yanluoyang"
481,13919035,"HARRABI Raouf","2025-06-03 21:08:25",33.2,4,harrabiraouf
482,13895260,"Kohdai Inagaki","2025-06-04 01:07:16",33.2,1,kohdaiinagaki
483,13929389,yalegood,"2025-06-05 16:32:01",33.2,1,yalegood
484,13933710,M_Murata,"2025-06-06 07:42:01",33.2,1,masashimurata
485,13838214,karinkaito,"2025-06-06 14:25:50",33.2,1,karinkaito
486,13787643,"maimai rice","2025-05-27 09:15:58",33.3,4,"kazukitanami,maimairice"
487,13699734,ohkawa3,"2025-06-05 23:51:26",33.3,9,chack3
488,13902754,th3y3llowbird,"2025-06-01 05:36:09",33.3,1,tiquasar
489,13637161,senkin13,"2025-05-23 11:59:44",33.4,45,senkin13
490,13897738,"Siddharth Karmokar","2025-06-04 21:25:51",33.8,1,siddharthkarmokar
491,13798574,"Nikita Rozhnev","2025-06-01 14:51:01",34.4,5,achilles38
492,13733554,OnixFWI,"2025-06-06 13:35:36",34.9,84,"jdromerom,miguelngelcorrales,mustafayf"
493,13709856,"Nischay Dhankhar","2025-05-27 18:14:29",35.1,2,nischaydnk
494,13664983,"pencil red","2025-05-22 07:09:31",35.7,19,pencilred
495,13694837,Savy,"2025-05-23 00:06:33",35.9,64,savchenko
496,13645743,"Roshan Rateria","2025-05-22 07:45:20",36.4,21,roshanrateria
497,13636831,tetsuya,"2025-05-26 01:20:36",36.4,30,tetsuya3510
498,13667635,"PC Jimmmy","2025-05-24 15:03:49",36.4,86,pcjimmmy
499,13639516,Moggle,"2025-05-23 03:00:40",36.4,22,motokisatokaggle
500,13644325,jon.bill,"2025-05-20 20:33:51",36.4,1,iwilldoit
501,13851268,Jimmer_knai,"2025-05-20 21:53:04",36.4,1,przemysawonr
502,13653621,MatheusPSorancoCarvalho,"2025-05-20 22:54:28",36.4,3,matheussoranco
503,13852497,NODE,"2025-05-21 04:35:00",36.4,1,zyhchasel
504,13852544,XinTang132,"2025-05-21 04:56:25",36.4,1,xintang132
505,13852524,Alannikos,"2025-05-21 05:04:27",36.4,1,alannikos
506,13852687,"Dengzhe Hou","2025-05-21 05:30:34",36.4,1,monkeydz
507,13815318,Marquis03,"2025-05-21 05:31:28",36.4,2,marquis03
508,13717670,Arsalaan7,"2025-05-21 05:59:34",36.4,1,arsalaan7
509,13639114,SLi,"2025-05-21 07:30:19",36.4,4,shiyili
510,13645450,"pake akun siak saya aja mas","2025-05-21 09:23:14",36.4,17,rakbidb
511,13846931,x-creative,"2025-05-21 10:09:11",36.4,1,albert2017
512,13853937,nobody-Wang,"2025-05-21 10:42:40",36.4,1,nobodywangwang
513,13701584,"Laura Catalano","2025-05-27 15:08:03",36.4,59,lauracatalano
514,13652092,"Albert Wang","2025-05-21 14:25:51",36.4,3,mianwang1024
515,13854816,"SUN YONG","2025-05-21 15:18:52",36.4,1,jerrysy
516,13654523,"Ian Herve","2025-05-21 15:38:10",36.4,15,ianchute
517,13661794,incognito!,"2025-05-21 16:28:11",36.4,2,"ahsenniaz,mohib94"
518,13703909,mist665,"2025-05-21 23:12:52",36.4,6,mist665
519,13795299,zinebrafik,"2025-06-01 09:09:04",36.4,2,zinebrafik
520,13652126,"Feida Wei","2025-05-22 00:22:26",36.4,1,feidawei
521,13688011,justin1357,"2025-05-22 01:53:57",36.4,2,justin1357
522,13757473,"Ming Fong","2025-05-22 02:46:30",36.4,7,evilpegasus
523,13858689,"Antonio Tropiano","2025-05-22 08:31:33",36.4,1,tropianhs
524,13660027,jiahaopengX,"2025-05-22 09:41:58",36.4,1,jiahaopengx
525,13729597,akahane,"2025-05-28 11:49:49",36.4,50,shuheiakahane
526,13695198,Aria,"2025-05-22 11:28:48",36.4,5,ariafschneider
527,13658503,"MR RRR","2025-05-22 15:46:45",36.4,10,larrylin666
528,13855138,xcape74,"2025-05-22 21:19:57",36.4,5,xcape74
529,13637198,Ruby,"2025-05-06 09:33:59",36.7,5,w5833946
530,13741927,灵曜,"2025-05-30 17:59:22",37.3,10,wisley1024
531,13644670,"Yasser Othman","2025-06-02 13:29:04",37.6,35,yasserothman
532,13866704,genesogenesis,"2025-06-02 18:57:49",38.9,9,igorjovanovic
533,13677718,LyleW473,"2025-05-31 16:13:53",40.0,28,lylew473
534,13637185,DECEM,"2025-05-24 17:53:48",40.7,11,zy1343930734
535,13705137,147,"2025-05-28 13:11:31",41.1,14,tangtang1999
536,13902681,"Gowri Shankar Penugonda","2025-06-05 18:33:38",41.6,3,gowrishankarp
537,13682499,"Solo Diver","2025-06-02 17:23:32",42.1,3,stg44g3g36hk416hk417
538,13812016,Eric,"2025-06-02 10:50:29",44.2,9,ericguangkuo
539,13829752,orange,"2025-06-04 14:26:26",44.8,7,lumoumou
540,13636759,HideBu,"2025-06-06 14:28:13",46.0,3,hidebu
541,13640550,"Guanshuo Xu","2025-06-05 01:36:51",47.1,6,wowfattie
542,13636642,Lu-natics,"2025-05-16 00:17:24",48.8,13,"decoderliu00,eslee1685,jrshan,kangyuweng,mitchelldaneker"
543,13919685,"Amina Akrache","2025-06-03 13:35:22",49.0,1,mrxadmin
544,13656009,"Lucas Perret","2025-05-01 16:23:00",51.5,12,lperret
545,13636335,"🐢 Jun Koda","2025-06-05 14:01:23",53.7,6,junkoda
546,13862170,"Robin Smits","2025-06-03 20:38:02",55.4,23,rsmits
547,13784422,Elahi,"2025-05-17 17:37:26",57.2,1,mmelahi
548,13674175,TeamDD,"2025-05-21 00:12:10",57.5,17,"hirokitomiokamel,ht61251,intellygenta,miyuuuemura"
549,13732303,TDS-GWI,"2025-06-05 10:51:24",58.8,8,"hmc814,tmnwatanab"
550,13884463,kwa,"2025-06-05 12:52:53",59.1,6,ikaroskaggle
551,13659739,BIZEN250,"2025-05-18 02:41:48",59.8,55,bizen250
552,13742098,"Youhei Tomio","2025-05-20 00:37:23",60.3,16,youheitomio
553,13642048,"Su Thanh Cong","2025-05-14 06:07:43",60.9,3,suthcong
554,13816458,ThufailAhamedVJ,"2025-05-14 10:33:16",60.9,1,thufailahamedvj
555,13645651,creasac,"2025-05-14 13:20:29",60.9,4,timsinadipesh
556,13705447,"Ali Eghrari","2025-05-14 13:07:03",60.9,9,aalieghrari
557,13784956,Artrain,"2025-05-14 17:07:05",60.9,2,artrain
558,13795470,"Udit Jain","2025-05-16 01:23:14",60.9,1,iamudit
559,13649291,catcatbegin,"2025-05-16 05:33:49",60.9,2,catcatbegin
560,13827694,DHKim0324,"2025-05-16 10:53:58",60.9,4,dhkim0324
561,13831032,YusupovS,"2025-05-16 18:16:54",60.9,2,yusupovs
562,13831413,LuWang998,"2025-05-16 20:03:17",60.9,1,luwang998
563,13637183,"Bo Peng","2025-05-16 21:30:41",60.9,1,bopengiowa
564,13782349,"Quanchao Na","2025-05-17 02:01:46",60.9,8,quanchaona
565,13645785,"Saurav Das","2025-05-30 15:17:49",60.9,2,sauravdas101
566,13645577,Y.L.,"2025-05-18 13:37:36",60.9,1,likedl88
567,13643003,"Sadettin Şamil Verdil","2025-05-18 18:39:54",60.9,11,sadettinamilverdil
568,13705405,Geophysics_Colombia,"2025-05-19 01:03:12",60.9,2,kevinandrescontreras
569,13841627,"Pratham Jain","2025-05-19 07:01:11",60.9,1,kindasomethin
570,13835665,"Lecheng Yan","2025-05-21 09:32:32",60.9,4,lechengyan
571,13812154,mogmog,"2025-05-20 00:14:33",60.9,2,ryo1993
572,13672878,"Achref Jarray","2025-05-19 20:26:43",60.9,1,achrefjarray
573,13639099,ShihHsuanChen,"2025-05-20 10:55:11",60.9,5,shihhsuanchen
574,13846656,"Vlad Balanda","2025-05-20 22:30:58",60.9,1,bankhv
575,13641374,ananyaparmar7,"2025-05-23 16:46:30",60.9,1,ananyaparmar7
576,13874264,nothing,"2025-05-31 05:57:09",60.9,1,vencent
577,13902410,"Xiao Wang lntu","2025-06-02 10:45:34",60.9,1,xiaowanglntu
578,13680765,nhar,"2025-06-02 13:57:52",60.9,26,kehara
579,13742013,"Solo Leveling","2025-05-10 16:42:28",61.1,27,phngnguynvit
580,13640063,"Boat sink!","2025-04-29 15:12:21",61.9,28,yuanzhezhou
581,13637609,cjz,"2025-05-16 16:01:13",63.7,20,cjzccc
582,13694936,OV104SS,"2025-05-12 13:14:48",64.2,60,ov104ss
583,13859852,"bert vdb","2025-06-02 12:29:33",64.6,1,brtvandenbroeck
584,13642049,HimsAI7,"2025-05-30 16:35:49",64.8,12,himsai7
585,13751943,"Tian Qin","2025-05-09 03:40:36",65.6,14,qcer17
586,13771454,"Gasset Mathieu","2025-05-10 13:49:47",66.3,6,gassetmathieu
587,13689137,"Green Kedia","2025-05-12 17:58:54",66.5,29,greenkedia
588,13683007,varus1234,"2025-05-15 15:59:14",67.6,3,varusvarus
589,13771961,"Binh Duong","2025-05-08 12:54:32",69.1,1,duongthihoabinh
590,13643476,"Ömer Tanır","2025-05-10 02:50:58",69.7,4,tnr1337
591,13716749,Hehe,"2025-05-10 08:37:36",69.7,8,"prakhar1803,pulkit010"
592,13647374,"Jaisal K Jain","2025-05-10 10:07:11",69.7,5,jaisalkjain
593,13756937,MH,"2025-05-10 13:53:56",69.7,1,masakazuhiromatsu
594,13789356,mlfriend,"2025-05-20 07:00:08",69.7,20,mlfriend
595,13661231,Divyansh_Rastogi44,"2025-05-11 18:32:16",69.7,9,divyanshrastogi44
596,13637001,test_waveform,"2025-05-11 17:31:08",69.7,22,michaelsemenoff
597,13724124,"Paulo Pinto","2025-05-11 15:34:48",69.7,2,paulorzp
598,13777335,"Valerii Stoenko","2025-05-12 22:25:37",69.7,2,g1adius
599,13646308,"RODNEY MAWERO","2025-05-12 06:01:37",69.7,1,rodneymawero
600,13647224,"Kartik Garg","2025-05-12 08:11:39",69.7,2,bigochampion
601,13766443,Jules,"2025-05-12 11:16:54",69.7,2,julesvanligtenberg
602,13807049,Ailurophile,"2025-05-12 11:38:29",69.7,1,veeralakrishna
603,13648368,"Jehad Ur Rahman Khan","2025-05-12 18:24:22",69.7,36,jehadurrahmankhan
604,13636489,baellouf,"2025-05-13 10:53:46",69.7,4,baellouf
605,13655345,hisashi_h,"2025-05-13 08:49:41",69.7,2,hisashi
606,13758917,"Omar Al Suqri","2025-06-04 16:29:53",69.7,7,omaralsuqri
607,13760018,Cooper2222,"2025-05-13 15:57:49",69.7,2,cooper2222
608,13693279,MichaelHiggins212,"2025-05-13 18:50:48",69.7,18,michaelhiggins212
609,13813999,"Richer Zhao","2025-05-15 02:47:32",69.7,1,richerzhao
610,13815530,"ARTH AGRAWAL","2025-05-15 06:26:12",69.8,2,arthlol
611,13676062,Chaitanyagarg2,"2025-05-28 11:32:44",70.7,91,chaitanyagarg2
612,13719405,HAL,"2025-05-31 07:58:51",71.0,11,harukitk
613,13729941,wsc-MISX,"2025-05-12 07:35:21",72.7,8,wscmisx
614,13759408,"Antoniu Gugu","2025-05-09 14:58:22",73.1,1,antoniu
615,13679830,508shuto,"2025-05-06 14:07:43",74.4,15,goyashuto
616,13785736,TP,"2025-05-09 20:25:27",74.7,8,thpahn
617,13811652,"John Doe","2025-06-04 14:22:41",76.2,13,johndoe90843
618,13755261,"Ryan Clarke","2025-05-27 04:28:56",77.6,9,bonesclarke26
619,13697254,LeoD,"2025-05-07 00:22:55",78.9,2,leocd91
620,13642089,"Beckett Dillon","2025-05-03 06:16:34",78.9,7,beckettdillon
621,13639948,takai380,"2025-05-19 23:49:18",79.5,9,takai380
622,13639586,"Piotr Gabrys","2025-05-20 05:40:46",79.8,5,piotrekga
623,13659090,"Yuri Nakayama","2025-05-07 00:37:45",80.1,9,yurinakayama
624,13722999,Rib~,"2025-05-11 11:08:19",80.4,3,dc5e964768ef56302a32
625,13669656,"Mathieu DUVERNE","2025-05-07 08:46:28",80.9,1,mathieuduverne
626,13673267,JeremyH43,"2025-05-25 22:50:39",81.1,16,jeremyh43
627,13721718,Jack_GPTBoy,"2025-05-05 04:17:37",81.3,14,jackgptboy
628,13761224,Ryan,"2025-05-03 03:56:32",81.6,1,ryanet
629,13763746,"Krishna Kumar","2025-05-05 14:56:37",81.6,3,krenjutsu
630,13688698,mubbum52,"2025-05-05 08:41:21",81.6,1,mubbum52
631,13637114,Henry,"2025-05-05 16:47:11",81.6,2,keyingzhang67
632,13658517,aisys,"2025-05-05 18:56:57",81.6,12,aisysxd
633,13773276,"Abid Ali Awan","2025-05-06 03:34:25",81.6,1,kingabzpro
634,13658932,"tensor choko","2025-05-06 15:10:27",81.6,4,tensorchoko
635,13779001,NEILB,"2025-05-07 03:40:09",81.6,1,iamneil
636,13716320,Hershel,"2025-05-23 08:47:29",81.6,2,takeshiokamura
637,13637940,Chinmaya,"2025-05-09 09:22:45",81.6,5,chinmayadatt
638,13730192,"Serhii Kharchuk","2025-05-09 22:12:06",81.6,2,serhiikharchuk
639,13795684,"Tom （Hire teammates)","2025-05-09 22:34:36",81.6,1,tom99763
640,13833688,"Oren Gal","2025-05-19 02:35:08",81.6,2,orengal
641,13641899,"Yongsuk Prasertsuk","2025-05-08 10:56:09",82.0,16,yongsukprasertsuk
642,13926204,Mr.Fire,"2025-06-06 06:45:20",82.0,2,fire15
643,13761722,MItsuyukiOzawa,"2025-05-12 04:13:23",83.2,1,racket529
644,13655969,shu01,"2025-05-04 12:57:15",83.4,9,shu01jp
645,13740570,"Syed asghar ali","2025-05-07 02:31:06",85.3,1,asghar7170
646,13688462,"ASHAZ KHAN","2025-05-10 18:27:43",85.3,2,ashazkhan
647,13715018,FWI~~,"2025-05-08 18:09:18",86.5,9,sumenzhang
648,13667009,"Making Waves","2025-04-21 20:07:37",87.0,2,samuelzxu
649,13640185,"Yoshinori Sato","2025-05-09 11:16:25",87.5,10,yosynory
650,13664286,gosaut,"2025-04-28 03:22:31",88.4,12,gosaut
651,13717541,Baiph,"2025-05-04 13:19:29",89.0,1,pingfan
652,13651013,tanakami,"2025-05-12 13:20:19",90.2,18,mikihito
653,13663095,"Mike Pegnam","2025-05-25 14:19:31",90.5,14,bandadad
654,13733565,kusunoki_hi,"2025-05-21 12:40:21",90.6,5,kusunokihi
655,13636439,"Semih Eren","2025-05-13 12:30:35",92.0,3,semiheren
656,13639019,"SHIVAM RAJ","2025-05-01 07:18:41",93.2,1,shivamraj0809
657,13752089,"Eva Koroleva","2025-05-01 08:02:29",93.2,1,qmarva
658,13650469,"Aarav Ankola","2025-05-01 08:10:14",93.2,2,aaravankola
659,13646136,Suits,"2025-05-01 12:07:18",93.2,11,"abduilahaltay,kayrahanozcan,olaflundstrom,saliharanauzun"
660,13747000,Mathemortician,"2025-05-02 04:28:02",93.2,1,mathemortician
661,13751789,"Meet Babariya","2025-05-02 15:20:50",93.2,1,meetbabariya
662,13646196,"Mark Peng","2025-05-03 12:24:59",93.2,2,markpeng
663,13774388,"Mohamed Amine Dhuibi","2025-05-06 19:20:33",93.2,3,mohamedamine12
664,13741845,Beck,"2025-05-06 18:12:38",93.2,1,beck0505
665,13843418,goodluck7788,"2025-05-20 17:25:54",93.2,1,goodluck7788
666,13756689,U023,"2025-05-29 23:22:58",93.2,1,ryutek
667,13643470,rabbit_zww,"2025-06-02 19:36:28",93.2,1,rabbitzww
668,13651421,"Tim Tarver, M.I.S","2025-06-06 07:10:19",93.2,1,timtarver
669,13642141,"Tony stark","2025-04-28 01:43:17",96.4,4,ricksanchez111
670,13735836,setcha,"2025-04-28 14:55:57",96.6,1,setcha
671,13660251,Touyu,"2025-04-26 23:01:13",97.7,3,yutoaoki
672,13694781,"Ernesto Herrera Arias","2025-06-01 00:43:17",99.9,43,ernestoherreraarias
673,13659318,Strick_ailkes,"2025-04-27 12:26:28",101.2,13,strickailkes
674,13679052,"Aaron Burpitt","2025-05-23 22:44:52",102.8,3,adburpitt
675,13703623,Kidou0520,"2025-05-22 02:29:49",104.7,3,"kidougen,yukitatsuoka"
676,13637494,Shin7jp,"2025-04-29 12:16:44",104.9,25,shin7jp
677,13694848,ToMo,"2025-05-04 01:58:55",106.0,3,tomohiroh
678,13803980,"fares mallouli","2025-06-04 09:02:49",106.1,2,faresmallouli
679,13656280,Aneesh,"2025-05-17 16:27:16",107.2,8,aneeshmukkamala
680,13749645,YeRongYu,"2025-04-30 12:30:12",107.2,1,yerongyu
681,13728926,"Laila Abbas","2025-04-26 03:55:00",107.5,1,lailaabbas297
682,13692077,TooruOonuma,"2025-04-26 12:29:19",107.5,2,sirokujira
683,13644595,"Augie Aditama","2025-04-27 02:50:37",107.5,2,augieaditama
684,13732979,Bhawneet_Singh_2004,"2025-04-27 04:00:41",107.5,1,bhawneetsingh2004
685,13732815,"← Checkout My Cat","2025-04-27 08:06:53",107.5,1,haoruili
686,13721620,Dr_F,"2025-04-27 11:50:18",107.5,2,algebraictopology
687,13644209,YILUO_SJTUT,"2025-04-27 19:48:13",107.5,1,yiluosjtut
688,13643905,"Dhavan Shah","2025-04-28 01:18:56",107.5,3,dhavanshah99
689,13637129,Apollo,"2025-04-28 16:15:23",107.5,2,zhouzhang67
690,13726284,Sharma,"2025-04-28 20:46:44",107.5,1,dlondmike
691,13741898,TuMinhDang,"2025-04-29 07:40:41",107.5,1,darkswordmg
692,13645018,omega@kozi,"2025-05-09 19:16:34",107.5,2,omegakozi
693,13725526,BlueSky_sora,"2025-04-30 10:26:30",107.5,1,blueskysora
694,13688689,"Yihan Guo","2025-04-30 14:15:58",107.5,1,yihanguo
695,13644761,"Enjoh O","2025-05-02 17:40:08",107.5,1,enjohomoshirotei
696,13767488,"PEI HAOYU 0805","2025-05-04 18:16:43",107.5,1,peihaoyu0805
697,13776278,"Shiqiang Li","2025-05-06 13:34:50",107.5,2,shiqiangli
698,13736334,digimagi,"2025-05-18 07:01:01",107.5,1,digimagi
699,13641076,Ko,"2025-06-02 13:07:39",107.5,2,komurase
700,13737265,HineMusk,"2025-04-28 08:59:07",109.9,1,hinemusk
701,13726619,Magnus,"2025-04-30 13:16:54",111.2,4,bamsebu
702,13732453,"Murad O","2025-05-31 20:20:19",114.5,3,muradmath
703,13639084,"[Deleted] 4fc6b371-730a-41cd-bfc7-e6839917038c","2025-05-02 13:54:11",124.1,1,del=7766bca60fa0b796
704,13642010,I2nfinit3y,"2025-05-09 00:49:14",124.5,17,i2nfinit3y
705,13654579,"Péter Szécsi","2025-05-05 21:15:24",130.8,3,szecsip
706,13649813,Mygo,"2025-04-25 08:55:18",136.5,19,nnaass
707,13637145,doriskao,"2025-05-01 10:48:22",137.7,3,doriskao
708,13762575,Cy,"2025-05-03 23:26:23",138.8,1,shigeria
709,13679950,Summerwine,"2025-06-06 14:44:33",139.4,1,huangsummerwine
710,13801118,"Shamik Sarkar","2025-05-22 17:54:59",139.9,7,shamiks
711,13811998,Wind,"2025-05-26 04:10:46",142.2,7,sunny525260
712,13653442,VibeNet,"2025-05-15 02:12:06",142.7,12,mehergajula
713,13667327,"XINRUI XIONG","2025-04-26 22:17:57",146.5,7,xinruixiong
714,13684349,Ulinnuhaabduh,"2025-06-02 07:41:02",148.3,50,ulinnuhaabduh12345
715,13649442,SebastianQbiak,"2025-05-25 13:49:25",154.6,16,sebastianqbiak
716,13698377,"𐂂૮(ˊᗜˋ )აʘʚʘ✧੯•́໒꒱","2025-04-25 02:56:43",155.1,3,"abbeyyuan,haohaohyuk,ireneli01,yl2653"
717,13858887,HarshalKatari,"2025-06-03 17:15:23",155.4,2,harshalkatari
718,13637462,ekffar,"2025-04-24 15:27:04",160.6,2,ekffar
719,13639480,"Jiahua Zhao","2025-05-04 09:03:16",162.7,28,jiahuazhao
720,13678604,syncc12,"2025-06-02 06:34:49",164.9,19,syncc12
721,13749474,"Aleksey Trepetsky","2025-05-02 04:30:27",165.6,4,alekseytrepetsky
722,13749265,kkktym,"2025-05-25 11:06:51",165.8,4,kkktym
723,13697283,"Dennys Mallqui","2025-04-27 04:19:13",166.2,7,m3g4r00t
724,13739344,"VICTOR HUGO RODRIGUES MACHADO","2025-06-04 01:03:55",166.6,7,victorhrmachado
725,13657294,dsddsdo,"2025-04-23 13:36:55",167.0,7,yoshihikoozaki
726,13895105,kura19,"2025-05-30 02:56:48",167.0,1,kura19
727,13638384,"mohanapavan bezawada","2025-04-24 20:35:56",167.2,2,mohanapavanbezawada
728,13722788,Andrij,"2025-04-24 18:02:01",167.4,1,aikhmelnytskyy
729,13638300,"Shubham Vishwakarma","2025-04-24 11:17:27",167.5,6,rayuga2503
730,13715171,Leo93,"2025-04-23 09:20:21",167.7,1,leopulga
731,13714728,matcha110,"2025-04-23 11:40:19",168.0,1,matcha110
732,13882589,wasupandceacar,"2025-06-05 15:15:32",169.1,8,wasupandceacar
733,13715239,weiyongpeng1223,"2025-04-24 18:22:47",169.2,3,weiyongpeng1223
734,13676836,"Trial XY","2025-04-21 05:31:13",172.7,5,yanxie1234
735,13810109,shengMio,"2025-05-21 10:51:40",177.5,5,shengmio
736,13738193,WYf233,"2025-05-20 01:35:22",180.0,1,wyf233
737,13834931,zorac,"2025-06-02 12:27:15",182.8,3,zoracmobilis
738,13789577,"Maritanpo Busters","2025-06-05 11:01:56",185.2,2,takutojibiki
739,13751960,"Girish Krishnan1","2025-06-04 11:14:21",186.3,4,girishkrishnan1
740,13715541,Angle,"2025-04-24 02:44:52",188.0,1,lblhandsome
741,13637044,adam,"2025-05-20 03:44:20",191.1,2,a553649508
742,13663196,Sadegh97,"2025-05-17 13:00:44",191.6,12,"parsakhani,sadegh97"
743,13709535,"Peyara Nandu","2025-04-23 23:18:00",193.4,1,peyaranandu
744,13718723,"Three gooses","2025-04-27 12:00:31",193.5,6,"aureliamg,cadelv,coltonbasar"
745,13760832,"Tomasz Zmuda","2025-05-04 18:46:34",194.8,2,tomaszzmuda
746,13750629,Crimson,"2025-05-04 16:30:08",195.5,2,chenmechta
747,13702496,Seis,"2025-04-22 10:20:54",199.2,2,caezario
748,13657258,gguillard,"2025-04-17 16:28:14",204.5,3,gguillard
749,13853623,"RISHAV RAJ Verma","2025-06-02 09:31:45",206.8,7,rishavrajverma
750,13652493,InkWhisper,"2025-04-18 17:24:14",211.3,5,liverpool786
751,13693754,LordJason,"2025-04-18 17:35:16",211.3,1,lordjason
752,13693895,"Md. Abdur Rahman","2025-04-18 18:08:32",211.3,1,borhanitrash
753,13696942,NikolasGegenava,"2025-04-19 12:59:41",211.3,1,nikolasgegenava
754,13676107,chengleilei,"2025-04-23 07:45:31",211.3,3,chengleilei
755,13730953,"Gabriel Preda","2025-04-26 13:59:35",211.3,1,gpreda
756,13739244,"Mingxuan Zhang","2025-06-03 07:10:17",211.3,3,hokmazhang
757,13845288,"Mahabub Alahi Atik","2025-05-31 22:29:25",212.3,10,"fahmyislam,mahabualahiatik"
758,13649169,doteeee,"2025-05-09 02:54:58",214.1,12,narendra
759,13647348,"Magdi El-Sharkawy","2025-05-09 00:46:55",214.9,4,magdielsharkawy
760,13662482,"Pawel Kumar Sogra","2025-05-31 18:47:56",223.2,4,pawelkumarsogra
761,13636618,"Exalted Joseph","2025-04-12 07:08:51",226.4,5,theexaltedone
762,13663014,"Ilya Tatsianenka","2025-04-14 03:40:31",228.9,3,itiv422
763,13660449,HungryLearner,"2025-04-13 07:44:12",231.5,4,alabibojesomo
764,13834352,shrimanyu,"2025-06-05 15:34:15",233.3,11,shrimanyu
765,13687867,"Swastik Nanda","2025-04-17 17:14:10",234.7,3,swastiknanda35
766,13645679,King_Phuripol,"2025-04-18 01:43:56",234.7,9,purinutpolasanano
767,13825438,albkz,"2025-05-20 10:43:19",236.4,1,alabaykazakh
768,13752313,霸气侧漏！,"2025-05-03 00:49:31",236.7,3,"hongjuanhu,yunacheng71,yunqixu55,zhenyulidarren"
769,13657611,"Maksim Prykhodko","2025-04-18 09:09:05",240.3,6,frizonplay
770,13685893,udrs99,"2025-04-17 09:01:08",240.3,1,udrs99
771,13715271,lonelyleozzz,"2025-05-12 04:41:05",240.3,14,lonelyleozzz
772,13867861,shyboynotalk,"2025-06-06 08:20:20",240.3,5,shyboynotalk
773,13657797,breezywaves,"2025-06-02 17:39:21",243.7,2,breezywaves
774,13671848,"Brian Bordeaux","2025-04-16 14:50:12",243.9,5,brianbordeaux
775,13707374,"Bingbing Sun","2025-06-06 13:02:54",245.1,3,bingbingsun2022
776,13779335,scifi,"2025-05-25 20:49:04",245.9,6,scifiss
777,13877888,rf,"2025-05-28 14:55:52",246.4,1,ryofujita
778,13677800,Zhengjie148,"2025-05-08 03:20:45",258.5,1,"yihengdu2001,zhengjie148"
779,13655650,"Wong Wen Hao","2025-05-24 01:03:18",261.3,7,wongwenhao
780,13650066,CCG24,"2025-04-12 16:18:18",261.7,5,lysandra16
781,13663465,zjj2008se,"2025-04-20 01:41:45",266.0,7,zjj2008se
782,13657260,"Thomas Crn","2025-04-13 11:23:46",268.1,4,thomascrn
783,13639583,syoka4156,"2025-04-13 04:36:16",270.2,1,syoka4156
784,13678175,"Random name","2025-04-24 21:44:10",271.4,4,"gaojiayue,yanfang27,zhenyangzouzzy"
785,13655203,"junda zhou","2025-04-12 21:48:54",272.2,7,jundazhou
786,13660496,"Tuan Nguyen #2","2025-04-13 13:29:27",272.8,2,manhtuanbn12
787,13651433,wangjc39,"2025-04-14 05:06:55",272.8,2,w17810263599
788,13640996,"Mikey Marszewski","2025-04-14 15:22:46",272.8,3,mikeymarszewski
789,13644449,纯真以是无敌路，何须再读圣贤书,"2025-04-14 20:55:21",272.8,3,andyfei1130
790,13673940,"Benjamin P","2025-04-15 03:34:25",272.8,1,benjaminpo
791,13677768,CARMEN.AI,"2025-04-15 19:48:30",272.8,1,carmenai
792,13653697,福井和輝,"2025-04-16 05:19:13",272.8,2,kfukuien
793,13682457,"Kazi Abrar Mahmud","2025-04-24 11:12:01",272.8,6,kaziabrarmahmud
794,13722183,jie86cn,"2025-04-28 18:23:16",272.8,1,jie86cn
795,13894335,"Thian Liang","2025-06-05 04:10:06",275.3,2,cheowthianliang
796,13646712,"Raj Sahu","2025-04-13 23:03:30",275.3,6,rajsahu2004
797,13786365,"Eduardo Henrique Dureck","2025-05-20 01:49:28",276.5,4,eduardohdureck
798,13666003,kkke11,"2025-05-03 17:14:25",277.8,5,kkke11
799,13676183,ِِ Aldar418,"2025-04-15 18:04:29",278.7,1,aliabdullahaldar
800,13694378,"Joshua Alfred","2025-04-24 17:17:59",281.1,1,joshuaalfred
801,13718568,PeteBevelacqua,"2025-05-09 03:44:02",281.8,2,pete463251
802,13688778,"Bin Yun","2025-05-01 19:45:03",283.1,3,"benjamincrair,binyun0311,tianyuejiang,wengyaojiang,xiao2361"
803,13834435,"Bryan Crossman","2025-05-18 22:08:01",283.2,1,bryancrossman
804,13723346,"Allan Spadini","2025-04-25 00:16:11",284.3,1,spadini
805,13667174,NTI-Yale/UNC-CH_TSM,"2025-05-10 19:04:30",287.5,4,"mahmoudsayd,mohammadtalaat7,scishadymayez"
806,13641816,"Karnakbayev Artur","2025-04-09 22:56:02",292.0,3,karnakbaevarthur
807,13756956,"Andrew Foudree","2025-05-23 05:16:21",292.3,6,andrewfoudree
808,13696903,"Shikhar Sharma","2025-06-05 10:28:32",293.1,3,shikharsharma1209
809,13705965,"Hong Shuying","2025-04-26 13:20:02",294.7,3,pingpig
810,13725760,cm,"2025-04-25 08:08:27",294.7,1,chrismunley
811,13769408,ChervinLiu,"2025-05-05 04:08:36",294.7,1,chervinliu
812,13870956,Heloise2103,"2025-05-26 12:55:31",294.7,1,asdf00g
813,13780571,"Takashi 3#","2025-05-21 21:37:58",297.0,2,takashi8672aki
814,13649724,"Nikita Manaenkov","2025-04-29 00:16:33",299.1,9,nikitamanaenkov
815,13641641,"Roland Luethy","2025-04-11 15:56:45",300.3,3,rluethy
816,13656722,暗黑AGI,"2025-04-11 15:34:21",302.0,2,boristown
817,13636985,"Mehdi Sharifi","2025-04-12 12:46:35",303.0,5,sharifi76
818,13658077,"Oğuz Güzel","2025-04-12 15:05:14",303.6,2,jifgi1vyczeggibvuf
819,13636523,"Nhung Pham","2025-05-07 14:39:05",305.1,2,nhungp99
820,13693275,"Priyanshu Sharma","2025-05-28 10:05:45",307.7,5,priyanshujiiii
821,13654484,invisible,"2025-04-11 22:56:40",308.3,2,vyacheslavbolotin
822,13654974,"Samarth Pujari","2025-06-05 04:41:41",313.7,7,samarthpujari
823,13842602,"waveform inversionist","2025-06-05 10:56:51",316.7,3,pranayvandanapu
824,13665796,ric,"2025-04-13 14:34:46",318.0,1,ricardomrodrguez
825,13643196,"Bruno G. do Amaral","2025-04-10 01:24:27",319.2,3,bguberfain
826,13645705,"Asswin C.R","2025-04-15 14:37:24",319.2,1,asswin07
827,13763056,LuckyJin1995,"2025-05-05 20:36:27",319.3,2,luckyjin1995
828,13659964,胡萝卜,"2025-04-12 07:59:13",320.8,1,carrotvc
829,13637063,"Dang Nguyen Le","2025-04-11 00:50:49",328.0,7,druanli
830,13832344,"Anuj Lall","2025-05-23 06:45:57",328.5,1,anujlall
831,13641730,GPCH2159,"2025-04-10 15:48:03",329.7,1,gpch2159
832,13643082,yyh,"2025-04-17 18:07:29",329.7,1,yanghu583
833,13881876,"Peng Jiankun","2025-06-06 03:48:08",330.2,29,pengjiankun
834,13935764,"Dangyi Zong","2025-06-06 18:04:30",332.3,2,dangyizong
835,13645766,"Prashant Kikani","2025-04-10 06:30:40",332.6,1,prashantkikani
836,13932907,"Han Wang","2025-06-06 03:47:31",333.1,5,hanwang666
837,13685857,"Иван Третьяков","2025-04-24 14:23:27",333.8,2,hopeofchange
838,13657402,"jorge fabian avila","2025-04-22 19:42:56",333.8,1,jorgefabianavila
839,13652886,gundam,"2025-04-10 19:54:34",334.1,1,quan0095
840,13641308,"UTSAV SINGHAL","2025-04-10 09:28:48",334.7,1,utsavsinghal2604
841,13712625,"Eyup Unlu","2025-04-28 22:09:29",335.2,9,eyupunlu
842,13732499,"Mingyang Cai","2025-05-07 02:39:50",335.7,4,mingyangcai2000
843,13829237,"QIAOSEN XU","2025-06-06 00:49:05",336.1,2,qiaosenxu
844,13650310,AndNov,"2025-04-10 13:32:48",337.1,1,andnov
845,13654064,"Mikhail Fadeev","2025-04-12 16:08:51",339.6,1,mikhailfadeev
846,13924691,"chencheng hua","2025-06-06 15:09:05",341.7,15,chenchenghua
847,13923038,"Kris Zhang","2025-06-05 02:08:50",342.6,10,kadapter
848,13922867,StephanieYue1992,"2025-06-06 11:39:36",343.5,15,stephanieyue1992
849,13931267,YmcjZkbr,"2025-06-06 09:03:25",346.7,5,zelinzl
850,13852034,"lisha fu","2025-05-29 15:00:28",346.8,8,lishafu
851,13923110,Chenyaqi1,"2025-06-06 03:43:16",346.8,10,chenyaqi1
852,13874791,senbogao,"2025-06-06 02:49:22",349.7,18,senbogao
853,13795748,"Steven Chen","2025-05-10 04:19:57",350.1,3,stevenchen116
854,13836262,"Aanushka singh","2025-06-01 13:59:53",351.2,5,aanushkasingh
855,13641813,"Emre Duman","2025-05-11 13:44:33",352.8,6,"emreduman05,mariannacjl,yuzhouwang99"
856,13693303,SUPERTUCANOS,"2025-05-27 15:37:07",352.9,28,"anagmantilla,juter552,luismiguel98,paulgoyes"
857,13866982,kobby,"2025-06-06 05:09:26",354.8,12,hideyukikobayashi
858,13923163,"Sulli s","2025-06-06 03:46:20",355.2,10,sullis
859,13690993,sufehyk,"2025-04-18 08:44:20",355.4,1,sufehuoyongkang
860,13697063,Sasaki-m,"2025-05-04 12:48:02",358.2,6,sasakim
861,13923151,"shanghansi mei","2025-06-05 02:16:33",363.4,5,shanghansimei
862,13881582,"vijay thurimella","2025-06-05 13:50:09",363.7,8,vijaythurimella
863,13652248,"Izzan S. A.","2025-04-11 01:46:13",366.7,1,isamobagaming
864,13916913,"Ang Li","2025-06-06 11:04:15",368.3,25,lyon9769
865,13935303,"Johan Chen","2025-06-06 15:06:26",371.2,5,gurkhac
866,13783375,"Doven Tang","2025-05-15 02:49:46",372.2,1,doventang
867,13815408,"Joseph Hadad","2025-05-31 17:50:22",376.1,2,alexandersassi
868,13707888,ZZZZGOD,"2025-04-23 20:18:46",377.0,2,zzzzgod
869,13844378,"Gerico Vidanes","2025-06-02 20:45:09",379.5,1,gericovidanes
870,13680965,"Adam Rehman ML","2025-04-22 23:00:52",384.0,2,adamrehmanml
871,13641146,"Anidipta Pal","2025-04-09 19:24:03",387.9,1,anidiptapal
872,13638887,A.Ishibashi,"2025-04-09 10:27:48",387.9,1,akihiroishibashi
873,13643544,"Márcio Santos","2025-04-10 22:49:33",387.9,1,mos3santos
874,13642307,"jack jai","2025-04-09 17:29:54",387.9,1,jackjai
875,13644324,"Arnaldo Pereira","2025-04-09 23:19:13",387.9,1,arnaldoapp
876,13644935,cf696666,"2025-04-10 02:01:39",387.9,1,cf33333
877,13641498,"Ahmed Hassan","2025-04-10 20:13:09",388.4,1,ahmedhassan0
878,13882375,"yangdon tshering","2025-05-27 18:31:33",389.8,1,yangtshering
879,13640630,Akijin_007,"2025-05-11 01:14:39",390.8,2,akijin007
880,13852710,"Radek Osmulski","2025-06-05 08:04:25",390.9,4,radek1
881,13652794,nymfree,"2025-04-10 19:47:31",393.1,1,nymfree
882,13935076,"Muyvyangguang Guo","2025-06-06 13:53:10",410.3,2,muyvyangguangguo
883,13657101,r0tor,"2025-04-15 21:33:29",413.0,4,nikita7364777
884,13646751,"Nazura Wirayuda Tama","2025-04-10 15:09:13",413.1,1,nazurawirayudatama
885,13661533,"Kousik Sasmal","2025-04-19 08:03:24",413.3,6,"kousiksasmal,ritzzg"
886,13877962,chenwancong,"2025-05-26 13:00:59",415.2,2,chenwancong
887,13637928,Aphrodite,"2025-05-25 13:52:46",418.1,1,aphrodite874
888,13933160,enxy,"2025-06-06 13:06:42",418.3,5,autocoding
889,13643422,priya1207,"2025-05-26 19:08:17",419.0,2,priya1207
890,13800874,"AntoineMah ","2025-05-16 16:28:36",419.4,9,antoinemah
891,13756515,"Daniel Dewey","2025-05-24 16:57:24",427.4,34,dan3dewey
892,13895737,"kog KOG","2025-05-30 05:36:26",427.7,1,thekog
893,13877638,"Aya Hashem","2025-05-30 16:10:53",427.7,1,ayahashem333
894,13773600,"Matt S.","2025-05-30 17:40:47",435.2,1,msthil
895,13702599,"Omokhuwele Umoru","2025-05-08 13:33:01",436.6,2,"dongjinseoap,keervanik,omokhuweleumoru,shoubonn0414"
896,13667963,β∫𝜿,"2025-05-29 18:55:17",439.8,7,kasmaei
897,13708076,"266/566 team-1","2025-05-08 03:28:59",440.6,2,"christy553,demetrayancopoulos,ellaxu123,mandu1,suhanidalal"
898,13933139,"GUAN LEQING","2025-06-06 13:37:30",442.9,5,guanleqing
899,13683771,"Sravan Kodari","2025-04-17 22:11:50",444.5,3,sravankodari
900,13887448,"George Chirita","2025-06-06 19:00:36",447.1,9,crischir
901,13927939,"Chinglok Lin","2025-06-06 13:45:02",447.8,5,chingloklin
902,13785796,しゅーくり,"2025-06-05 11:06:37",448.0,4,creampuff4123
903,13720947,"train mker","2025-04-25 14:19:35",449.0,1,trainmker
904,13770041,duduntak,"2025-05-06 06:38:29",450.5,1,"jayyy22,namwoong12"
905,13639148,"masahiro takeya","2025-06-01 14:37:09",450.9,1,masahirotakeya
906,13923179,"beikai zhang","2025-06-04 12:03:26",451.4,5,beikaizhang
907,13773865,"Otman Heddouch","2025-05-17 21:08:37",455.5,6,otmanheddouch
908,13640034,fsb2210,"2025-04-28 19:04:39",460.5,3,fsb2210
909,13741192,"Parker Snow","2025-04-29 19:42:56",462.2,4,parkersnow
910,13765206,Jugendtraum,"2025-05-04 23:51:10",469.6,1,jugendtraum
911,13689740,m3816,"2025-05-12 09:44:42",470.5,4,fp3924
912,13756667,"Katie Peaslee","2025-06-04 13:16:51",472.0,7,katiepeaslee
913,13639198,okoloboga,"2025-05-13 19:33:52",472.9,1,okoloboga
914,13644178,"Rakesh Gurram","2025-04-15 22:11:26",475.1,3,"amritbhaganagare,rakeshgurram"
915,13643555,"Gold Fire","2025-06-06 13:38:10",480.0,6,"liyancen0305,revealer"
916,13638136,Evdilos_Ikaria,"2025-05-20 19:35:43",480.6,13,georgem
917,13924843,"[Deleted] f407587d-0b88-432f-b3bc-25dc333010ca","2025-06-04 11:04:10",489.4,1,del=519ca951f703cbd5
918,13911874,Cheri#1,"2025-06-03 22:01:24",492.5,3,chhsu1990
919,13693645,"TRV Anandharajan","2025-04-27 16:28:05",501.1,4,trvanand
920,13689041,"Mr Ka","2025-05-06 21:38:04",502.8,4,nkaxani
921,13655110,kitayama,"2025-05-20 09:17:22",513.1,7,kkityama
922,13732852,Cavajah,"2025-05-30 02:23:17",515.7,1,cavajah
923,13718032,"Daanesh Ibrahim","2025-04-30 20:28:29",516.1,5,daaneshibrahim
924,13822871,"Sini Sivasankaran","2025-06-04 13:49:01",519.9,1,sinisivasankaran
925,13780873,"Se Wook Kwak","2025-05-17 06:29:27",527.9,1,sewookkwak
926,13643427,"Keyush nisar","2025-04-16 16:35:24",535.4,1,keyushnisar
927,13927431,tfiamietsh,"2025-06-05 19:02:47",550.3,1,dinislamgaraev
928,13707474,D04U,"2025-04-23 16:55:31",563.8,5,"audelepre,dominique"
929,13786750,LenJS,"2025-05-15 23:59:34",575.5,8,sra125646
930,13688408,kgrou0,"2025-04-17 21:56:50",578.5,2,kgrou0
931,13815027,ATSUSHI,"2025-05-20 03:22:20",584.1,1,atsushikato
932,13643208,"Aryaman Vaishya","2025-04-09 19:32:50",590.3,1,aryamanvaishya
933,13642285,lunovian,"2025-04-10 18:32:59",594.0,2,anmatngu
934,13895280,musicbeer,"2025-06-06 09:59:26",595.5,1,sharksbeer
935,13666332,"Matthew Collin Murry","2025-04-28 18:48:00",598.6,3,matthewcollinmurry
936,13667994,powan,"2025-04-14 03:55:28",606.1,1,kkbgm529
937,13670522,dt,"2025-04-14 12:50:37",606.1,1,dilliontan
938,13814447,p_mukesh_reddy,"2025-05-22 23:20:52",608.7,5,prmukesh
939,13641953,ellasmm,"2025-06-01 01:06:16",631.8,1,ellasmm
940,13701907,panoszogas,"2025-05-03 07:04:00",640.7,1,panoszogas
941,13755258,"Louis CLÉRIOT","2025-06-06 17:24:42",654.2,8,louisclriot
942,13849521,"Harsh Rajbhar","2025-05-27 12:02:59",700.3,2,harshrajbhar
943,13758482,"Selim Akl","2025-05-03 14:00:28",709.6,5,selimakl
0,9718074,sample_submission.csv,"2023-01-07 19:00:31",710.5,1,
944,13638337,"Bhavya Agarwal","2025-04-10 05:20:45",710.5,2,bhavyaagarwal272
945,13641437,"Alan S","2025-04-10 06:18:28",710.5,1,alans23
946,13657440,"Deepak Bavge","2025-04-11 17:04:44",710.5,1,deepakbavge
947,13664837,"SHAHIN RAIHAAN A","2025-04-13 11:25:52",710.5,1,shahinraihaana
948,13647409,"Chaitanya Mishra","2025-04-15 11:04:21",710.5,4,chaitanyamishra3
949,13644773,"Guillermo Cañedo","2025-04-16 02:14:59",710.5,1,guillermocaedo
950,13688856,"Peter Orazulike","2025-04-27 11:57:08",710.5,5,peterorazulike
951,13650272,Younus_Mohamed,"2025-04-21 15:46:41",710.5,1,younusmohamed
952,13660678,kimuram,"2025-04-26 01:56:21",710.5,1,kimuram
953,13707251,"Salman Ahmed","2025-04-26 01:56:22",710.5,1,salmanahmedtamu
954,13742999,"Chu YiAn","2025-04-29 06:29:55",710.5,1,chuyian
955,13637837,"Rustam Bazarbayev","2025-05-06 21:16:33",710.5,2,rustambazarbayev
956,13878850,"Aftab Ali","2025-05-27 20:59:13",710.5,2,developeraftab
957,13868099,Kakky,"2025-05-25 13:58:30",710.6,3,kakky1996
958,13749187,"Ferol Tatang","2025-05-16 14:48:20",710.7,1,premier1
959,13682767,"C R Suthikshn Kumar","2025-04-16 17:04:59",711.4,1,crsuthikshnkumar
960,13659819,RrAaGgUuLl,"2025-04-15 19:36:49",711.7,3,rraagguull
961,13663496,Fernandosr85,"2025-04-17 23:51:11",711.8,2,fernandosr85
962,13684187,"Gleice Silva","2025-04-18 03:48:22",715.7,4,gleicesilva
963,13717278,"Jerome Vincent Tagaro","2025-06-05 11:39:19",722.0,7,jeromevincenttagaro
964,13707828,choqui62,"2025-05-13 14:51:27",756.0,15,choqui62
965,13915385,"kentaro nagamatsu","2025-06-02 15:09:35",784.9,1,kentaronagamatsu
966,13665747,"Mike Yasnov","2025-04-15 14:24:13",797.6,2,mikeyasnov
967,13718757,"An Garcia","2025-04-25 05:19:54",818.6,3,angarcia
968,13683043,"Ibukun Mary Folorunso","2025-04-23 18:49:56",823.4,3,ibukunmaryfolorunso
969,13673391,newbyy,"2025-04-16 01:18:40",837.5,1,newbyy
970,13819972,"Arvind Nandigam","2025-06-06 15:38:03",860.2,1,arvindnandigam
971,13828831,"Rahul Ravi","2025-05-18 20:37:12",1109.5,4,rahulr0623
972,13857876,Tarun00411,"2025-05-22 06:06:31",1211.3,1,tarun00411
973,13697941,yu89mo,"2025-05-14 19:06:54",1407.7,2,yu89mo
974,13814352,"Anh Minh Hoang","2025-06-04 05:00:47",1616.2,2,anhminhhoang
975,13732501,"Mavis Guner","2025-05-18 19:11:48",1650.6,4,mavisguner
976,13652477,"Asli Semsimoglu","2025-04-13 02:35:07",2090.3,2,aslemimolu
977,13832478,"Aryan Kumar","2025-05-18 08:29:03",2605.2,1,aryan208
978,13914009,StupidXie,"2025-06-02 15:18:57",2625.3,1,stupidxie
979,13724994,知名玩家,"2025-04-28 13:34:41",2888.7,6,ningqixuan
980,13644715,"Simon Tomlinson35","2025-04-10 17:53:35",2937.8,4,simontomlinson35
981,13920093,"Siddarth Choudhary","2025-06-03 14:29:54",2945.3,1,siddarthchoudhary
982,13710663,"Lost Roboticist","2025-05-07 11:01:54",2979.7,1,rickehudson
983,13788292,⻓𝗿ⁱ𝖘ԩ,"2025-05-18 09:20:43",2980.2,1,dheerajkannaujiya
984,13802505,"Artem Rumyantsev","2025-06-03 20:46:25",2980.2,1,tovvelie
985,13834625,"Anass Mellouki","2025-05-17 16:45:18",2980.2,1,anassmellouki1
986,13869220,"docter mk","2025-05-29 04:38:30",2980.3,1,doctergero
987,13828540,nouralii,"2025-05-25 17:42:34",2980.7,1,nouralii
