dt,sunrise,sunset,temp,feels_like,pressure,humidity,dew_point,clouds,wind_speed,wind_deg,main,description,visibility,rain.1h,wind_gust,snow.1h
1730394000,1730424519,1730457489,-1.77,-1.77,1029,100,-1.77,75,0,0,Clouds,broken clouds,10000.0,,,
1730397600,1730424519,1730457489,-1.66,-1.66,1029,86,-3.46,75,1,120,Clouds,broken clouds,10000.0,,,
1730401200,1730424519,1730457489,-1.54,-1.54,1029,93,-2.41,75,0,0,Clouds,broken clouds,10000.0,,,
1730404800,1730424519,1730457489,-2.1,-2.1,1029,93,-2.96,75,0,0,Clouds,broken clouds,10000.0,,,
1730408400,1730424519,1730457489,-2.19,-2.19,1029,86,-3.98,75,1,0,Clouds,broken clouds,10000.0,,,
1730412000,1730424519,1730457489,-2.96,-2.96,1030,93,-3.82,75,1,50,Clouds,broken clouds,10000.0,,,
1730415600,1730424519,1730457489,-3.28,-3.28,1030,93,-4.14,75,1,100,Clouds,broken clouds,10000.0,,,
1730419200,1730424519,1730457489,-3.82,-3.82,1030,90,-5.06,83,1.24,66,Clouds,broken clouds,,,,
1730422800,1730424519,1730457489,-3.55,-6.59,1030,80,-6.16,75,2,100,Clouds,broken clouds,10000.0,,,
1730426400,1730424519,1730457489,-3.87,-6.96,1030,86,-5.64,75,2,120,Clouds,broken clouds,10000.0,,,
1730430000,1730424519,1730457489,-2.73,-6.78,1030,86,-4.51,75,3,120,Clouds,broken clouds,10000.0,,,
1730433600,1730424519,1730457489,-1.6,-6.25,1030,87,-3.26,75,4,110,Clouds,broken clouds,10000.0,,,
1730437200,1730424519,1730457489,-1.25,-5.0,1030,83,-3.47,75,3,130,Clouds,broken clouds,10000.0,,,
1730440800,1730424519,1730457489,-1.6,-4.32,1030,80,-4.25,75,2,130,Clouds,broken clouds,10000.0,,,
1730444400,1730424519,1730457489,-1.6,-5.42,1030,78,-4.55,75,3,110,Clouds,broken clouds,10000.0,,,
1730448000,1730424519,1730457489,-1.44,-5.23,1030,79,-4.24,100,3,110,Clouds,overcast clouds,10000.0,,,
1730451600,1730424519,1730457489,-1.61,-5.43,1030,77,-4.71,100,3,100,Clouds,overcast clouds,10000.0,,,
1730455200,1730424519,1730457489,-1.95,-4.73,1030,79,-4.74,100,2,120,Clouds,overcast clouds,10000.0,,,
1730458800,1730424519,1730457489,-1.99,-5.89,1030,80,-4.63,100,3,100,Clouds,overcast clouds,10000.0,,,
1730462400,1730424519,1730457489,-1.95,-5.84,1031,80,-4.59,100,3,100,Clouds,overcast clouds,10000.0,,,
1730466000,1730424519,1730457489,-1.86,-5.73,1031,80,-4.51,100,3,110,Clouds,overcast clouds,10000.0,,,
1730469600,1730424519,1730457489,-2.45,-7.29,1031,80,-5.08,100,4,120,Clouds,overcast clouds,10000.0,,,
1730473200,1730424519,1730457489,-2.34,-4.93,1031,72,-6.2,46,1.82,117,Clouds,scattered clouds,,,,
1730476800,1730424519,1730457489,-2.55,-5.29,1031,74,-6.09,14,1.9,112,Clouds,few clouds,,,,
1730480400,1730511050,1730543757,-3.79,-8.94,1031,86,-5.56,100,4,140,Clouds,overcast clouds,10000.0,,,
1730484000,1730511050,1730543757,-4.19,-7.34,1030,86,-5.95,20,2,110,Clouds,few clouds,10000.0,,,
1730487600,1730511050,1730543757,-4.41,-7.73,1030,83,-6.58,1,2.1,114,Clear,clear sky,,,,
1730491200,1730511050,1730543757,-5.35,-8.9,1030,86,-7.1,2,2.15,114,Clear,clear sky,,,,
1730494800,1730511050,1730543757,-5.76,-10.42,1029,87,-7.37,0,3,120,Clear,clear sky,10000.0,,,
1730498400,1730511050,1730543757,-6.32,-11.09,1029,87,-7.92,0,3,120,Clear,clear sky,10000.0,,,
1730502000,1730511050,1730543757,-6.32,-11.09,1029,87,-7.92,0,3,120,Clear,clear sky,10000.0,,,
1730505600,1730511050,1730543757,-6.87,-11.75,1029,88,-8.34,0,3,120,Clear,clear sky,10000.0,,,
1730509200,1730511050,1730543757,-7.13,-10.76,1029,89,-8.46,0,2,120,Clear,clear sky,10000.0,,,
1730512800,1730511050,1730543757,-7.43,-7.43,1028,89,-8.76,0,1,110,Clear,clear sky,10000.0,,,
1730516400,1730511050,1730543757,-5.52,-8.89,1028,87,-7.13,0,2,130,Clear,clear sky,10000.0,,,
1730520000,1730511050,1730543757,-4.52,-7.72,1027,80,-7.11,0,2,130,Clear,clear sky,10000.0,,,
1730523600,1730511050,1730543757,-4.42,-8.81,1027,84,-6.45,0,3,150,Clear,clear sky,10000.0,,,
1730527200,1730511050,1730543757,-2.75,-6.8,1026,81,-5.23,0,3,140,Clear,clear sky,10000.0,,,
1730530800,1730511050,1730543757,-1.64,-6.3,1025,81,-4.14,40,4,150,Clouds,scattered clouds,10000.0,,,
1730534400,1730511050,1730543757,-0.57,-4.98,1025,80,-3.24,40,4,140,Clouds,scattered clouds,10000.0,,,
1730538000,1730511050,1730543757,-1.06,-5.59,1024,83,-3.29,40,4,140,Clouds,scattered clouds,10000.0,,,
1730541600,1730511050,1730543757,-1.61,-5.43,1024,86,-3.41,75,3,130,Clouds,broken clouds,10000.0,,,
1730545200,1730511050,1730543757,-1.61,-5.43,1023,88,-3.14,75,3,140,Clouds,broken clouds,10000.0,,,
1730548800,1730511050,1730543757,-1.61,-5.43,1023,89,-3.0,75,3,140,Clouds,broken clouds,10000.0,,,
1730552400,1730511050,1730543757,-1.06,-4.77,1022,90,-2.32,75,3,170,Clouds,broken clouds,10000.0,,,
1730556000,1730511050,1730543757,-1.06,-5.59,1022,91,-2.19,75,4,160,Clouds,broken clouds,9000.0,,,
1730559600,1730511050,1730543757,-1.06,-4.77,1021,92,-2.06,75,3,150,Clouds,broken clouds,7000.0,,,
1730563200,1730511050,1730543757,-1.06,-3.69,1021,93,-1.93,20,2,140,Clouds,few clouds,6000.0,,,
1730566800,1730597582,1730630026,0.06,-3.43,1020,93,-0.82,98,3,170,Clouds,overcast clouds,8000.0,,,
1730570400,1730597582,1730630026,0.37,-3.83,1020,90,-0.95,0,4,180,Clear,clear sky,10000.0,,,
1730574000,1730597582,1730630026,0.68,-3.45,1019,89,-0.81,0,4,170,Clear,clear sky,10000.0,,,
1730577600,1730597582,1730630026,1.23,-3.38,1019,88,-0.47,0,5,180,Rain,moderate rain,10000.0,2.03,,
1730581200,1730597582,1730630026,1.48,-2.47,1018,88,-0.25,20,4,170,Rain,heavy intensity rain,9000.0,5.08,,
1730584800,1730597582,1730630026,1.23,-2.77,1019,91,-0.06,75,4,160,Rain,moderate rain,10000.0,3.05,,
1730588400,1730597582,1730630026,1.79,-2.68,1018,91,0.48,75,5,170,Rain,moderate rain,10000.0,1.02,,
1730592000,1730597582,1730630026,1.79,-2.68,1017,91,0.48,40,5,170,Rain,moderate rain,10000.0,1.02,,
1730595600,1730597582,1730630026,1.79,-2.68,1017,91,0.48,75,5,180,Clouds,broken clouds,10000.0,,,
1730599200,1730597582,1730630026,1.38,-2.59,1017,95,0.67,75,4,170,Clouds,broken clouds,10000.0,,,
1730602800,1730597582,1730630026,2.03,-2.38,1017,92,0.87,75,5,190,Clouds,broken clouds,10000.0,,,
1730606400,1730597582,1730630026,2.59,-1.68,1017,92,1.42,75,5,190,Rain,moderate rain,10000.0,1.02,,
1730610000,1730597582,1730630026,2.83,-0.81,1016,92,1.66,75,4,190,Clouds,broken clouds,10000.0,,,
1730613600,1730597582,1730630026,3.14,-0.99,1016,92,1.97,75,5,200,Clouds,broken clouds,10000.0,,,
1730617200,1730597582,1730630026,3.39,-0.12,1016,91,2.06,75,4,200,Clouds,broken clouds,10000.0,,,
1730620800,1730597582,1730630026,3.94,0.56,1016,89,2.29,75,4,190,Clouds,broken clouds,10000.0,,,
1730624400,1730597582,1730630026,4.5,0.71,1016,88,2.69,75,5,180,Clouds,broken clouds,10000.0,,,
1730628000,1730597582,1730630026,4.25,0.94,1016,88,2.44,75,4,190,Clouds,broken clouds,10000.0,,,
1730631600,1730597582,1730630026,4.25,-0.06,1015,86,2.12,75,6,190,Clouds,broken clouds,10000.0,,,
1730635200,1730597582,1730630026,4.81,0.65,1015,82,2.0,75,6,200,Clouds,broken clouds,10000.0,,,
1730638800,1730597582,1730630026,5.37,1.37,1014,82,2.55,75,6,190,Clouds,broken clouds,10000.0,,,
1730642400,1730597582,1730630026,5.61,1.3,1014,84,3.12,75,7,190,Clouds,broken clouds,10000.0,,,
1730646000,1730597582,1730630026,6.17,1.69,1013,85,3.84,75,8,200,Clouds,broken clouds,10000.0,,,
1730649600,1730597582,1730630026,6.48,2.1,1013,87,4.48,75,8,200,Clouds,broken clouds,10000.0,,,
1730653200,1730684113,1730716298,6.48,2.41,1012,88,4.64,40,7,200,Rain,light rain,10000.0,0.57,,
1730656800,1730684113,1730716298,7.03,2.81,1012,88,5.18,40,8,210,Rain,light rain,10000.0,0.15,,
1730660400,1730684113,1730716298,7.28,3.14,1012,88,5.43,40,8,210,Clouds,scattered clouds,10000.0,,,
1730664000,1730684113,1730716298,7.59,3.84,1012,88,5.73,40,7,210,Rain,light rain,10000.0,0.13,,
1730667600,1730684113,1730716298,7.83,4.15,1011,88,5.97,40,7,210,Clouds,scattered clouds,10000.0,,,
1730671200,1730684113,1730716298,8.14,4.25,1010,87,6.11,20,8,200,Clouds,few clouds,10000.0,,,
1730674800,1730684113,1730716298,8.39,4.58,1010,85,6.02,0,8,210,Clear,clear sky,10000.0,,,
1730678400,1730684113,1730716298,8.39,4.58,1010,84,5.85,0,8,200,Clear,clear sky,10000.0,,14.0,
1730682000,1730684113,1730716298,8.14,4.25,1010,83,5.43,0,8,200,Clear,clear sky,10000.0,,,
1730685600,1730684113,1730716298,7.83,4.15,1009,84,5.3,0,7,210,Clear,clear sky,10000.0,,,
1730689200,1730684113,1730716298,8.74,5.03,1009,81,5.67,0,8,210,Clear,clear sky,10000.0,,14.0,
1730692800,1730684113,1730716298,8.7,4.98,1009,81,5.63,0,8,210,Clear,clear sky,10000.0,,,
1730696400,1730684113,1730716298,9.25,5.98,1008,78,5.62,0,7,210,Clear,clear sky,10000.0,,,
1730700000,1730684113,1730716298,9.81,6.7,1007,75,5.6,0,7,210,Clear,clear sky,10000.0,,,
1730703600,1730684113,1730716298,10.37,9.37,1007,73,5.75,0,8,200,Clear,clear sky,10000.0,,,
1730707200,1730684113,1730716298,10.92,9.9,1006,70,5.67,0,9,200,Clear,clear sky,10000.0,,14.0,
1730710800,1730684113,1730716298,10.92,9.82,1005,67,5.04,0,8,200,Clear,clear sky,10000.0,,13.0,
1730714400,1730684113,1730716298,10.92,9.82,1004,67,5.04,0,7,200,Clear,clear sky,10000.0,,,
1730718000,1730684113,1730716298,10.33,9.06,1003,63,3.6,0,8,200,Clear,clear sky,10000.0,,,
1730721600,1730684113,1730716298,10.35,9.03,1003,61,3.16,0,8,190,Clear,clear sky,10000.0,,,
1730725200,1730684113,1730716298,10.39,9.0,1001,58,2.49,0,9,190,Clear,clear sky,10000.0,,14.0,
1730728800,1730684113,1730716298,10.76,9.61,1000,66,4.67,49,7.42,181,Clouds,scattered clouds,,,,
1730732400,1730684113,1730716298,11.13,9.71,1000,54,2.18,0,7,200,Clear,clear sky,10000.0,,,
1730736000,1730684113,1730716298,9.25,5.7,1000,83,6.52,75,8,240,Rain,heavy intensity rain,10000.0,6.1,13.0,
1730739600,1730770645,1730802571,8.7,5.27,1000,89,6.99,75,7,220,Rain,moderate rain,10000.0,2.03,,
1730743200,1730770645,1730802571,8.09,4.48,1002,87,6.06,75,7,230,Rain,light rain,10000.0,0.33,,
1730746800,1730770645,1730802571,2.34,-2.91,1005,91,1.02,75,7,290,Rain,light intensity shower rain,3400.0,0.5,,
1730750400,1730770645,1730802571,1.48,-2.47,1007,89,-0.12,75,4,290,Snow,light snow,10000.0,,,0.2
1730754000,1730770645,1730802571,0.92,-3.77,1008,90,-0.47,75,5,270,Clouds,broken clouds,10000.0,,,
1730757600,1730770645,1730802571,-0.43,-6.0,1010,84,-2.52,75,6,270,Clouds,broken clouds,5000.0,,11.0,
1730761200,1730770645,1730802571,-1.3,-7.59,1011,76,-4.56,20,7,270,Clouds,few clouds,10000.0,,,
1730764800,1730770645,1730802571,-1.55,-6.85,1012,75,-4.96,0,5,270,Clear,clear sky,10000.0,,,
1730768400,1730770645,1730802571,-1.86,-7.24,1013,77,-4.95,0,5,240,Clear,clear sky,10000.0,,,
1730772000,1730770645,1730802571,-2.17,-8.2,1014,77,-5.26,0,6,230,Clear,clear sky,10000.0,,,
1730775600,1730770645,1730802571,-1.3,-7.59,1016,77,-4.41,20,7,240,Clouds,few clouds,10000.0,,,
1730779200,1730770645,1730802571,-0.57,-6.65,1017,71,-4.65,20,7,250,Clouds,few clouds,10000.0,,,
1730782800,1730770645,1730802571,0.24,-5.61,1018,67,-4.57,20,7,250,Clouds,few clouds,10000.0,,,
1730786400,1730770645,1730802571,0.03,-6.29,1018,67,-4.75,40,8,250,Clouds,scattered clouds,10000.0,,,
1730790000,1730770645,1730802571,1.59,-3.87,1019,62,-4.34,40,7,250,Clouds,scattered clouds,10000.0,,,
1730793600,1730770645,1730802571,2.28,-3.36,1020,60,-4.14,20,8,250,Clouds,few clouds,10000.0,,,
1730797200,1730770645,1730802571,1.41,-4.49,1021,61,-4.68,20,8,240,Clouds,few clouds,10000.0,,,
1730800800,1730770645,1730802571,0.92,-3.77,1021,63,-4.72,0,5,250,Clear,clear sky,10000.0,,,
1730804400,1730770645,1730802571,0.37,-3.83,1022,66,-4.64,0,4,240,Clear,clear sky,10000.0,,,
1730808000,1730770645,1730802571,-0.26,-5.24,1023,68,-4.85,0,5,230,Clear,clear sky,10000.0,,,
1730811600,1730770645,1730802571,-0.69,-5.78,1023,68,-5.27,0,5,230,Clear,clear sky,10000.0,,,
1730815200,1730770645,1730802571,-1.78,-6.47,1023,73,-5.5,0,4,220,Clear,clear sky,10000.0,,,
1730818800,1730770645,1730802571,-1.94,-6.67,1023,74,-5.5,0,4,230,Clear,clear sky,10000.0,,,
1730822400,1730770645,1730802571,-1.57,-6.21,1024,73,-5.29,0,4,220,Clear,clear sky,10000.0,,,
1730826000,1730857176,1730888845,-1.57,-5.39,1024,75,-4.98,0,3,220,Clear,clear sky,10000.0,,,
1730829600,1730857176,1730888845,-2.13,-4.94,1024,75,-5.52,0,2,200,Clear,clear sky,10000.0,,,
1730833200,1730857176,1730888845,-2.13,-6.06,1023,76,-5.37,0,3,180,Clear,clear sky,10000.0,,,
1730836800,1730857176,1730888845,-2.43,-6.42,1024,78,-5.36,0,3,180,Clear,clear sky,10000.0,,,
1730840400,1730857176,1730888845,-2.98,-7.08,1024,82,-5.32,0,3,200,Clear,clear sky,10000.0,,,
1730844000,1730857176,1730888845,-3.31,-6.18,1024,83,-5.5,91,1.91,196,Clouds,overcast clouds,,,,
1730847600,1730857176,1730888845,-3.79,-6.87,1023,83,-5.97,0,2,230,Clear,clear sky,10000.0,,,
1730851200,1730857176,1730888845,-4.32,-7.49,1023,85,-6.22,0,2,190,Clear,clear sky,10000.0,,,
1730854800,1730857176,1730888845,-4.32,-7.49,1023,86,-6.08,0,2,210,Clear,clear sky,10000.0,,,
1730858400,1730857176,1730888845,-4.03,-4.03,1022,85,-5.93,0,0,0,Clear,clear sky,10000.0,,,
1730862000,1730857176,1730888845,-3.5,-3.5,1022,85,-5.41,0,0,0,Clear,clear sky,10000.0,,,
1730865600,1730857176,1730888845,-1.57,-1.57,1021,80,-4.22,0,0,0,Clear,clear sky,10000.0,,,
1730869200,1730857176,1730888845,-0.53,-3.07,1021,78,-3.5,0,2,150,Clear,clear sky,10000.0,,,
1730872800,1730857176,1730888845,-0.66,-3.22,1020,69,-5.07,0,2,150,Clear,clear sky,10000.0,,,
1730876400,1730857176,1730888845,0.03,-3.46,1019,66,-4.93,0,3,120,Clear,clear sky,10000.0,,,
1730880000,1730857176,1730888845,1.73,-0.44,1018,61,-4.41,0,2,100,Clear,clear sky,10000.0,,,
1730883600,1730857176,1730888845,1.21,-2.05,1017,63,-4.47,0,3,100,Clear,clear sky,10000.0,,,
1730887200,1730857176,1730888845,0.65,-2.72,1016,65,-4.58,0,3,100,Clear,clear sky,10000.0,,,
1730890800,1730857176,1730888845,-0.17,-4.49,1015,67,-4.94,0,4,100,Clear,clear sky,10000.0,,,
1730894400,1730857176,1730888845,0.1,-4.79,1013,70,-4.18,0,5,110,Clear,clear sky,10000.0,,,
1730898000,1730857176,1730888845,-0.2,-5.7,1011,72,-4.12,0,6,110,Clear,clear sky,10000.0,,,
1730901600,1730857176,1730888845,0.1,-5.32,1009,73,-3.68,0,6,110,Clear,clear sky,10000.0,,,
1730905200,1730857176,1730888845,0.35,-5.01,1007,73,-3.47,0,6,110,Clear,clear sky,10000.0,,,
1730908800,1730857176,1730888845,0.35,-3.85,1006,73,-3.47,0,4,120,Snow,light snow,10000.0,,,0.4
1730912400,1730943707,1730975122,0.06,-4.21,1003,86,-1.77,75,4,120,Snow,snow,9000.0,,,1.94
1730916000,1730943707,1730975122,0.35,-3.85,1002,91,-0.83,75,4,150,Rain,light intensity shower rain,9000.0,,,1.02
1730919600,1730943707,1730975122,1.5,-3.04,1001,93,0.49,75,5,180,Rain,light intensity shower rain,10000.0,3.05,,
1730923200,1730943707,1730975122,1.32,-3.78,1001,100,1.32,75,6,220,Rain,light intensity shower rain,10000.0,,,
1730926800,1730943707,1730975122,2.05,-2.35,1002,95,1.33,75,5,230,Rain,moderate rain,10000.0,1.02,,
1730930400,1730943707,1730975122,1.76,-3.65,1004,92,0.6,40,7,230,Clouds,scattered clouds,10000.0,,,
1730934000,1730943707,1730975122,0.3,-3.91,1004,89,-1.14,20,4,220,Clouds,few clouds,10000.0,,,
1730937600,1730943707,1730975122,0.1,-5.79,1005,82,-2.3,20,7,230,Clouds,few clouds,10000.0,,,
1730941200,1730943707,1730975122,-0.86,-6.54,1005,79,-3.67,40,6,230,Clouds,scattered clouds,10000.0,,,
1730944800,1730943707,1730975122,0.3,-5.53,1005,75,-3.19,75,7,220,Clouds,broken clouds,10000.0,,,
1730948400,1730943707,1730975122,0.1,-6.2,1005,80,-2.59,20,8,220,Snow,light shower snow,10000.0,,,
1730952000,1730943707,1730975122,0.65,-5.84,1006,71,-3.54,20,9,220,Clouds,few clouds,10000.0,,,
1730955600,1730943707,1730975122,0.91,-5.5,1006,69,-3.65,75,9,230,Snow,light shower snow,10000.0,,14.0,
1730959200,1730943707,1730975122,0.1,-6.9,1006,76,-3.2,75,11,230,Snow,light shower snow,9000.0,,16.0,
1730962800,1730943707,1730975122,0.39,-6.52,1006,75,-3.11,75,10,220,Snow,light shower snow,10000.0,,15.0,
1730966400,1730943707,1730975122,0.65,-6.35,1006,66,-4.4,75,12,230,Snow,light shower snow,9000.0,,19.0,
1730970000,1730943707,1730975122,-0.17,-7.17,1007,80,-2.85,75,10,220,Clouds,broken clouds,10000.0,,,
1730973600,1730943707,1730975122,0.1,-6.9,1007,68,-4.52,75,10,210,Clouds,broken clouds,10000.0,,,
1730977200,1730943707,1730975122,-1.39,-8.39,1008,85,-3.33,75,9,230,Snow,light shower snow,8000.0,,,
1730980800,1730943707,1730975122,-1.21,-8.21,1008,82,-3.58,40,10,220,Clouds,scattered clouds,10000.0,,16.0,
1730984400,1730943707,1730975122,-1.03,-8.03,1008,78,-3.99,40,9,210,Clouds,scattered clouds,10000.0,,15.0,
1730988000,1730943707,1730975122,-1.57,-8.57,1008,83,-3.79,40,11,220,Snow,light shower snow,9000.0,,16.0,
1730991600,1730943707,1730975122,-1.02,-8.02,1008,71,-5.08,75,9,220,Clouds,broken clouds,10000.0,,,
1730995200,1730943707,1730975122,-1.28,-8.28,1008,71,-5.34,75,10,220,Clouds,broken clouds,10000.0,,,
1730998800,1731030238,1731061401,-1.28,-8.28,1008,71,-5.34,75,10,220,Snow,light shower snow,8000.0,,,
1731002400,1731030238,1731061401,-2.14,-9.14,1008,83,-4.35,75,10,220,Clouds,broken clouds,10000.0,,15.0,
1731006000,1731030238,1731061401,-2.14,-9.14,1008,78,-5.08,75,9,220,Clouds,broken clouds,10000.0,,,
1731009600,1731030238,1731061401,-2.14,-9.11,1008,76,-5.38,75,8,220,Clouds,broken clouds,10000.0,,14.0,
1731013200,1731030238,1731061401,-2.14,-9.11,1008,79,-4.93,75,8,210,Snow,light shower snow,10000.0,,,
1731016800,1731030238,1731061401,-2.43,-9.43,1008,84,-4.49,75,9,220,Snow,light shower snow,9000.0,,14.0,
1731020400,1731030238,1731061401,-2.85,-9.85,1008,87,-4.5,75,8,220,Snow,light snow,10000.0,,,0.12
1731024000,1731030238,1731061401,-3.21,-10.04,1008,87,-4.85,75,7,220,Snow,shower snow,1700.0,,,0.14
1731027600,1731030238,1731061401,-3.55,-9.96,1009,89,-4.92,75,6,230,Snow,light shower snow,9000.0,,,0.14
1731031200,1731030238,1731061401,-3.79,-10.79,1009,84,-5.83,75,9,240,Snow,light shower snow,3600.0,,15.0,0.19
1731034800,1731030238,1731061401,-4.06,-11.06,1010,87,-5.69,75,7,240,Clouds,broken clouds,10000.0,,,
1731038400,1731030238,1731061401,-3.79,-10.79,1011,75,-7.14,75,9,240,Clouds,broken clouds,10000.0,,,
1731042000,1731030238,1731061401,-4.35,-11.35,1011,80,-6.95,75,9,240,Clouds,broken clouds,10000.0,,,
1731045600,1731030238,1731061401,-4.35,-11.35,1012,80,-6.95,75,9,240,Snow,light shower snow,10000.0,,,
1731049200,1731030238,1731061401,-4.35,-11.35,1013,80,-6.95,75,8,240,Snow,light shower snow,9000.0,,,
1731052800,1731030238,1731061401,-4.35,-11.35,1013,79,-7.09,75,8,240,Snow,light shower snow,5000.0,,,
1731056400,1731030238,1731061401,-4.35,-10.97,1014,80,-6.95,75,6,240,Snow,light shower snow,10000.0,,,
1731060000,1731030238,1731061401,-4.91,-11.68,1016,80,-7.5,75,6,240,Snow,light shower snow,9000.0,,,
1731063600,1731030238,1731061401,-5.26,-12.13,1016,84,-7.28,75,6,240,Snow,light shower snow,7000.0,,,
1731067200,1731030238,1731061401,-5.26,-11.49,1017,83,-7.42,75,5,230,Snow,light shower snow,5000.0,,,
1731070800,1731030238,1731061401,-5.46,-11.74,1018,86,-7.21,75,5,240,Snow,light shower snow,9000.0,,,
1731074400,1731030238,1731061401,-5.46,-12.38,1018,84,-7.48,75,6,240,Snow,light shower snow,7000.0,,,
1731078000,1731030238,1731061401,-5.76,-12.76,1018,84,-7.77,75,6,260,Snow,light shower snow,6000.0,,,
1731081600,1731030238,1731061401,-5.76,-12.76,1019,83,-7.91,75,6,260,Snow,light shower snow,9000.0,,,
1731085200,1731116769,1731147681,-6.03,-11.69,1019,86,-7.77,75,4,250,Snow,light shower snow,5000.0,,,
1731088800,1731116769,1731147681,-6.03,-12.46,1020,87,-7.64,75,5,240,Snow,light shower snow,8000.0,,,
1731092400,1731116769,1731147681,-6.03,-12.46,1020,87,-7.64,75,5,240,Snow,shower snow,2000.0,,,
1731096000,1731116769,1731147681,-6.02,-13.02,1020,84,-8.03,75,6,250,Snow,light shower snow,6000.0,,,
1731099600,1731116769,1731147681,-6.02,-12.44,1020,84,-8.03,75,5,250,Clouds,broken clouds,10000.0,,,
1731103200,1731116769,1731147681,-6.02,-13.02,1020,84,-8.03,75,7,250,Clouds,broken clouds,10000.0,,,
1731106800,1731116769,1731147681,-6.03,-12.46,1020,84,-8.04,75,5,240,Clouds,broken clouds,10000.0,,,
1731110400,1731116769,1731147681,-5.99,-12.99,1020,84,-8.0,75,6,220,Clouds,broken clouds,10000.0,,,
1731114000,1731116769,1731147681,-6.23,-13.23,1020,84,-8.24,40,6,220,Clouds,scattered clouds,10000.0,,,
1731117600,1731116769,1731147681,-6.03,-13.03,1019,81,-8.45,40,7,230,Clouds,scattered clouds,10000.0,,,
1731121200,1731116769,1731147681,-6.58,-13.58,1019,80,-9.13,40,8,230,Clouds,scattered clouds,10000.0,,,
1731124800,1731116769,1731147681,-6.23,-13.23,1019,78,-9.08,40,8,230,Clouds,scattered clouds,10000.0,,,
1731128400,1731116769,1731147681,-6.37,-13.37,1019,77,-9.36,40,9,230,Clouds,scattered clouds,10000.0,,,
1731132000,1731116769,1731147681,-3.72,-10.72,1019,67,-8.37,40,8,220,Clouds,scattered clouds,10000.0,,,
1731135600,1731116769,1731147681,-4.42,-11.42,1019,66,-9.21,40,8,230,Clouds,scattered clouds,10000.0,,,
1731139200,1731116769,1731147681,-5.11,-12.11,1018,66,-9.88,75,9,240,Snow,light shower snow,10000.0,,14.0,
1731142800,1731116769,1731147681,-5.67,-12.65,1018,69,-9.92,75,6,240,Snow,light shower snow,10000.0,,,
1731146400,1731116769,1731147681,-6.19,-13.19,1018,73,-9.79,75,6,220,Snow,light shower snow,10000.0,,,
1731150000,1731116769,1731147681,-6.57,-13.57,1017,75,-9.85,40,6,220,Clouds,scattered clouds,10000.0,,,
1731153600,1731116769,1731147681,-6.74,-13.74,1016,77,-9.72,75,6,220,Clouds,broken clouds,10000.0,,,
1731157200,1731116769,1731147681,-6.74,-13.35,1016,80,-9.29,75,5,220,Snow,light shower snow,9000.0,,,
1731160800,1731116769,1731147681,-6.57,-13.57,1015,85,-8.44,75,6,220,Snow,light shower snow,10000.0,,,
1731164400,1731116769,1731147681,-5.82,-12.82,1015,81,-8.25,75,7,230,Snow,light shower snow,10000.0,,,
1731168000,1731116769,1731147681,-6.02,-13.02,1014,76,-9.17,75,7,230,Snow,light shower snow,10000.0,,,
1731171600,1731203299,1731233964,-6.57,-13.57,1013,75,-9.85,75,6,240,Snow,light shower snow,10000.0,,,
1731175200,1731203299,1731233964,-7.3,-14.3,1013,74,-10.72,75,7,220,Snow,light shower snow,10000.0,,,
1731178800,1731203299,1731233964,-6.84,-13.84,1012,75,-10.12,75,9,220,Snow,light shower snow,10000.0,,,
1731182400,1731203299,1731233964,-6.87,-13.87,1011,78,-9.7,75,7,210,Snow,light shower snow,10000.0,,,
1731186000,1731203299,1731233964,-7.13,-14.13,1010,80,-9.67,40,8,210,Snow,light shower snow,10000.0,,,
1731189600,1731203299,1731233964,-6.57,-13.57,1009,79,-9.27,40,10,200,Clouds,scattered clouds,10000.0,,,
1731193200,1731203299,1731233964,-6.19,-13.19,1009,79,-8.89,40,9,200,Snow,light shower snow,10000.0,,,
1731196800,1731203299,1731233964,-6.02,-13.02,1007,78,-8.87,75,8,200,Clouds,broken clouds,10000.0,,,
1731200400,1731203299,1731233964,-6.02,-13.02,1007,77,-9.02,40,9,200,Clouds,scattered clouds,10000.0,,,
1731204000,1731203299,1731233964,-6.03,-13.03,1006,78,-8.88,40,9,210,Clouds,scattered clouds,10000.0,,14.0,
1731207600,1731203299,1731233964,-6.02,-13.02,1005,79,-8.73,40,9,200,Clouds,scattered clouds,10000.0,,14.0,
1731211200,1731203299,1731233964,-6.02,-13.02,1004,82,-8.3,75,9,200,Snow,light shower snow,6000.0,,,0.1
1731214800,1731203299,1731233964,-5.2,-12.2,1003,80,-7.78,75,10,210,Snow,light shower snow,9000.0,,15.0,0.12
1731218400,1731203299,1731233964,-5.07,-12.07,1002,85,-6.96,75,9,210,Snow,light shower snow,5000.0,,,0.15
1731222000,1731203299,1731233964,-4.72,-11.72,1001,88,-6.21,75,9,210,Snow,light shower snow,5000.0,,,0.25
1731225600,1731203299,1731233964,-4.52,-11.52,1000,89,-5.88,75,8,200,Snow,light shower snow,5000.0,,,0.27
1731229200,1731203299,1731233964,-4.35,-11.35,1000,91,-5.45,75,10,210,Snow,light shower snow,2500.0,,15.0,0.33
1731232800,1731203299,1731233964,-4.35,-11.35,998,91,-5.45,75,9,200,Snow,light shower snow,2700.0,,14.0,0.4
1731236400,1731203299,1731233964,-3.96,-10.96,997,92,-4.94,75,9,200,Snow,light shower snow,8000.0,,,0.32
1731240000,1731203299,1731233964,-3.54,-10.46,996,92,-4.52,75,7,190,Snow,light shower snow,2100.0,,,0.25
1731243600,1731203299,1731233964,-3.24,-10.08,995,92,-4.22,75,7,200,Snow,shower snow,2000.0,,,0.35
1731247200,1731203299,1731233964,-2.95,-9.19,994,94,-3.68,75,6,200,Snow,shower snow,1600.0,,,0.54
1731250800,1731203299,1731233964,-2.68,-9.36,993,95,-3.29,75,7,200,Snow,shower snow,1600.0,,,0.46
1731254400,1731203299,1731233964,-2.13,-8.65,993,95,-2.74,75,7,210,Snow,light shower snow,5000.0,,,0.37
1731258000,1731289829,1731320248,-2.13,-9.09,993,96,-2.62,75,8,220,Snow,light shower snow,2300.0,,,0.33
1731261600,1731289829,1731320248,-1.58,-8.38,993,96,-2.07,75,8,230,Snow,light shower snow,2600.0,,,0.32
1731265200,1731289829,1731320248,-1.02,-7.65,994,96,-1.51,75,8,240,Snow,light shower snow,2200.0,,,0.16
1731268800,1731289829,1731320248,-0.46,-7.3,995,97,-0.83,75,9,240,Snow,light shower snow,9000.0,,,0.18
1731272400,1731289829,1731320248,-0.07,-6.42,996,96,-0.56,75,8,240,Snow,light shower snow,10000.0,,13.0,0.33
1731276000,1731289829,1731320248,0.1,-5.32,997,96,-0.41,75,6,240,Snow,light shower snow,4400.0,,,0.28
1731279600,1731289829,1731320248,-0.73,-6.85,997,96,-1.22,75,7,240,Snow,light shower snow,10000.0,,,0.14
1731283200,1731289829,1731320248,-2.43,-7.27,998,96,-2.92,75,4,310,Snow,heavy shower snow,900.0,,,0.14
1731286800,1731289829,1731320248,-3.24,-8.26,998,94,-3.97,75,4,290,Snow,shower snow,1600.0,,,0.18
1731290400,1731289829,1731320248,-3.8,-8.06,998,93,-4.65,75,3,290,Snow,shower snow,1400.0,,,0.21
1731294000,1731289829,1731320248,-4.87,-8.13,999,93,-5.72,75,2,270,Snow,shower snow,1300.0,,,0.29
1731297600,1731289829,1731320248,-4.7,-10.79,1000,93,-5.55,75,5,260,Snow,light shower snow,9000.0,,,0.28
1731301200,1731289829,1731320248,-4.91,-11.68,1001,88,-6.4,75,6,260,Snow,light shower snow,10000.0,,,0.15
1731304800,1731289829,1731320248,-4.91,-11.68,1001,83,-7.07,75,6,270,Clouds,broken clouds,10000.0,,,
1731308400,1731289829,1731320248,-5.37,-12.37,1002,73,-8.99,40,7,270,Clouds,scattered clouds,10000.0,,,
1731312000,1731289829,1731320248,-6.23,-13.23,1002,73,-9.83,75,6,270,Snow,light shower snow,10000.0,,,
1731315600,1731289829,1731320248,-6.44,-12.2,1003,76,-9.58,75,4,270,Snow,light shower snow,10000.0,,,
1731319200,1731289829,1731320248,-6.74,-12.56,1004,77,-9.72,75,4,250,Clouds,broken clouds,10000.0,,,
1731322800,1731289829,1731320248,-7.48,-13.47,1005,79,-10.16,40,4,240,Clouds,scattered clouds,10000.0,,,
1731326400,1731289829,1731320248,-7.85,-12.93,1005,79,-10.52,0,3,250,Clear,clear sky,10000.0,,,
1731330000,1731289829,1731320248,-8.24,-13.4,1005,80,-10.76,20,3,240,Clouds,few clouds,10000.0,,,
1731333600,1731289829,1731320248,-8.31,-13.67,1006,81,-10.69,100,3.17,224,Clouds,overcast clouds,,,,
1731337200,1731289829,1731320248,-8.54,-13.76,1006,80,-11.06,75,3,210,Clouds,broken clouds,10000.0,,,
1731340800,1731289829,1731320248,-8.45,-13.65,1006,80,-10.97,75,3,210,Clouds,broken clouds,10000.0,,,
1731344400,1731376359,1731406535,-8.66,-14.92,1006,82,-10.9,75,4,230,Clouds,broken clouds,10000.0,,,
1731348000,1731376359,1731406535,-8.54,-15.54,1006,83,-10.64,75,5,220,Snow,light shower snow,10000.0,,,
1731351600,1731376359,1731406535,-8.54,-15.54,1006,83,-10.64,75,5,230,Clouds,broken clouds,10000.0,,,
1731355200,1731376359,1731406535,-8.61,-15.61,1006,83,-10.71,75,5,230,Clouds,broken clouds,10000.0,,,
1731358800,1731376359,1731406535,-8.8,-15.8,1006,84,-10.77,75,5,230,Clouds,broken clouds,10000.0,,,
1731362400,1731376359,1731406535,-8.96,-15.96,1007,86,-10.66,75,6,240,Snow,light shower snow,5000.0,,,
1731366000,1731376359,1731406535,-8.96,-15.96,1006,86,-10.66,75,5,240,Snow,light shower snow,3300.0,,,
1731369600,1731376359,1731406535,-9.09,-16.09,1006,87,-10.66,75,6,240,Snow,light shower snow,2900.0,,,
1731373200,1731376359,1731406535,-9.35,-16.35,1007,87,-10.92,75,6,250,Snow,light shower snow,4000.0,,,
1731376800,1731376359,1731406535,-9.35,-16.35,1007,87,-10.92,75,6,240,Snow,light shower snow,10000.0,,,
1731380400,1731376359,1731406535,-10.17,-17.17,1008,89,-11.47,75,9,240,Snow,light shower snow,6000.0,,,
1731384000,1731376359,1731406535,-10.47,-17.47,1009,89,-11.77,75,6,250,Clouds,broken clouds,10000.0,,,
1731387600,1731376359,1731406535,-10.28,-17.28,1010,88,-11.71,75,5,270,Snow,heavy shower snow,1000.0,,,0.12
1731391200,1731376359,1731406535,-10.11,-17.11,1010,82,-12.32,75,7,270,Snow,light shower snow,4100.0,,,0.11
1731394800,1731376359,1731406535,-10.11,-17.11,1011,81,-12.46,75,8,260,Snow,light shower snow,2200.0,,14.0,
1731398400,1731376359,1731406535,-10.46,-17.46,1011,84,-12.4,75,6,250,Snow,light shower snow,2600.0,,,
1731402000,1731376359,1731406535,-10.63,-17.63,1012,84,-12.57,75,6,240,Snow,light shower snow,3200.0,,,
1731405600,1731376359,1731406535,-11.03,-18.03,1013,83,-13.1,75,7,250,Snow,light shower snow,7000.0,,12.0,
1731409200,1731376359,1731406535,-11.58,-18.58,1014,85,-13.38,75,7,250,Snow,light shower snow,7000.0,,,
1731412800,1731376359,1731406535,-11.58,-18.58,1015,84,-13.51,75,5,240,Snow,light shower snow,6000.0,,,
1731416400,1731376359,1731406535,-11.87,-18.87,1015,84,-13.79,75,6,250,Snow,light shower snow,7000.0,,,
1731420000,1731376359,1731406535,-12.13,-19.13,1016,85,-13.92,75,6,240,Snow,light shower snow,5000.0,,,
1731423600,1731376359,1731406535,-12.13,-19.13,1016,86,-13.79,75,5,250,Snow,light shower snow,9000.0,,,
1731427200,1731376359,1731406535,-12.13,-19.13,1017,84,-14.05,75,5,250,Snow,light shower snow,7000.0,,,
1731430800,1731462888,1731492824,-12.13,-19.13,1017,85,-13.92,75,6,240,Snow,light shower snow,4700.0,,,
1731434400,1731462888,1731492824,-12.39,-19.39,1017,86,-14.05,75,5,250,Snow,light shower snow,7000.0,,,
1731438000,1731462888,1731492824,-12.98,-19.98,1018,85,-14.76,75,5,250,Snow,light shower snow,10000.0,,,
1731441600,1731462888,1731492824,-13.54,-20.54,1018,84,-15.44,75,5,260,Snow,light shower snow,10000.0,,,
1731445200,1731462888,1731492824,-13.79,-20.79,1019,83,-15.81,40,4,250,Clouds,scattered clouds,10000.0,,,
1731448800,1731462888,1731492824,-14.56,-21.56,1020,83,-16.57,40,4,240,Clouds,scattered clouds,10000.0,,,
1731452400,1731462888,1731492824,-15.11,-22.11,1019,83,-17.11,40,4,240,Clouds,scattered clouds,10000.0,,,
1731456000,1731462888,1731492824,-15.39,-22.2,1019,85,-17.13,100,3.16,215,Clouds,overcast clouds,,,,
1731459600,1731462888,1731492824,-14.94,-21.73,1020,85,-16.69,100,3.22,209,Clouds,overcast clouds,,,,
1731463200,1731462888,1731492824,-14.42,-21.36,1020,85,-16.18,99,3.43,205,Clouds,overcast clouds,,,,
1731466800,1731462888,1731492824,-13.54,-19.76,1020,84,-15.44,40,3,190,Snow,light shower snow,9000.0,,,
1731470400,1731462888,1731492824,-12.43,-19.43,1020,81,-14.74,75,4,210,Snow,light shower snow,6000.0,,,
1731474000,1731462888,1731492824,-12.16,-18.11,1020,81,-14.47,40,3,200,Clouds,scattered clouds,10000.0,,,
1731477600,1731462888,1731492824,-12.2,-19.2,1019,82,-14.38,40,6,220,Clouds,scattered clouds,10000.0,,,
1731481200,1731462888,1731492824,-12.2,-19.2,1019,81,-14.51,40,5,220,Clouds,scattered clouds,10000.0,,,
1731484800,1731462888,1731492824,-11.05,-18.05,1018,76,-14.08,40,6,220,Clouds,scattered clouds,10000.0,,,
1731488400,1731462888,1731492824,-11.32,-18.32,1018,79,-13.92,75,5,220,Snow,light snow,10000.0,,,
1731492000,1731462888,1731492824,-11.02,-17.82,1017,81,-13.35,75,4,200,Snow,light shower snow,10000.0,,,
1731495600,1731462888,1731492824,-10.84,-17.6,1016,81,-13.18,75,4,190,Snow,light shower snow,9000.0,,,
1731499200,1731462888,1731492824,-10.2,-17.2,1016,84,-12.15,100,5,200,Snow,light snow,10000.0,,,
1731502800,1731462888,1731492824,-9.65,-16.14,1016,85,-11.47,0,4,200,Clear,clear sky,10000.0,,,
1731506400,1731462888,1731492824,-11.3,-18.3,1015,79,-13.9,40,6,210,Snow,light shower snow,7000.0,,,
1731510000,1731462888,1731492824,-9.65,-16.65,1014,84,-11.6,40,6,210,Snow,light shower snow,9000.0,,,
1731513600,1731462888,1731492824,-9.65,-16.65,1014,85,-11.47,40,5,200,Snow,light shower snow,7000.0,,,
1731517200,1731549416,1731579115,-9.9,-16.9,1014,87,-11.46,40,5,200,Snow,light shower snow,6000.0,,,0.11
1731520800,1731549416,1731579115,-9.91,-16.91,1014,86,-11.6,40,5,210,Snow,light shower snow,6000.0,,,0.12
1731524400,1731549416,1731579115,-10.11,-17.11,1013,87,-11.67,40,5,210,Snow,light shower snow,5000.0,,,0.16
1731528000,1731549416,1731579115,-10.28,-17.28,1013,87,-11.84,40,5,210,Snow,light shower snow,4900.0,,,0.17
1731531600,1731549416,1731579115,-10.67,-17.39,1012,87,-12.22,75,4,210,Snow,light shower snow,3800.0,,,0.15
1731535200,1731549416,1731579115,-10.76,-17.76,1012,87,-12.31,75,5,210,Snow,light shower snow,5000.0,,,0.12
1731538800,1731549416,1731579115,-11.02,-17.82,1012,87,-12.57,75,4,210,Snow,light shower snow,6000.0,,,0.12
1731542400,1731549416,1731579115,-10.76,-17.5,1012,88,-12.18,75,4,210,Snow,light shower snow,7000.0,,,0.11
1731546000,1731549416,1731579115,-10.76,-17.5,1012,88,-12.18,75,4,210,Snow,light shower snow,3600.0,,,0.11
1731549600,1731549416,1731579115,-10.76,-17.76,1012,88,-12.18,75,5,210,Snow,light shower snow,7000.0,,,0.11
1731553200,1731549416,1731579115,-10.5,-17.5,1013,88,-11.93,75,5,210,Snow,light shower snow,5000.0,,,0.11
1731556800,1731549416,1731579115,-9.94,-16.94,1013,87,-11.5,75,5,220,Snow,light shower snow,3900.0,,,0.11
1731560400,1731549416,1731579115,-9.4,-16.4,1013,85,-11.23,75,6,230,Snow,light shower snow,5000.0,,,0.11
1731564000,1731549416,1731579115,-9.09,-16.09,1013,86,-10.79,75,5,240,Snow,light shower snow,2900.0,,,0.13
1731567600,1731549416,1731579115,-9.56,-16.56,1014,84,-11.52,75,5,260,Snow,light shower snow,2200.0,,,0.11
1731571200,1731549416,1731579115,-9.61,-16.61,1015,81,-11.97,75,7,260,Snow,light shower snow,8000.0,,,0.12
1731574800,1731549416,1731579115,-9.87,-16.87,1016,83,-11.95,75,6,260,Snow,light shower snow,8000.0,,,0.11
1731578400,1731549416,1731579115,-12.26,-19.26,1018,79,-14.84,75,5,250,Snow,light shower snow,6000.0,,,0.14
1731582000,1731549416,1731579115,-11.02,-17.82,1019,86,-12.69,75,4,260,Snow,light shower snow,5000.0,,,0.17
1731585600,1731549416,1731579115,-11.57,-18.57,1020,84,-13.5,75,5,270,Snow,light shower snow,10000.0,,,0.17
1731589200,1731549416,1731579115,-12.68,-19.68,1021,84,-14.59,75,7,270,Snow,light shower snow,9000.0,,,0.15
1731592800,1731549416,1731579115,-13.24,-20.24,1022,79,-15.8,75,5,260,Snow,light snow,10000.0,,,0.12
1731596400,1731549416,1731579115,-13.79,-20.79,1023,80,-16.21,75,6,270,Snow,light shower snow,5000.0,,,
1731600000,1731549416,1731579115,-14.61,-21.61,1023,80,-17.01,75,5,270,Snow,light shower snow,2900.0,,,
1731603600,1731635944,1731665409,-14.52,-19.37,1024,80,-16.92,75,2,260,Snow,light shower snow,2900.0,,,
1731607200,1731635944,1731665409,-14.52,-21.52,1024,81,-16.79,75,5,220,Snow,light shower snow,8000.0,,,
1731610800,1731635944,1731665409,-15.24,-21.81,1024,83,-17.24,40,3,200,Clouds,scattered clouds,10000.0,,,
1731614400,1731635944,1731665409,-16.27,-21.56,1024,84,-18.13,76,2.08,185,Clouds,broken clouds,,,,
1731618000,1731635944,1731665409,-17.06,-22.08,1024,84,-18.91,66,1.88,158,Clouds,broken clouds,,,,
1731621600,1731635944,1731665409,-17.75,-23.09,1023,85,-19.46,47,1.98,133,Clouds,scattered clouds,,,,
1731625200,1731635944,1731665409,-18.79,-18.79,1023,84,-20.61,0,1,110,Clear,clear sky,10000.0,,,
1731628800,1731635944,1731665409,-18.86,-24.38,1023,85,-20.56,84,1.98,114,Clouds,broken clouds,,,,
1731632400,1731635944,1731665409,-19.32,-19.32,1023,83,-21.26,0,1,110,Clear,clear sky,10000.0,,,
1731636000,1731635944,1731665409,-18.86,-24.34,1023,85,-20.56,95,1.96,114,Clouds,overcast clouds,,,,
1731639600,1731635944,1731665409,-24.38,-31.38,1023,86,-25.89,99,2.28,120,Clouds,overcast clouds,,,,
1731643200,1731635944,1731665409,-22.45,-28.63,1023,85,-24.1,100,2.01,129,Clouds,overcast clouds,,,,
1731646800,1731635944,1731665409,-16.95,-16.95,1023,85,-18.67,0,1,100,Clear,clear sky,10000.0,,,
1731650400,1731635944,1731665409,-15.95,-15.95,1023,92,-16.84,0,0,0,Clear,clear sky,10000.0,,,
1731654000,1731635944,1731665409,-12.72,-17.27,1023,83,-14.76,40,2,150,Snow,light snow,9000.0,,,
1731657600,1731635944,1731665409,-11.61,-15.98,1022,85,-13.41,40,2,160,Snow,light shower snow,5000.0,,,0.14
1731661200,1731635944,1731665409,-10.46,-14.64,1022,85,-12.27,40,2,170,Snow,light shower snow,8000.0,,,0.24
1731664800,1731635944,1731665409,-9.9,-15.39,1022,87,-11.46,40,3,180,Snow,light shower snow,7000.0,,,0.32
1731668400,1731635944,1731665409,-9.06,-15.41,1021,88,-10.5,75,4,190,Snow,light shower snow,5000.0,,,0.38
1731672000,1731635944,1731665409,-8.21,-15.18,1021,90,-9.41,75,5,200,Snow,shower snow,1100.0,,,0.44
1731675600,1731635944,1731665409,-7.13,-14.13,1021,92,-8.09,75,6,210,Snow,shower snow,1200.0,,,0.44
1731679200,1731635944,1731665409,-6.02,-11.68,1020,93,-6.86,75,4,220,Snow,light shower snow,3800.0,,,0.4
1731682800,1731635944,1731665409,-5.2,-12.05,1020,93,-6.04,75,6,230,Snow,light shower snow,5000.0,,,0.31
1731686400,1731635944,1731665409,-4.35,-11.35,1020,94,-5.08,75,7,240,Snow,light shower snow,6000.0,,,0.22
1731690000,1731722471,1731751705,-3.79,-10.79,1021,94,-4.52,75,7,240,Snow,light shower snow,9000.0,,,0.17
1731693600,1731722471,1731751705,-3.79,-10.79,1021,95,-4.39,75,7,240,Snow,light shower snow,2300.0,,,0.16
1731697200,1731722471,1731751705,-3.24,-9.56,1021,94,-3.97,75,6,240,Snow,light shower snow,10000.0,,11.0,0.2
1731700800,1731722471,1731751705,-3.24,-9.56,1021,94,-3.97,75,6,240,Snow,light shower snow,9000.0,,,0.2
1731704400,1731722471,1731751705,-3.24,-9.56,1021,94,-3.97,75,6,250,Snow,light shower snow,7000.0,,,0.16
1731708000,1731722471,1731751705,-3.24,-9.56,1022,94,-3.97,75,6,250,Snow,light shower snow,8000.0,,,0.13
1731711600,1731722471,1731751705,-3.24,-9.56,1022,95,-3.85,75,6,240,Snow,light shower snow,9000.0,,,0.1
1731715200,1731722471,1731751705,-3.24,-10.08,1022,95,-3.85,75,7,240,Snow,light shower snow,10000.0,,,
1731718800,1731722471,1731751705,-3.24,-10.24,1022,94,-3.97,75,8,240,Snow,light shower snow,8000.0,,,
1731722400,1731722471,1731751705,-3.16,-9.46,1022,93,-4.02,75,6,240,Clouds,broken clouds,10000.0,,,
1731726000,1731722471,1731751705,-2.99,-9.76,1023,93,-3.85,75,7,240,Clouds,broken clouds,10000.0,,12.0,
1731729600,1731722471,1731751705,-3.04,-9.82,1023,93,-3.9,75,7,240,Clouds,broken clouds,9000.0,,,
1731733200,1731722471,1731751705,-2.46,-8.57,1023,90,-3.71,100,6,240,Clouds,overcast clouds,10000.0,,,
1731736800,1731722471,1731751705,-2.42,-9.02,1023,89,-3.8,100,7,240,Snow,light shower snow,10000.0,,,
1731740400,1731722471,1731751705,-2.44,-9.05,1023,87,-4.09,75,7,230,Snow,light shower snow,10000.0,,,
1731744000,1731722471,1731751705,-2.38,-8.97,1023,89,-3.76,75,7,230,Clouds,broken clouds,10000.0,,,
1731747600,1731722471,1731751705,-2.4,-9.0,1023,92,-3.39,75,7,220,Clouds,broken clouds,10000.0,,,
1731751200,1731722471,1731751705,-2.3,-7.79,1022,89,-3.68,75,5,220,Clouds,broken clouds,10000.0,,,
1731754800,1731722471,1731751705,-2.36,-8.45,1022,90,-3.61,75,6,230,Clouds,broken clouds,10000.0,,,
1731758400,1731722471,1731751705,-2.36,-8.45,1022,87,-4.01,75,6,230,Clouds,broken clouds,10000.0,,,
1731762000,1731722471,1731751705,-1.99,-7.98,1022,88,-3.51,75,6,230,Clouds,broken clouds,10000.0,,,
1731765600,1731722471,1731751705,-2.3,-9.3,1022,90,-3.55,75,8,230,Clouds,broken clouds,10000.0,,,
1731769200,1731722471,1731751705,-2.13,-8.65,1021,88,-3.65,75,7,220,Clouds,broken clouds,10000.0,,,
1731772800,1731722471,1731751705,-2.13,-8.65,1021,87,-3.78,75,7,230,Clouds,broken clouds,10000.0,,,
1731776400,1731808996,1731838003,-2.14,-8.67,1021,86,-3.93,75,7,230,Clouds,broken clouds,10000.0,,,
1731780000,1731808996,1731838003,-2.13,-8.65,1021,85,-4.06,75,7,230,Clouds,broken clouds,10000.0,,,
1731783600,1731808996,1731838003,-2.3,-9.3,1021,85,-4.23,75,8,220,Clouds,broken clouds,10000.0,,,
1731787200,1731808996,1731838003,-2.68,-9.68,1020,80,-5.31,75,8,230,Clouds,broken clouds,10000.0,,,
1731790800,1731808996,1731838003,-2.68,-9.68,1021,85,-4.6,75,9,220,Clouds,broken clouds,10000.0,,,
1731794400,1731808996,1731838003,-3.64,-10.64,1020,80,-6.25,75,9,220,Clouds,broken clouds,10000.0,,,
1731798000,1731808996,1731838003,-3.24,-10.08,1020,85,-5.15,75,7,230,Clouds,broken clouds,10000.0,,,
1731801600,1731808996,1731838003,-3.61,-10.55,1020,85,-5.52,75,7,240,Clouds,broken clouds,10000.0,,,
1731805200,1731808996,1731838003,-3.76,-10.76,1021,86,-5.53,75,8,220,Clouds,broken clouds,10000.0,,,
1731808800,1731808996,1731838003,-4.36,-11.36,1020,86,-6.12,40,8,210,Clouds,scattered clouds,10000.0,,,
1731812400,1731808996,1731838003,-4.65,-11.65,1020,87,-6.27,20,8,220,Clouds,few clouds,10000.0,,,
1731816000,1731808996,1731838003,-5.2,-12.2,1020,86,-6.95,0,7,210,Clear,clear sky,10000.0,,,
1731819600,1731808996,1731838003,-4.94,-11.94,1020,85,-6.83,0,7,210,Clear,clear sky,10000.0,,,
1731823200,1731808996,1731838003,-4.09,-11.09,1019,84,-6.13,0,8,220,Clear,clear sky,10000.0,,,
1731826800,1731808996,1731838003,-3.54,-10.54,1018,82,-5.87,0,9,220,Clear,clear sky,10000.0,,,
1731830400,1731808996,1731838003,-2.98,-9.98,1018,80,-5.6,0,9,210,Clear,clear sky,10000.0,,,
1731834000,1731808996,1731838003,-3.25,-10.09,1018,81,-5.72,0,7,220,Clear,clear sky,10000.0,,,
1731837600,1731808996,1731838003,-3.25,-10.25,1017,81,-5.72,0,8,210,Clear,clear sky,10000.0,,,
1731841200,1731808996,1731838003,-2.85,-9.85,1017,80,-5.48,0,8,210,Clear,clear sky,10000.0,,,
1731844800,1731808996,1731838003,-2.68,-9.68,1018,80,-5.31,0,9,220,Clear,clear sky,10000.0,,,
1731848400,1731808996,1731838003,-2.68,-9.68,1017,79,-5.46,0,9,230,Clear,clear sky,10000.0,,,
1731852000,1731808996,1731838003,-2.68,-9.68,1017,79,-5.46,0,9,220,Clear,clear sky,10000.0,,,
1731855600,1731808996,1731838003,-2.85,-9.85,1017,78,-5.77,0,9,220,Clear,clear sky,10000.0,,,
1731859200,1731808996,1731838003,-3.24,-10.24,1016,80,-5.86,0,8,220,Clear,clear sky,10000.0,,,
1731862800,1731895521,1731924305,-3.61,-10.61,1017,82,-5.94,0,9,220,Clear,clear sky,10000.0,,,
1731866400,1731895521,1731924305,-3.8,-10.8,1016,82,-6.12,0,9,220,Clear,clear sky,10000.0,,,
1731870000,1731895521,1731924305,-4.17,-11.17,1016,84,-6.21,20,8,220,Clouds,few clouds,10000.0,,,
1731873600,1731895521,1731924305,-4.65,-11.65,1016,85,-6.54,20,8,220,Clouds,few clouds,10000.0,,,
1731877200,1731895521,1731924305,-4.9,-11.9,1016,85,-6.79,20,9,220,Clouds,few clouds,10000.0,,,
1731880800,1731895521,1731924305,-4.65,-11.65,1015,85,-6.54,40,9,220,Clouds,scattered clouds,10000.0,,,
1731884400,1731895521,1731924305,-4.35,-11.35,1015,85,-6.25,40,7,210,Clouds,scattered clouds,10000.0,,,
1731888000,1731895521,1731924305,-4.36,-11.36,1014,84,-6.39,75,8,220,Clouds,broken clouds,10000.0,,13.0,
1731891600,1731895521,1731924305,-3.79,-10.79,1014,85,-5.69,75,10,220,Clouds,broken clouds,10000.0,,,
1731895200,1731895521,1731924305,-3.79,-10.79,1013,85,-5.69,40,10,220,Clouds,scattered clouds,10000.0,,,
1731898800,1731895521,1731924305,-3.24,-10.24,1013,85,-5.15,40,10,220,Clouds,scattered clouds,10000.0,,,
1731902400,1731895521,1731924305,-1.74,-8.74,1013,83,-3.95,75,9,240,Clouds,broken clouds,10000.0,,14.0,
1731906000,1731895521,1731924305,-1.84,-8.84,1013,89,-3.23,75,9,230,Snow,light shower snow,10000.0,,14.0,
1731909600,1731895521,1731924305,-1.57,-8.37,1013,93,-2.44,75,8,230,Snow,light shower snow,9000.0,,,
1731913200,1731895521,1731924305,-1.54,-8.54,1013,95,-2.15,75,9,240,Snow,shower snow,1400.0,,,0.51
1731916800,1731895521,1731924305,-1.19,-8.19,1014,96,-1.68,75,9,240,Snow,shower snow,1800.0,,14.0,0.76
1731920400,1731895521,1731924305,-0.98,-7.6,1015,96,-1.47,75,8,240,Snow,light shower snow,2600.0,,13.0,0.87
1731924000,1731895521,1731924305,-0.63,-7.14,1015,97,-1.0,75,8,240,Snow,shower snow,1300.0,,13.0,0.72
1731927600,1731895521,1731924305,-0.63,-6.72,1016,97,-1.0,75,7,240,Snow,light shower snow,5000.0,,,0.38
1731931200,1731895521,1731924305,-0.47,-6.52,1016,96,-0.96,75,7,240,Snow,light shower snow,10000.0,,,0.12
1731934800,1731895521,1731924305,-0.07,-6.0,1017,96,-0.56,75,7,240,Snow,light shower snow,3600.0,,,
1731938400,1731895521,1731924305,-0.07,-6.0,1017,96,-0.56,75,7,240,Clouds,broken clouds,10000.0,,,
1731942000,1731895521,1731924305,-0.47,-6.52,1018,96,-0.96,75,7,230,Snow,light shower snow,10000.0,,,
1731945600,1731895521,1731924305,-0.46,-6.51,1018,96,-0.95,75,7,240,Clouds,broken clouds,10000.0,,,
1731949200,1731982045,1732010608,-0.47,-6.05,1019,96,-0.96,75,6,240,Clouds,broken clouds,10000.0,,,
1731952800,1731982045,1732010608,-0.63,-6.25,1019,95,-1.25,75,6,240,Clouds,broken clouds,10000.0,,,
1731956400,1731982045,1732010608,-0.82,-6.49,1019,93,-1.69,75,6,240,Clouds,broken clouds,10000.0,,,
1731960000,1731982045,1732010608,-1.03,-6.2,1020,92,-2.03,75,5,240,Snow,light shower snow,8000.0,,,
1731963600,1731982045,1732010608,-1.74,-7.66,1020,93,-2.61,75,6,240,Snow,light shower snow,2600.0,,,
1731967200,1731982045,1732010608,-1.95,-7.36,1020,94,-2.69,75,5,230,Snow,light shower snow,6000.0,,,
1731970800,1731982045,1732010608,-2.13,-8.65,1020,94,-2.87,75,7,220,Snow,light shower snow,10000.0,,,
1731974400,1731982045,1732010608,-2.13,-9.09,1020,93,-2.99,75,8,220,Clouds,broken clouds,10000.0,,,
1731978000,1731982045,1732010608,-2.13,-8.65,1020,94,-2.87,75,7,220,Snow,light shower snow,8000.0,,,
1731981600,1731982045,1732010608,-2.13,-9.09,1020,94,-2.87,75,8,230,Clouds,broken clouds,10000.0,,,
1731985200,1731982045,1732010608,-1.57,-8.37,1020,90,-2.83,75,8,230,Clouds,broken clouds,10000.0,,,
1731988800,1731982045,1732010608,-1.28,-7.56,1020,83,-3.5,0,7,230,Clear,clear sky,10000.0,,,
1731992400,1731982045,1732010608,-1.32,-7.61,1020,84,-3.4,0,7,220,Clear,clear sky,10000.0,,12.0,
1731996000,1731982045,1732010608,-0.76,-6.42,1020,82,-3.13,0,6,230,Clear,clear sky,10000.0,,,
1731999600,1731982045,1732010608,0.62,-4.66,1020,78,-2.45,0,6,230,Clear,clear sky,10000.0,,,
1732003200,1731982045,1732010608,1.23,-4.33,1020,72,-2.88,0,7,250,Clear,clear sky,10000.0,,,
1732006800,1731982045,1732010608,0.94,-4.71,1021,71,-3.29,0,7,250,Rain,moderate rain,10000.0,1.02,,
1732010400,1731982045,1732010608,0.68,-5.04,1021,71,-3.51,0,7,250,Clear,clear sky,10000.0,,,
1732014000,1731982045,1732010608,0.68,-5.04,1021,72,-3.35,0,7,240,Clear,clear sky,10000.0,,,
1732017600,1731982045,1732010608,0.68,-5.04,1022,71,-3.51,0,7,240,Clear,clear sky,10000.0,,,
1732021200,1731982045,1732010608,0.13,-5.75,1022,72,-3.82,0,7,240,Clear,clear sky,10000.0,,,
1732024800,1731982045,1732010608,-0.26,-5.78,1023,74,-3.86,0,6,230,Clear,clear sky,10000.0,,,
1732028400,1731982045,1732010608,-0.82,-6.49,1023,76,-4.09,0,6,220,Clear,clear sky,10000.0,,,
1732032000,1731982045,1732010608,-1.19,-6.96,1023,77,-4.3,0,6,220,Clear,clear sky,10000.0,,,
1732035600,1732068568,1732096915,-1.57,-7.93,1023,77,-4.67,0,7,220,Clear,clear sky,10000.0,,,
1732039200,1732068568,1732096915,-1.86,-7.81,1023,77,-4.95,0,6,220,Clear,clear sky,10000.0,,,
1732042800,1732068568,1732096915,-2.1,-8.61,1023,77,-5.19,0,7,230,Clear,clear sky,10000.0,,,
1732046400,1732068568,1732096915,-4.67,-9.94,1023,85,-6.56,78,3.9,205,Clouds,broken clouds,,,,
1732050000,1732068568,1732096915,-4.53,-9.84,1023,84,-6.56,42,3.99,205,Clouds,scattered clouds,,,,
1732053600,1732068568,1732096915,-5.3,-10.87,1022,85,-7.18,51,4.09,206,Clouds,broken clouds,,,,
1732057200,1732068568,1732096915,-5.29,-10.9,1022,85,-7.17,67,4.15,206,Clouds,broken clouds,,,,
1732060800,1732068568,1732096915,-5.3,-10.86,1022,85,-7.18,49,4.08,206,Clouds,scattered clouds,,,,
1732064400,1732068568,1732096915,-5.29,-10.75,1022,85,-7.17,4,3.96,207,Clear,clear sky,,,,
1732068000,1732068568,1732096915,-5.73,-11.13,1022,85,-7.61,0,3.78,208,Clear,clear sky,,,,
1732071600,1732068568,1732096915,-5.9,-11.23,1022,85,-7.77,0,3.65,208,Clear,clear sky,,,,
1732075200,1732068568,1732096915,-5.53,-11.08,1022,77,-8.54,0,4,220,Clear,clear sky,10000.0,,,
1732078800,1732068568,1732096915,-3.01,-7.98,1022,78,-5.93,0,4,210,Clear,clear sky,10000.0,,,
1732082400,1732068568,1732096915,-2.78,-8.39,1022,76,-6.0,0,5,220,Clear,clear sky,10000.0,,,
1732086000,1732068568,1732096915,-2.64,-6.28,1021,76,-5.87,0,2.62,211,Clear,clear sky,,,,
1732089600,1732068568,1732096915,-1.05,-5.57,1021,71,-5.11,0,4,220,Clear,clear sky,10000.0,,,
1732093200,1732068568,1732096915,-1.76,-7.12,1021,71,-5.8,0,5,210,Clear,clear sky,10000.0,,,
1732096800,1732068568,1732096915,-4.44,-8.79,1020,80,-7.04,0,2.96,194,Clear,clear sky,,,,
1732100400,1732068568,1732096915,-4.62,-9.05,1020,74,-8.11,0,3,200,Clear,clear sky,10000.0,,,
1732104000,1732068568,1732096915,-4.69,-10.05,1020,74,-8.17,0,4,210,Clear,clear sky,10000.0,,,
1732107600,1732068568,1732096915,-4.67,-8.85,1020,80,-7.26,0,2.76,195,Clear,clear sky,,,,
1732111200,1732068568,1732096915,-6.73,-11.08,1020,85,-8.59,0,2.57,197,Clear,clear sky,,,,
1732114800,1732068568,1732096915,-7.37,-11.47,1019,86,-9.09,0,2.29,195,Clear,clear sky,,,,
1732118400,1732068568,1732096915,-7.65,-11.37,1019,84,-9.63,0,2,200,Clear,clear sky,10000.0,,,
1732122000,1732155089,1732183224,-8.73,-12.74,1019,86,-10.43,0,2.07,185,Clear,clear sky,,,,
1732125600,1732155089,1732183224,-9.28,-14.65,1019,86,-10.98,0,3,200,Clear,clear sky,10000.0,,,
1732129200,1732155089,1732183224,-8.17,-8.17,1018,86,-9.88,0,0,0,Clear,clear sky,10000.0,,,
1732132800,1732155089,1732183224,-9.01,-14.32,1018,86,-10.71,0,3,190,Clear,clear sky,10000.0,,,
1732136400,1732155089,1732183224,-8.42,-12.37,1018,86,-10.13,14,2.07,173,Clouds,few clouds,,,,
1732140000,1732155089,1732183224,-8.33,-12.53,1017,86,-10.04,27,2.24,179,Clouds,scattered clouds,,,,
1732143600,1732155089,1732183224,-8.29,-12.45,1017,85,-10.13,34,2.22,175,Clouds,scattered clouds,,,,
1732147200,1732155089,1732183224,-7.94,-12.18,1016,85,-9.79,35,2.32,173,Clouds,scattered clouds,,,,
1732150800,1732155089,1732183224,-7.34,-11.84,1016,85,-9.19,78,2.6,174,Clouds,broken clouds,,,,
1732154400,1732155089,1732183224,-6.34,-10.84,1016,82,-8.62,98,2.75,175,Clouds,overcast clouds,,,,
1732158000,1732155089,1732183224,-6.66,-11.39,1016,80,-9.21,98,2.9,175,Clouds,overcast clouds,,,,
1732161600,1732155089,1732183224,-7.4,-12.3,1015,83,-9.52,95,2.92,174,Clouds,overcast clouds,,,,
1732165200,1732155089,1732183224,-1.64,-4.37,1015,66,-6.53,0,2,190,Clear,clear sky,10000.0,,,
1732168800,1732155089,1732183224,-1.97,-5.87,1015,69,-6.34,0,3,180,Clear,clear sky,10000.0,,,
1732172400,1732155089,1732183224,-0.92,-5.41,1015,67,-5.66,0,4,200,Clear,clear sky,10000.0,,,
1732176000,1732155089,1732183224,-0.5,-5.54,1015,62,-6.16,0,5,210,Clear,clear sky,10000.0,,,
1732179600,1732155089,1732183224,-0.5,-6.09,1015,65,-5.61,0,6,210,Clear,clear sky,10000.0,,,
1732183200,1732155089,1732183224,-1.3,-6.54,1015,69,-5.69,0,5,200,Clear,clear sky,10000.0,,,
1732186800,1732155089,1732183224,-1.3,-6.54,1015,74,-4.87,0,5,210,Clear,clear sky,10000.0,,,
1732190400,1732155089,1732183224,-1.06,-6.24,1015,77,-4.17,75,5,210,Clouds,broken clouds,10000.0,,,
1732194000,1732155089,1732183224,-0.19,-5.15,1015,82,-2.57,75,5,210,Clouds,broken clouds,10000.0,,,
1732197600,1732155089,1732183224,0.06,-4.84,1015,84,-2.05,75,5,210,Clouds,broken clouds,10000.0,,,
1732201200,1732155089,1732183224,-0.5,-4.9,1015,85,-2.45,75,4,220,Clouds,broken clouds,10000.0,,,
1732204800,1732155089,1732183224,-0.25,-5.23,1015,86,-2.07,75,5,220,Clouds,broken clouds,10000.0,,,
1732208400,1732241609,1732269536,-0.5,-6.09,1015,87,-2.17,75,6,230,Snow,light snow,10000.0,,,0.11
1732212000,1732241609,1732269536,-0.19,-5.69,1016,87,-1.87,75,6,230,Snow,light snow,10000.0,,,0.13
1732215600,1732241609,1732269536,-0.19,-5.15,1016,88,-1.73,75,5,240,Snow,light shower snow,9000.0,,,0.13
1732219200,1732241609,1732269536,-0.5,-4.9,1016,92,-1.5,75,4,250,Snow,light shower snow,6000.0,,,0.16
1732222800,1732241609,1732269536,-0.75,-5.2,1017,93,-1.62,75,4,260,Snow,shower snow,1700.0,,,0.19
1732226400,1732241609,1732269536,-2.66,-7.55,1017,92,-3.65,75,4,290,Snow,light shower snow,6000.0,,,0.32
1732230000,1732241609,1732269536,-4.08,-10.02,1018,93,-4.93,75,5,300,Snow,light shower snow,2300.0,,,0.29
1732233600,1732241609,1732269536,-4.32,-10.32,1019,94,-5.05,75,5,300,Snow,light shower snow,4800.0,,,0.14
1732237200,1732241609,1732269536,-4.08,-8.4,1020,94,-4.81,75,3,290,Snow,light shower snow,7000.0,,,
1732240800,1732241609,1732269536,-4.08,-8.4,1021,93,-4.93,75,3,280,Clouds,broken clouds,10000.0,,,
1732244400,1732241609,1732269536,-3.83,-8.99,1022,93,-4.68,75,4,270,Snow,light shower snow,10000.0,,,
1732248000,1732241609,1732269536,-2.97,-7.07,1023,92,-3.96,75,3,280,Snow,light shower snow,10000.0,,,0.2
1732251600,1732241609,1732269536,-2.72,-7.63,1024,90,-3.97,75,4,310,Snow,light shower snow,10000.0,,,0.17
1732255200,1732241609,1732269536,-4.1,-10.04,1026,85,-6.0,75,5,350,Snow,light shower snow,8000.0,,,
1732258800,1732241609,1732269536,-4.39,-10.41,1027,76,-7.58,75,5,340,Clouds,broken clouds,10000.0,,,
1732262400,1732241609,1732269536,-5.89,-12.89,1029,75,-9.19,40,7,350,Clouds,scattered clouds,10000.0,,,
1732266000,1732241609,1732269536,-6.44,-12.2,1031,69,-10.66,40,4,340,Clouds,scattered clouds,10000.0,,9.0,
1732269600,1732241609,1732269536,-8.8,-15.09,1032,70,-12.79,20,4,320,Clouds,few clouds,10000.0,,,
1732273200,1732241609,1732269536,-10.75,-16.41,1035,71,-14.53,0,3,330,Clear,clear sky,10000.0,,,
1732276800,1732241609,1732269536,-11.54,-17.36,1037,71,-15.3,0,3,320,Clear,clear sky,10000.0,,,
1732280400,1732241609,1732269536,-11.93,-17.83,1038,69,-15.98,0,3,320,Clear,clear sky,10000.0,,,
1732284000,1732241609,1732269536,-12.97,-17.56,1040,71,-16.69,0,2,340,Clear,clear sky,10000.0,,,
1732287600,1732241609,1732269536,-15.27,-20.24,1041,66,-19.69,0,2,330,Clear,clear sky,10000.0,,,
1732291200,1732241609,1732269536,-15.8,-20.86,1042,72,-19.29,0,2,330,Clear,clear sky,10000.0,,,
1732294800,1732328128,1732355852,-17.93,-23.99,1043,80,-20.27,22,2.34,323,Clouds,few clouds,,,,
1732298400,1732328128,1732355852,-18.24,-23.76,1044,80,-20.58,46,2.03,319,Clouds,scattered clouds,,,,
1732302000,1732328128,1732355852,-16.16,-16.16,1044,78,-18.8,0,1,330,Clear,clear sky,10000.0,,,
1732305600,1732328128,1732355852,-15.98,-21.07,1045,78,-18.62,0,2,320,Clear,clear sky,10000.0,,,
1732309200,1732328128,1732355852,-15.73,-15.73,1046,78,-18.38,0,1,320,Clear,clear sky,10000.0,,,
1732312800,1732328128,1732355852,-15.98,-21.07,1046,78,-18.62,0,2,270,Clear,clear sky,10000.0,,,
1732316400,1732328128,1732355852,-16.06,-20.24,1047,78,-18.7,100,1.57,236,Clouds,overcast clouds,,,,
1732320000,1732328128,1732355852,-15.46,-20.46,1047,79,-17.98,0,2,220,Clear,clear sky,10000.0,,,
1732323600,1732328128,1732355852,-15.53,-19.97,1047,78,-18.18,100,1.72,205,Clouds,overcast clouds,,,,
1732327200,1732328128,1732355852,-15.5,-20.51,1047,80,-17.89,0,2,200,Clear,clear sky,10000.0,,,
1732330800,1732328128,1732355852,-15.2,-21.76,1047,79,-17.73,0,3,200,Clear,clear sky,10000.0,,,
1732334400,1732328128,1732355852,-14.03,-20.35,1047,75,-17.13,0,3,200,Clear,clear sky,10000.0,,,
1732338000,1732328128,1732355852,-13.83,-18.57,1047,75,-16.94,0,2,210,Clear,clear sky,10000.0,,,
1732341600,1732328128,1732355852,-12.75,-17.31,1047,71,-16.47,0,2,200,Clear,clear sky,10000.0,,,
1732345200,1732328128,1732355852,-12.46,-18.47,1047,75,-15.6,75,3,210,Snow,light shower snow,6000.0,,,
1732348800,1732328128,1732355852,-11.61,-17.45,1046,79,-14.21,75,3,180,Snow,light snow,9000.0,,,
1732352400,1732328128,1732355852,-11.78,-17.65,1046,80,-14.24,75,3,190,Snow,light snow,7000.0,,,
1732356000,1732328128,1732355852,-11.23,-18.08,1046,80,-13.7,75,4,180,Snow,light shower snow,9000.0,,,
1732359600,1732328128,1732355852,-11.03,-17.83,1045,78,-13.78,75,4,180,Clouds,broken clouds,10000.0,,,
1732363200,1732328128,1732355852,-10.63,-17.63,1045,77,-13.53,0,5,180,Snow,light snow,10000.0,,,0.12
1732366800,1732328128,1732355852,-9.9,-16.9,1044,76,-12.96,0,5,180,Snow,light snow,10000.0,,,0.13
1732370400,1732328128,1732355852,-9.56,-16.56,1044,74,-12.92,0,5,190,Clear,clear sky,10000.0,,,
1732374000,1732328128,1732355852,-9.35,-16.35,1044,76,-12.42,0,6,200,Clear,clear sky,10000.0,,,
1732377600,1732328128,1732355852,-8.79,-15.79,1044,78,-11.58,40,6,200,Clouds,scattered clouds,10000.0,,,
1732381200,1732414645,1732442170,-8.25,-15.23,1042,79,-10.91,75,5,200,Clouds,broken clouds,10000.0,,,
1732384800,1732414645,1732442170,-8.06,-15.0,1042,80,-10.59,75,5,200,Clouds,broken clouds,10000.0,,,
1732388400,1732414645,1732442170,-7.68,-13.72,1042,82,-9.94,75,4,220,Clouds,broken clouds,10000.0,,,
1732392000,1732414645,1732442170,-7.43,-14.43,1041,84,-9.42,75,7,220,Clouds,broken clouds,10000.0,,,
1732395600,1732414645,1732442170,-7.13,-14.13,1041,85,-8.99,75,6,240,Clouds,broken clouds,10000.0,,,
1732399200,1732414645,1732442170,-6.95,-13.61,1041,85,-8.81,75,5,240,Snow,light snow,10000.0,,,0.17
1732402800,1732414645,1732442170,-6.74,-13.35,1041,86,-8.47,75,5,240,Snow,light shower snow,9000.0,,,0.38
1732406400,1732414645,1732442170,-6.58,-13.15,1041,88,-8.05,75,5,220,Snow,light snow,9000.0,,,0.35
1732410000,1732414645,1732442170,-6.32,-12.82,1040,89,-7.66,75,5,240,Snow,light snow,9000.0,,,0.19
1732413600,1732414645,1732442170,-6.32,-12.05,1041,89,-7.66,75,4,240,Snow,light shower snow,6000.0,,,
1732417200,1732414645,1732442170,-5.99,-11.64,1041,88,-7.47,75,4,240,Snow,light shower snow,10000.0,,,
1732420800,1732414645,1732442170,-5.76,-10.42,1041,88,-7.24,75,3,250,Clouds,broken clouds,10000.0,,,
1732424400,1732414645,1732442170,-5.76,-11.36,1041,89,-7.11,75,4,250,Snow,light shower snow,6000.0,,,
1732428000,1732414645,1732442170,-5.62,-10.25,1041,90,-6.84,75,3,250,Snow,light shower snow,10000.0,,,
1732431600,1732414645,1732442170,-5.66,-11.24,1042,90,-6.88,75,4,260,Snow,light shower snow,4600.0,,,
1732435200,1732414645,1732442170,-5.2,-9.75,1042,87,-6.82,75,3,260,Clouds,broken clouds,10000.0,,,
1732438800,1732414645,1732442170,-5.22,-9.77,1042,86,-6.97,75,3,260,Clouds,broken clouds,10000.0,,,
1732442400,1732414645,1732442170,-5.89,-10.58,1042,86,-7.63,75,3,260,Clouds,broken clouds,10000.0,,,
1732446000,1732414645,1732442170,-5.94,-9.37,1042,87,-7.55,75,2,240,Clouds,broken clouds,10000.0,,,
1732449600,1732414645,1732442170,-6.29,-9.78,1043,93,-7.13,75,2,220,Snow,light shower snow,10000.0,,,
1732453200,1732414645,1732442170,-6.09,-9.55,1043,90,-7.31,75,2,210,Clouds,broken clouds,10000.0,,,
1732456800,1732414645,1732442170,-6.24,-11.0,1043,90,-7.46,75,3,200,Clouds,broken clouds,10000.0,,,
1732460400,1732414645,1732442170,-6.16,-10.9,1043,93,-7.0,75,3,210,Clouds,broken clouds,10000.0,,,
1732464000,1732414645,1732442170,-6.21,-10.96,1042,90,-7.43,75,3,210,Clouds,broken clouds,10000.0,,,
1732467600,1732501160,1732528491,-6.09,-10.82,1042,91,-7.18,75,3,220,Clouds,broken clouds,10000.0,,,
1732471200,1732501160,1732528491,-5.92,-10.61,1042,92,-6.89,75,3,210,Clouds,broken clouds,8000.0,,,
1732474800,1732501160,1732528491,-5.83,-9.25,1042,93,-6.67,75,2,210,Mist,mist,2500.0,,,
1732478400,1732501160,1732528491,-5.74,-10.4,1042,95,-6.34,100,3,210,Mist,mist,2200.0,,,
1732482000,1732501160,1732528491,-5.37,-10.88,1042,96,-5.85,100,4,210,Mist,mist,1300.0,,,
1732485600,1732501160,1732528491,-5.06,-9.58,1042,96,-5.54,100,3,210,Mist,mist,4300.0,,,
1732489200,1732501160,1732528491,-5.07,-9.59,1042,96,-5.55,100,3,200,Clouds,overcast clouds,7000.0,,,
1732492800,1732501160,1732528491,-5.29,-10.78,1041,97,-5.64,100,4,210,Clouds,overcast clouds,6000.0,,,
1732496400,1732501160,1732528491,-5.38,-10.89,1042,97,-5.73,100,4,210,Clouds,overcast clouds,8000.0,,,
1732500000,1732501160,1732528491,-5.7,-10.35,1041,97,-6.05,100,3,210,Clouds,overcast clouds,8000.0,,,
1732503600,1732501160,1732528491,-5.72,-11.31,1041,97,-6.07,100,4,230,Clouds,overcast clouds,6000.0,,,
1732507200,1732501160,1732528491,-5.72,-12.07,1042,97,-6.07,100,5,230,Mist,mist,4700.0,,,
1732510800,1732501160,1732528491,-4.59,-10.66,1041,93,-5.44,40,5,220,Clouds,scattered clouds,10000.0,,,
1732514400,1732501160,1732528491,-4.66,-11.66,1041,90,-5.89,20,7,230,Clouds,few clouds,10000.0,,,
1732518000,1732501160,1732528491,-4.59,-11.28,1041,82,-6.9,40,6,230,Clouds,scattered clouds,10000.0,,,
1732521600,1732501160,1732528491,-4.28,-10.88,1041,83,-6.45,20,6,220,Clouds,few clouds,10000.0,,,
1732525200,1732501160,1732528491,-4.46,-11.11,1041,82,-6.77,0,6,220,Clear,clear sky,10000.0,,,
1732528800,1732501160,1732528491,-6.16,-13.16,1041,82,-8.44,0,6,220,Clear,clear sky,10000.0,,,
1732532400,1732501160,1732528491,-6.23,-12.71,1041,82,-8.51,0,5,220,Clear,clear sky,10000.0,,,
1732536000,1732501160,1732528491,-6.7,-13.3,1041,86,-8.43,0,5,230,Clear,clear sky,10000.0,,,
1732539600,1732501160,1732528491,-6.49,-13.03,1041,79,-9.19,0,5,220,Clear,clear sky,10000.0,,,
1732543200,1732501160,1732528491,-7.36,-13.33,1040,86,-9.08,0,4,220,Clear,clear sky,10000.0,,,
1732546800,1732501160,1732528491,-7.7,-14.55,1040,86,-9.42,0,5,230,Clear,clear sky,10000.0,,,
1732550400,1732501160,1732528491,-7.44,-13.14,1040,87,-9.03,92,3.69,218,Clouds,overcast clouds,,,,
1732554000,1732587673,1732614815,-8.51,-14.74,1040,87,-10.09,0,4,230,Clear,clear sky,10000.0,,,
1732557600,1732587673,1732614815,-8.22,-14.38,1040,87,-9.8,0,4,220,Clear,clear sky,10000.0,,,
1732561200,1732587673,1732614815,-8.45,-13.98,1040,89,-9.77,59,3.3,218,Clouds,broken clouds,,,,
1732564800,1732587673,1732614815,-9.24,-15.04,1040,89,-10.55,81,3.4,216,Clouds,broken clouds,,,,
1732568400,1732587673,1732614815,-9.26,-16.26,1040,90,-10.45,0,5,230,Clear,clear sky,10000.0,,,
1732572000,1732587673,1732614815,-9.33,-16.33,1040,88,-10.77,0,5,230,Clear,clear sky,10000.0,,,
1732575600,1732587673,1732614815,-9.36,-15.78,1040,91,-10.42,0,4,220,Clear,clear sky,10000.0,,,
1732579200,1732587673,1732614815,-9.2,-15.59,1040,91,-10.26,0,4,230,Clear,clear sky,10000.0,,,
1732582800,1732587673,1732614815,-9.05,-15.4,1040,91,-10.12,0,4,230,Clear,clear sky,10000.0,,,
1732586400,1732587673,1732614815,-10.35,-15.82,1040,89,-11.65,22,2.91,227,Clouds,few clouds,,,,
1732590000,1732587673,1732614815,-10.65,-17.37,1040,92,-11.58,0,4,220,Clear,clear sky,10000.0,,,
1732593600,1732587673,1732614815,-10.52,-17.21,1040,92,-11.45,0,4,230,Clear,clear sky,10000.0,,,
1732597200,1732587673,1732614815,-6.6,-12.39,1040,85,-8.47,0,4,230,Clear,clear sky,10000.0,,,
1732600800,1732587673,1732614815,-6.3,-11.07,1040,79,-9.0,0,3,230,Clear,clear sky,10000.0,,,
1732604400,1732587673,1732614815,-6.3,-10.62,1039,85,-8.17,0,2.61,216,Clear,clear sky,,,,
1732608000,1732587673,1732614815,-4.94,-9.43,1039,80,-7.53,0,3,230,Clear,clear sky,10000.0,,,
1732611600,1732587673,1732614815,-4.65,-10.0,1039,81,-7.1,0,4,230,Clear,clear sky,10000.0,,,
1732615200,1732587673,1732614815,-5.26,-9.82,1039,81,-7.7,0,3,230,Clear,clear sky,10000.0,,,
1732618800,1732587673,1732614815,-7.81,-12.88,1040,79,-10.48,0,3,220,Clear,clear sky,10000.0,,,
1732622400,1732587673,1732614815,-7.83,-11.58,1040,79,-10.5,0,2,210,Clear,clear sky,10000.0,,,
1732626000,1732587673,1732614815,-7.79,-12.86,1040,86,-9.51,0,3,220,Clear,clear sky,10000.0,,,
1732629600,1732587673,1732614815,-8.32,-13.49,1039,83,-10.43,0,3,210,Clear,clear sky,10000.0,,,
1732633200,1732587673,1732614815,-8.67,-13.91,1039,87,-10.24,0,3,220,Clear,clear sky,10000.0,,,
1732636800,1732587673,1732614815,-10.43,-14.6,1039,85,-12.24,0,2,210,Clear,clear sky,10000.0,,,
1732640400,1732674185,1732701143,-9.34,-14.72,1038,86,-11.04,0,3,220,Clear,clear sky,10000.0,,,
1732644000,1732674185,1732701143,-10.69,-17.42,1038,85,-12.5,0,4,210,Clear,clear sky,10000.0,,,
1732647600,1732674185,1732701143,-10.99,-16.7,1038,84,-12.92,0,3,210,Clear,clear sky,10000.0,,,
1732651200,1732674185,1732701143,-12.07,-18.43,1038,83,-14.12,5,3.36,206,Clear,clear sky,,,,
1732654800,1732674185,1732701143,-11.51,-17.93,1037,84,-13.44,1,3.52,208,Clear,clear sky,,,,
1732658400,1732674185,1732701143,-11.51,-17.89,1037,83,-13.57,0,3.48,215,Clear,clear sky,,,,
1732662000,1732674185,1732701143,-10.96,-16.67,1036,83,-13.03,0,3,210,Clear,clear sky,10000.0,,,
1732665600,1732674185,1732701143,-9.26,-14.62,1036,85,-11.09,0,3,220,Clear,clear sky,10000.0,,,
1732669200,1732674185,1732701143,-9.39,-15.82,1036,88,-10.83,0,4,220,Clear,clear sky,10000.0,,,
1732672800,1732674185,1732701143,-8.24,-14.41,1035,86,-9.95,0,4,220,Clear,clear sky,10000.0,,,
1732676400,1732674185,1732701143,-7.95,-14.05,1036,86,-9.66,0,4,220,Clear,clear sky,10000.0,,,
1732680000,1732674185,1732701143,-7.13,-13.83,1035,83,-9.26,0,5,220,Clear,clear sky,10000.0,,,
1732683600,1732674185,1732701143,-6.58,-13.15,1035,83,-8.72,0,5,220,Clear,clear sky,10000.0,,,
1732687200,1732674185,1732701143,-4.68,-10.77,1034,75,-8.01,0,5,230,Clear,clear sky,10000.0,,,
1732690800,1732674185,1732701143,-3.83,-8.1,1034,75,-7.18,0,3,220,Clear,clear sky,10000.0,,,
1732694400,1732674185,1732701143,-2.98,-5.93,1033,73,-6.67,0,2,250,Clear,clear sky,10000.0,,,
1732698000,1732674185,1732701143,-2.98,-8.64,1033,71,-6.99,0,5,230,Clear,clear sky,10000.0,,,
1732701600,1732674185,1732701143,-3.41,-8.47,1033,71,-7.4,0,4,230,Clear,clear sky,10000.0,,,
1732705200,1732674185,1732701143,-3.76,-9.62,1033,71,-7.74,0,5,220,Clear,clear sky,10000.0,,,
1732708800,1732674185,1732701143,-3.72,-9.57,1033,63,-9.07,0,5,230,Clear,clear sky,10000.0,,,
1732712400,1732674185,1732701143,-3.61,-8.72,1033,54,-10.7,0,4,230,Clear,clear sky,10000.0,,,
1732716000,1732674185,1732701143,-4.47,-9.64,1033,67,-9.09,0,3.83,223,Clear,clear sky,,,,
1732719600,1732674185,1732701143,-4.79,-9.25,1033,63,-10.1,0,3,220,Clear,clear sky,10000.0,,,
1732723200,1732674185,1732701143,-4.79,-9.25,1032,66,-9.57,0,3,220,Clear,clear sky,10000.0,,,
1732726800,1732760694,1732787474,-5.81,-11.42,1032,69,-10.05,0,4,220,Clear,clear sky,10000.0,,,
1732730400,1732760694,1732787474,-5.94,-12.34,1032,68,-10.35,0,5,220,Clear,clear sky,10000.0,,,
1732734000,1732760694,1732787474,-6.1,-12.55,1032,68,-10.5,0,5,220,Clear,clear sky,10000.0,,,
1732737600,1732760694,1732787474,-7.4,-13.37,1032,73,-10.97,0,4,220,Clear,clear sky,10000.0,,,
1732741200,1732760694,1732787474,-7.52,-12.53,1031,79,-10.2,0,3,220,Clear,clear sky,10000.0,,,
1732744800,1732760694,1732787474,-8.17,-11.97,1031,92,-9.12,0,2,220,Clear,clear sky,10000.0,,,
1732748400,1732760694,1732787474,-8.19,-12.0,1032,93,-9.02,0,2,220,Clear,clear sky,10000.0,,,
1732752000,1732760694,1732787474,-8.46,-13.66,1031,86,-10.17,0,3,210,Clear,clear sky,10000.0,,,
1732755600,1732760694,1732787474,-8.62,-13.85,1031,85,-10.46,0,3,210,Clear,clear sky,10000.0,,,
1732759200,1732760694,1732787474,-9.52,-13.54,1030,86,-11.21,0,2,210,Clear,clear sky,10000.0,,,
1732762800,1732760694,1732787474,-9.62,-14.65,1031,83,-11.71,0,2.67,205,Clear,clear sky,,,,
1732766400,1732760694,1732787474,-9.89,-14.58,1030,82,-12.11,1,2.39,206,Clear,clear sky,,,,
1732770000,1732760694,1732787474,-6.23,-10.98,1030,80,-8.79,0,3,210,Clear,clear sky,10000.0,,,
1732773600,1732760694,1732787474,-4.77,-8.01,1029,75,-8.1,0,2,220,Clear,clear sky,10000.0,,,
1732777200,1732760694,1732787474,-4.0,-7.12,1028,76,-7.2,0,2,220,Clear,clear sky,10000.0,,,
1732780800,1732760694,1732787474,-3.54,-7.75,1028,76,-6.75,0,3,220,Clear,clear sky,10000.0,,,
1732784400,1732760694,1732787474,-4.32,-7.49,1028,77,-7.36,0,2,220,Clear,clear sky,10000.0,,,
1732788000,1732760694,1732787474,-7.79,-11.5,1027,84,-9.77,0,1.98,200,Clear,clear sky,,,,
1732791600,1732760694,1732787474,-7.5,-11.18,1027,82,-9.76,0,1.99,202,Clear,clear sky,,,,
1732795200,1732760694,1732787474,-7.62,-11.27,1026,83,-9.74,0,1.96,200,Clear,clear sky,,,,
1732798800,1732760694,1732787474,-8.34,-8.34,1026,92,-9.29,0,0,0,Clear,clear sky,10000.0,,,
1732802400,1732760694,1732787474,-11.53,-15.87,1026,89,-12.82,0,1.99,198,Clear,clear sky,,,,
1732806000,1732760694,1732787474,-12.08,-12.08,1025,92,-13.0,0,1,180,Clear,clear sky,10000.0,,,
1732809600,1732760694,1732787474,-12.36,-12.36,1025,84,-14.27,0,0,0,Mist,mist,5000.0,,,
1732813200,1732847201,1732873809,-12.36,-12.36,1025,85,-14.15,0,0,0,Mist,mist,3700.0,,,
1732816800,1732847201,1732873809,-12.82,-12.82,1024,87,-14.35,0,0,0,Clear,clear sky,7000.0,,,
1732820400,1732847201,1732873809,-13.29,-13.29,1023,84,-15.19,0,0,0,Clear,clear sky,9000.0,,,
1732824000,1732847201,1732873809,-14.02,-14.02,1023,84,-15.91,0,0,0,Mist,mist,5000.0,,,
1732827600,1732847201,1732873809,-14.58,-14.58,1023,85,-16.33,20,0,0,Clouds,few clouds,9000.0,,,
1732831200,1732847201,1732873809,-14.87,-14.87,1022,84,-16.75,20,0,0,Clouds,few clouds,6000.0,,,
1732834800,1732847201,1732873809,-15.33,-15.33,1022,84,-17.2,20,0,0,Clouds,few clouds,6000.0,,,
1732838400,1732847201,1732873809,-15.43,-15.43,1022,83,-17.43,40,0,0,Mist,mist,6000.0,,,
1732842000,1732847201,1732873809,-15.13,-15.13,1022,84,-17.0,40,1,80,Mist,mist,3500.0,,,
1732845600,1732847201,1732873809,-14.58,-14.58,1021,88,-15.96,0,1,0,Mist,mist,5000.0,,,
1732849200,1732847201,1732873809,-14.58,-14.58,1021,88,-15.96,0,0,0,Mist,mist,5000.0,,,
1732852800,1732847201,1732873809,-12.92,-12.92,1021,88,-14.32,0,1,60,Mist,mist,5000.0,,,
1732856400,1732847201,1732873809,-11.31,-11.31,1021,86,-12.98,0,0,0,Mist,mist,5000.0,,,
1732860000,1732847201,1732873809,-10.77,-10.77,1020,92,-11.7,0,0,0,Mist,mist,5000.0,,,
1732863600,1732847201,1732873809,-10.55,-10.55,1020,82,-12.76,13,1.01,108,Clouds,few clouds,,,,
1732867200,1732847201,1732873809,-9.44,-9.44,1020,86,-11.13,27,1,70,Smoke,smoke,5000.0,,,
1732870800,1732847201,1732873809,-9.88,-9.88,1020,83,-11.96,51,0,0,Smoke,smoke,5000.0,,,
1732874400,1732847201,1732873809,-10.22,-14.36,1020,84,-12.17,57,2,80,Smoke,smoke,4500.0,,,
1732878000,1732847201,1732873809,-10.36,-14.52,1019,85,-12.17,75,2,120,Smoke,smoke,5000.0,,,
1732881600,1732847201,1732873809,-11.25,-15.56,1019,85,-13.05,90,2,110,Smoke,smoke,5000.0,,,
1732885200,1732847201,1732873809,-10.96,-16.67,1020,87,-12.51,100,3,60,Mist,mist,5000.0,,,
1732888800,1732847201,1732873809,-9.29,-9.29,1020,87,-10.86,100,1,140,Clouds,overcast clouds,6000.0,,,
1732892400,1732847201,1732873809,-8.99,-12.93,1020,87,-10.56,100,2,70,Mist,mist,5000.0,,,
1732896000,1732847201,1732873809,-9.24,-14.6,1020,87,-10.81,100,3,80,Mist,mist,5000.0,,,
1732899600,1732933706,1732960147,-8.18,-14.33,1020,87,-9.76,100,4,90,Clouds,overcast clouds,7000.0,,,
1732903200,1732933706,1732960147,-8.18,-13.33,1021,87,-9.76,100,3,110,Clouds,overcast clouds,7000.0,,,
1732906800,1732933706,1732960147,-8.47,-14.69,1021,86,-10.18,0,4,100,Clear,clear sky,10000.0,,,
1732910400,1732933706,1732960147,-8.49,-15.49,1021,85,-10.33,0,5,90,Clear,clear sky,10000.0,,,
1732914000,1732933706,1732960147,-9.06,-15.41,1021,86,-10.76,0,4,110,Clear,clear sky,10000.0,,,
1732917600,1732933706,1732960147,-9.06,-15.41,1021,86,-10.76,0,4,100,Clear,clear sky,10000.0,,,
1732921200,1732933706,1732960147,-8.47,-14.69,1021,85,-10.31,0,4,90,Clear,clear sky,10000.0,,,
1732924800,1732933706,1732960147,-7.92,-14.82,1021,85,-9.77,0,5,100,Clear,clear sky,10000.0,,,
1732928400,1732933706,1732960147,-7.95,-14.86,1022,85,-9.8,0,5,100,Clear,clear sky,10000.0,,,
1732932000,1732933706,1732960147,-7.66,-13.69,1022,84,-9.64,0,4,90,Clear,clear sky,10000.0,,9.0,
1732935600,1732933706,1732960147,-7.62,-13.64,1023,85,-9.47,0,4,100,Clear,clear sky,10000.0,,,
1732939200,1732933706,1732960147,-6.33,-12.06,1023,85,-8.2,0,4,100,Clear,clear sky,10000.0,,,
1732942800,1732933706,1732960147,-4.35,-10.97,1023,84,-6.38,0,6,110,Clear,clear sky,10000.0,,,
1732946400,1732933706,1732960147,-3.45,-9.23,1023,80,-6.06,0,5,100,Clear,clear sky,10000.0,,,
1732950000,1732933706,1732960147,-3.54,-9.94,1022,82,-5.87,0,6,90,Clear,clear sky,10000.0,,,
1732953600,1732933706,1732960147,-3.24,-9.56,1022,81,-5.71,0,6,110,Clear,clear sky,10000.0,,,
1732957200,1732933706,1732960147,-3.24,-8.97,1022,82,-5.57,0,5,110,Clear,clear sky,10000.0,,,
1732960800,1732933706,1732960147,-3.5,-9.29,1023,82,-5.83,0,5,100,Clear,clear sky,10000.0,,,
1732964400,1732933706,1732960147,-4.32,-9.59,1023,84,-6.35,0,4,90,Clear,clear sky,10000.0,,,
1732968000,1732933706,1732960147,-4.83,-10.96,1023,87,-6.45,0,5,100,Clear,clear sky,10000.0,,,
1732971600,1732933706,1732960147,-4.82,-11.57,1023,80,-7.41,0,6,100,Clear,clear sky,10000.0,,,
1732975200,1732933706,1732960147,-6.48,-13.02,1022,87,-8.08,0,5,100,Clear,clear sky,10000.0,,,
1732978800,1732933706,1732960147,-6.77,-12.6,1022,88,-8.24,0,4,110,Clear,clear sky,10000.0,,,
1732982400,1732933706,1732960147,-6.91,-12.77,1022,90,-8.12,0,4,110,Clear,clear sky,10000.0,,,
