dt,sunrise,sunset,temp,feels_like,pressure,humidity,dew_point,clouds,wind_speed,wind_deg,main,description,visibility,snow.1h,wind_gust
01-02-2025 00:00:00,01-02-2025 09:17:20,01-02-2025 17:49:50,-19.54,-19.54,1031,77,-22.24,40,0,0,Snow,light snow,8000.0,,
01-02-2025 01:00:00,01-02-2025 09:17:20,01-02-2025 17:49:50,-18.74,-18.74,1031,80,-21.07,40,0,0,Snow,light snow,9000.0,,
01-02-2025 02:00:00,01-02-2025 09:17:20,01-02-2025 17:49:50,-18.83,-18.83,1031,80,-21.15,40,0,0,Snow,light snow,9000.0,,
01-02-2025 03:00:00,01-02-2025 09:17:20,01-02-2025 17:49:50,-20.19,-20.19,1032,84,-21.99,40,0,0,Snow,light snow,10000.0,,
01-02-2025 04:00:00,01-02-2025 09:17:20,01-02-2025 17:49:50,-19.87,-19.87,1032,77,-22.57,40,0,0,Snow,light snow,8000.0,,
01-02-2025 05:00:00,01-02-2025 09:17:20,01-02-2025 17:49:50,-18.37,-23.85,1032,82,-20.45,40,2,210,Snow,light snow,6000.0,,
01-02-2025 06:00:00,01-02-2025 09:17:20,01-02-2025 17:49:50,-20.03,-25.79,1032,78,-22.59,40,2,230,Snow,light snow,9000.0,,
01-02-2025 07:00:00,01-02-2025 09:17:20,01-02-2025 17:49:50,-18.73,-25.73,1033,82,-20.8,75,3,230,Snow,light snow,5000.0,,
01-02-2025 08:00:00,01-02-2025 09:17:20,01-02-2025 17:49:50,-18.73,-24.27,1033,82,-20.8,40,2,230,Snow,light shower snow,9000.0,,
01-02-2025 09:00:00,01-02-2025 09:17:20,01-02-2025 17:49:50,-18.06,-25.06,1034,82,-20.14,40,3,230,Snow,light shower snow,9000.0,,
01-02-2025 10:00:00,01-02-2025 09:17:20,01-02-2025 17:49:50,-17.92,-24.92,1034,82,-20.0,40,4,230,Snow,light shower snow,10000.0,,
01-02-2025 11:00:00,01-02-2025 09:17:20,01-02-2025 17:49:50,-17.24,-24.24,1034,80,-19.59,40,5,240,Snow,light shower snow,10000.0,,
01-02-2025 12:00:00,01-02-2025 09:17:20,01-02-2025 17:49:50,-17.26,-24.26,1034,80,-19.61,75,4,250,Snow,light shower snow,2700.0,,
01-02-2025 13:00:00,01-02-2025 09:17:20,01-02-2025 17:49:50,-16.84,-23.84,1035,80,-19.2,75,4,230,Snow,light shower snow,10000.0,,
01-02-2025 14:00:00,01-02-2025 09:17:20,01-02-2025 17:49:50,-16.29,-23.29,1035,80,-18.66,40,5,220,Snow,light shower snow,10000.0,,
01-02-2025 15:00:00,01-02-2025 09:17:20,01-02-2025 17:49:50,-15.73,-22.73,1035,80,-18.11,40,5,220,Snow,light snow,10000.0,,
01-02-2025 16:00:00,01-02-2025 09:17:20,01-02-2025 17:49:50,-14.9,-21.9,1035,78,-17.57,75,5,230,Snow,light shower snow,10000.0,,
01-02-2025 17:00:00,01-02-2025 09:17:20,01-02-2025 17:49:50,-15.74,-22.74,1035,81,-17.99,75,4,220,Snow,light shower snow,9000.0,,
01-02-2025 18:00:00,01-02-2025 09:17:20,01-02-2025 17:49:50,-15.84,-22.27,1036,79,-18.35,97,2.82,194,Clouds,overcast clouds,,,
01-02-2025 19:00:00,01-02-2025 09:17:20,01-02-2025 17:49:50,-16.7,-23.56,1036,80,-19.06,0,3,200,Clear,clear sky,10000.0,,
01-02-2025 20:00:00,01-02-2025 09:17:20,01-02-2025 17:49:50,-17.25,-24.25,1037,80,-19.6,20,4,210,Clouds,few clouds,10000.0,,
01-02-2025 21:00:00,01-02-2025 09:17:20,01-02-2025 17:49:50,-17.97,-24.97,1037,82,-20.05,0,3,210,Clear,clear sky,10000.0,,
01-02-2025 22:00:00,01-02-2025 09:17:20,01-02-2025 17:49:50,-17.71,-24.71,1037,79,-20.19,100,3.14,197,Clouds,overcast clouds,,,
01-02-2025 23:00:00,01-02-2025 09:17:20,01-02-2025 17:49:50,-18.52,-25.52,1037,82,-20.59,20,3,210,Snow,light snow,10000.0,,
02-02-2025 00:00:00,02-02-2025 09:15:23,02-02-2025 17:52:04,-18.52,-25.52,1037,82,-20.59,20,3,200,Snow,light snow,10000.0,,
02-02-2025 01:00:00,02-02-2025 09:15:23,02-02-2025 17:52:04,-17.97,-24.97,1037,82,-20.05,0,3,200,Clear,clear sky,10000.0,,
02-02-2025 02:00:00,02-02-2025 09:15:23,02-02-2025 17:52:04,-17.97,-24.97,1036,81,-20.18,0,3,180,Clear,clear sky,10000.0,,
02-02-2025 03:00:00,02-02-2025 09:15:23,02-02-2025 17:52:04,-17.97,-23.39,1036,81,-20.18,0,2,190,Clear,clear sky,10000.0,,
02-02-2025 04:00:00,02-02-2025 09:15:23,02-02-2025 17:52:04,-17.97,-24.97,1036,81,-20.18,0,3,190,Clear,clear sky,10000.0,,
02-02-2025 05:00:00,02-02-2025 09:15:23,02-02-2025 17:52:04,-17.8,-23.19,1035,79,-20.27,0,2,180,Clear,clear sky,10000.0,,
02-02-2025 06:00:00,02-02-2025 09:15:23,02-02-2025 17:52:04,-18.07,-18.07,1036,80,-20.41,0,1,0,Clear,clear sky,10000.0,,
02-02-2025 07:00:00,02-02-2025 09:15:23,02-02-2025 17:52:04,-18.44,-23.93,1036,79,-20.9,0,2,150,Clear,clear sky,10000.0,,
02-02-2025 08:00:00,02-02-2025 09:15:23,02-02-2025 17:52:04,-18.31,-25.31,1035,80,-20.64,0,3,150,Clear,clear sky,10000.0,,
02-02-2025 09:00:00,02-02-2025 09:15:23,02-02-2025 17:52:04,-19.49,-26.49,1035,79,-21.93,0,3,140,Clear,clear sky,10000.0,,
02-02-2025 10:00:00,02-02-2025 09:15:23,02-02-2025 17:52:04,-18.61,-24.13,1036,81,-20.81,0,2,140,Clear,clear sky,10000.0,,
02-02-2025 11:00:00,02-02-2025 09:15:23,02-02-2025 17:52:04,-17.92,-24.92,1036,79,-20.39,20,3,140,Clouds,few clouds,10000.0,,
02-02-2025 12:00:00,02-02-2025 09:15:23,02-02-2025 17:52:04,-16.84,-22.07,1036,82,-18.94,75,2,170,Snow,light snow,8000.0,,
02-02-2025 13:00:00,02-02-2025 09:15:23,02-02-2025 17:52:04,-15.17,-20.13,1036,79,-17.7,40,2,180,Clouds,scattered clouds,10000.0,,
02-02-2025 14:00:00,02-02-2025 09:15:23,02-02-2025 17:52:04,-13.51,-18.19,1036,77,-16.34,40,2,190,Clouds,scattered clouds,10000.0,,
02-02-2025 15:00:00,02-02-2025 09:15:23,02-02-2025 17:52:04,-12.24,-16.71,1036,73,-15.68,40,2,190,Clouds,scattered clouds,10000.0,,
02-02-2025 16:00:00,02-02-2025 09:15:23,02-02-2025 17:52:04,-11.7,-16.08,1036,72,-15.3,40,2,190,Clouds,scattered clouds,10000.0,,
02-02-2025 17:00:00,02-02-2025 09:15:23,02-02-2025 17:52:04,-11.39,-11.39,1036,73,-14.85,0,1,170,Clear,clear sky,10000.0,,
02-02-2025 18:00:00,02-02-2025 09:15:23,02-02-2025 17:52:04,-11.95,-11.95,1037,75,-15.1,0,1,0,Clear,clear sky,10000.0,,
02-02-2025 19:00:00,02-02-2025 09:15:23,02-02-2025 17:52:04,-12.85,-18.94,1037,76,-15.84,0,3,100,Clear,clear sky,10000.0,,
02-02-2025 20:00:00,02-02-2025 09:15:23,02-02-2025 17:52:04,-13.96,-18.72,1037,78,-16.65,0,2,120,Clear,clear sky,10000.0,,
02-02-2025 21:00:00,02-02-2025 09:15:23,02-02-2025 17:52:04,-14.21,-19.01,1038,81,-16.49,0,2,120,Clear,clear sky,10000.0,,
02-02-2025 22:00:00,02-02-2025 09:15:23,02-02-2025 17:52:04,-15.13,-20.08,1038,82,-17.26,91,2,80,Clouds,overcast clouds,9000.0,,
02-02-2025 23:00:00,02-02-2025 09:15:23,02-02-2025 17:52:04,-15.64,-15.64,1038,82,-17.76,88,1,120,Clouds,overcast clouds,9000.0,,
03-02-2025 00:00:00,03-02-2025 09:13:25,03-02-2025 17:54:18,-17.57,-17.57,1038,85,-19.28,83,1,100,Clouds,broken clouds,9000.0,,
03-02-2025 01:00:00,03-02-2025 09:13:25,03-02-2025 17:54:18,-16.2,-16.2,1039,82,-18.31,0,1,70,Clear,clear sky,10000.0,,
03-02-2025 02:00:00,03-02-2025 09:13:25,03-02-2025 17:54:18,-16.74,-16.74,1039,82,-18.84,85,0,0,Clouds,overcast clouds,9000.0,,
03-02-2025 03:00:00,03-02-2025 09:13:25,03-02-2025 17:54:18,-17.31,-17.31,1039,81,-19.53,40,1,100,Snow,light snow,8000.0,,
03-02-2025 04:00:00,03-02-2025 09:13:25,03-02-2025 17:54:18,-17.82,-17.82,1039,81,-20.03,20,1,100,Clouds,few clouds,9000.0,,
03-02-2025 05:00:00,03-02-2025 09:13:25,03-02-2025 17:54:18,-18.38,-18.38,1039,81,-20.58,20,1,60,Clouds,few clouds,10000.0,,
03-02-2025 06:00:00,03-02-2025 09:13:25,03-02-2025 17:54:18,-18.92,-18.92,1040,81,-21.11,40,1,100,Clouds,scattered clouds,9000.0,,
03-02-2025 07:00:00,03-02-2025 09:13:25,03-02-2025 17:54:18,-18.38,-18.38,1040,81,-20.58,0,0,0,Clear,clear sky,10000.0,,
03-02-2025 08:00:00,03-02-2025 09:13:25,03-02-2025 17:54:18,-18.41,-18.41,1041,80,-20.74,40,1,100,Clouds,scattered clouds,10000.0,,
03-02-2025 09:00:00,03-02-2025 09:13:25,03-02-2025 17:54:18,-17.85,-17.85,1041,80,-20.19,0,0,0,Clear,clear sky,10000.0,,
03-02-2025 10:00:00,03-02-2025 09:13:25,03-02-2025 17:54:18,-18.35,-18.35,1042,79,-20.81,0,1,60,Clear,clear sky,10000.0,,
03-02-2025 11:00:00,03-02-2025 09:13:25,03-02-2025 17:54:18,-16.2,-16.2,1042,78,-18.84,98,0,0,Clouds,overcast clouds,9000.0,,
03-02-2025 12:00:00,03-02-2025 09:13:25,03-02-2025 17:54:18,-13.78,-13.78,1042,79,-16.33,96,1,60,Clouds,overcast clouds,9000.0,,
03-02-2025 13:00:00,03-02-2025 09:13:25,03-02-2025 17:54:18,-9.49,-9.49,1043,70,-13.46,0,0,0,Clear,clear sky,10000.0,,
03-02-2025 14:00:00,03-02-2025 09:13:25,03-02-2025 17:54:18,-9.88,-9.88,1043,78,-12.65,0,1,250,Clear,clear sky,10000.0,,
03-02-2025 15:00:00,03-02-2025 09:13:25,03-02-2025 17:54:18,-8.64,-8.64,1043,75,-11.87,0,1,200,Clear,clear sky,10000.0,,
03-02-2025 16:00:00,03-02-2025 09:13:25,03-02-2025 17:54:18,-7.66,-7.66,1043,74,-11.07,0,1,200,Clear,clear sky,10000.0,,
03-02-2025 17:00:00,03-02-2025 09:13:25,03-02-2025 17:54:18,-7.96,-7.96,1044,78,-10.77,20,0,0,Clouds,few clouds,10000.0,,
03-02-2025 18:00:00,03-02-2025 09:13:25,03-02-2025 17:54:18,-8.57,-12.44,1044,79,-11.23,75,2,170,Snow,light snow,10000.0,,
03-02-2025 19:00:00,03-02-2025 09:13:25,03-02-2025 17:54:18,-7.85,-12.93,1044,76,-10.95,75,3,120,Snow,light snow,10000.0,,
03-02-2025 20:00:00,03-02-2025 09:13:25,03-02-2025 17:54:18,-11.35,-17.13,1045,79,-13.95,75,3,120,Snow,light snow,10000.0,,
03-02-2025 21:00:00,03-02-2025 09:13:25,03-02-2025 17:54:18,-8.67,-13.91,1045,77,-11.61,75,3,140,Clouds,broken clouds,10000.0,,
03-02-2025 22:00:00,03-02-2025 09:13:25,03-02-2025 17:54:18,-8.67,-12.55,1044,79,-11.32,75,2,110,Snow,light snow,9000.0,,
03-02-2025 23:00:00,03-02-2025 09:13:25,03-02-2025 17:54:18,-9.52,-14.94,1045,81,-11.88,100,3,110,Snow,light snow,4600.0,,
04-02-2025 00:00:00,04-02-2025 09:11:24,04-02-2025 17:56:33,-9.76,-13.82,1045,85,-11.58,100,2,110,Snow,light snow,4800.0,,
04-02-2025 01:00:00,04-02-2025 09:11:24,04-02-2025 17:56:33,-10.15,-14.28,1045,87,-11.71,75,2,110,Snow,light snow,3900.0,,
04-02-2025 02:00:00,04-02-2025 09:11:24,04-02-2025 17:56:33,-10.23,-14.37,1045,87,-11.79,75,2,130,Snow,light snow,3600.0,,
04-02-2025 03:00:00,04-02-2025 09:11:24,04-02-2025 17:56:33,-10.26,-14.41,1045,87,-11.82,75,2,130,Snow,light snow,4800.0,0.13,
04-02-2025 04:00:00,04-02-2025 09:11:24,04-02-2025 17:56:33,-10.26,-14.41,1045,87,-11.82,75,2,100,Snow,light snow,3500.0,0.14,
04-02-2025 05:00:00,04-02-2025 09:11:24,04-02-2025 17:56:33,-10.26,-15.82,1045,87,-11.82,75,3,110,Snow,light snow,3600.0,0.12,
04-02-2025 06:00:00,04-02-2025 09:11:24,04-02-2025 17:56:33,-10.26,-14.41,1046,88,-11.69,75,2,100,Snow,light snow,3800.0,,
04-02-2025 07:00:00,04-02-2025 09:11:24,04-02-2025 17:56:33,-10.37,-15.96,1046,87,-11.92,75,3,100,Snow,light snow,4300.0,,
04-02-2025 08:00:00,04-02-2025 09:11:24,04-02-2025 17:56:33,-10.93,-15.19,1046,87,-12.48,75,2,90,Snow,light snow,4600.0,,
04-02-2025 09:00:00,04-02-2025 09:11:24,04-02-2025 17:56:33,-11.48,-15.83,1047,87,-13.02,75,2,100,Snow,light snow,7000.0,,
04-02-2025 10:00:00,04-02-2025 09:11:24,04-02-2025 17:56:33,-11.59,-15.96,1047,87,-13.13,78,2,90,Clouds,broken clouds,8000.0,,
04-02-2025 11:00:00,04-02-2025 09:11:24,04-02-2025 17:56:33,-10.73,-16.27,1048,86,-12.41,96,2.9,96,Clouds,overcast clouds,,,
04-02-2025 12:00:00,04-02-2025 09:11:24,04-02-2025 17:56:33,-9.37,-14.76,1048,81,-11.73,0,3,110,Clear,clear sky,10000.0,,
04-02-2025 13:00:00,04-02-2025 09:11:24,04-02-2025 17:56:33,-7.29,-12.26,1048,74,-10.71,74,3,100,Clouds,broken clouds,9000.0,,
04-02-2025 14:00:00,04-02-2025 09:11:24,04-02-2025 17:56:33,-6.85,-10.43,1048,80,-9.4,0,2,100,Clear,clear sky,10000.0,,
04-02-2025 15:00:00,04-02-2025 09:11:24,04-02-2025 17:56:33,-4.81,-8.06,1048,71,-8.76,0,2,100,Clear,clear sky,10000.0,,
04-02-2025 16:00:00,04-02-2025 09:11:24,04-02-2025 17:56:33,-7.51,-12.52,1049,67,-12.03,0,3,70,Clear,clear sky,10000.0,,
04-02-2025 17:00:00,04-02-2025 09:11:24,04-02-2025 17:56:33,-5.15,-9.69,1049,74,-8.62,0,3,90,Clear,clear sky,10000.0,,
04-02-2025 18:00:00,04-02-2025 09:11:24,04-02-2025 17:56:33,-5.93,-10.62,1050,76,-9.08,0,3,90,Clear,clear sky,10000.0,,
04-02-2025 19:00:00,04-02-2025 09:11:24,04-02-2025 17:56:33,-9.63,-15.07,1050,79,-12.27,0,3,80,Clear,clear sky,10000.0,,
04-02-2025 20:00:00,04-02-2025 09:11:24,04-02-2025 17:56:33,-9.6,-13.64,1051,79,-12.24,0,2,100,Clear,clear sky,10000.0,,
04-02-2025 21:00:00,04-02-2025 09:11:24,04-02-2025 17:56:33,-11.76,-17.63,1051,85,-13.55,0,3,80,Clear,clear sky,10000.0,,
04-02-2025 22:00:00,04-02-2025 09:11:24,04-02-2025 17:56:33,-11.94,-16.49,1052,87,-13.48,15,2.07,69,Clouds,few clouds,,,
04-02-2025 23:00:00,04-02-2025 09:11:24,04-02-2025 17:56:33,-12.12,-16.28,1052,87,-13.65,4,1.84,66,Clear,clear sky,,,
05-02-2025 00:00:00,05-02-2025 09:09:21,05-02-2025 17:58:48,-13.7,-17.91,1052,87,-15.22,2,1.74,59,Clear,clear sky,,,
05-02-2025 01:00:00,05-02-2025 09:09:21,05-02-2025 17:58:48,-13.79,-17.86,1052,87,-15.3,1,1.67,53,Clear,clear sky,,,
05-02-2025 02:00:00,05-02-2025 09:09:21,05-02-2025 17:58:48,-13.64,-17.86,1052,87,-15.16,1,1.75,46,Clear,clear sky,,,
05-02-2025 03:00:00,05-02-2025 09:09:21,05-02-2025 17:58:48,-15.0,-19.73,1052,85,-16.75,0,1.9,41,Clear,clear sky,,,
05-02-2025 04:00:00,05-02-2025 09:09:21,05-02-2025 17:58:48,-15.54,-20.48,1052,85,-17.28,0,1.96,36,Clear,clear sky,,,
05-02-2025 05:00:00,05-02-2025 09:09:21,05-02-2025 17:58:48,-18.4,-24.09,1053,83,-20.35,0,2.1,22,Clear,clear sky,,,
05-02-2025 06:00:00,05-02-2025 09:09:21,05-02-2025 17:58:48,-18.5,-24.49,1053,83,-20.45,3,2.25,13,Clear,clear sky,,,
05-02-2025 07:00:00,05-02-2025 09:09:21,05-02-2025 17:58:48,-18.37,-24.39,1053,83,-20.32,13,2.28,13,Clouds,few clouds,,,
05-02-2025 08:00:00,05-02-2025 09:09:21,05-02-2025 17:58:48,-18.1,-23.97,1053,83,-20.06,32,2.22,8,Clouds,scattered clouds,,,
05-02-2025 09:00:00,05-02-2025 09:09:21,05-02-2025 17:58:48,-18.68,-24.55,1053,83,-20.63,57,2.17,1,Clouds,broken clouds,,,
05-02-2025 10:00:00,05-02-2025 09:09:21,05-02-2025 17:58:48,-18.67,-24.75,1053,84,-20.49,61,2.28,358,Clouds,broken clouds,,,
05-02-2025 11:00:00,05-02-2025 09:09:21,05-02-2025 17:58:48,-18.1,-24.34,1054,71,-21.67,16,2.43,354,Clouds,few clouds,,,
05-02-2025 12:00:00,05-02-2025 09:09:21,05-02-2025 17:58:48,-13.54,-18.81,1053,67,-17.86,1,2.34,352,Clear,clear sky,,,
05-02-2025 13:00:00,05-02-2025 09:09:21,05-02-2025 17:58:48,-12.85,-17.42,1053,85,-14.63,0,2,40,Clear,clear sky,10000.0,,
05-02-2025 14:00:00,05-02-2025 09:09:21,05-02-2025 17:58:48,-12.43,-18.43,1053,67,-16.78,0,3,350,Clear,clear sky,10000.0,,
05-02-2025 15:00:00,05-02-2025 09:09:21,05-02-2025 17:58:48,-10.21,-15.76,1052,62,-15.48,0,3,360,Clear,clear sky,10000.0,,
05-02-2025 16:00:00,05-02-2025 09:09:21,05-02-2025 17:58:48,-10.26,-14.41,1052,63,-15.35,0,2,310,Clear,clear sky,10000.0,,
05-02-2025 17:00:00,05-02-2025 09:09:21,05-02-2025 17:58:48,-12.74,-18.8,1052,61,-18.08,0,3,310,Clear,clear sky,10000.0,,
05-02-2025 18:00:00,05-02-2025 09:09:21,05-02-2025 17:58:48,-13.3,-19.48,1053,66,-17.78,0,3,310,Clear,clear sky,10000.0,,
05-02-2025 19:00:00,05-02-2025 09:09:21,05-02-2025 17:58:48,-13.6,-18.3,1052,72,-17.15,0,2,320,Clear,clear sky,10000.0,,
05-02-2025 20:00:00,05-02-2025 09:09:21,05-02-2025 17:58:48,-13.75,-18.47,1053,78,-16.44,0,2,320,Clear,clear sky,10000.0,,
05-02-2025 21:00:00,05-02-2025 09:09:21,05-02-2025 17:58:48,-15.24,-20.21,1053,78,-17.9,0,2,310,Clear,clear sky,10000.0,,
05-02-2025 22:00:00,05-02-2025 09:09:21,05-02-2025 17:58:48,-15.7,-20.74,1052,85,-17.44,0,2,310,Clear,clear sky,10000.0,,
05-02-2025 23:00:00,05-02-2025 09:09:21,05-02-2025 17:58:48,-15.71,-20.76,1052,78,-18.36,0,2,330,Clear,clear sky,10000.0,,
06-02-2025 00:00:00,06-02-2025 09:07:16,06-02-2025 18:01:03,-17.01,-22.27,1052,85,-18.73,0,2,330,Clear,clear sky,10000.0,,
06-02-2025 01:00:00,06-02-2025 09:07:16,06-02-2025 18:01:03,-17.06,-22.33,1052,78,-19.68,20,2,340,Clouds,few clouds,10000.0,,
06-02-2025 02:00:00,06-02-2025 09:07:16,06-02-2025 18:01:03,-17.15,-24.1,1052,85,-18.87,40,3,20,Clouds,scattered clouds,10000.0,,
06-02-2025 03:00:00,06-02-2025 09:07:16,06-02-2025 18:01:03,-18.24,-24.91,1052,83,-20.19,35,2.67,350,Clouds,scattered clouds,,,
06-02-2025 04:00:00,06-02-2025 09:07:16,06-02-2025 18:01:03,-18.13,-24.84,1051,83,-20.08,9,2.71,350,Clear,clear sky,,,
06-02-2025 05:00:00,06-02-2025 09:07:16,06-02-2025 18:01:03,-19.08,-26.08,1051,83,-21.02,2,2.97,1,Clear,clear sky,,,
06-02-2025 06:00:00,06-02-2025 09:07:16,06-02-2025 18:01:03,-19.79,-26.79,1051,82,-21.84,0,2.89,2,Clear,clear sky,,,
06-02-2025 07:00:00,06-02-2025 09:07:16,06-02-2025 18:01:03,-20.23,-27.23,1051,82,-22.28,0,2.82,3,Clear,clear sky,,,
06-02-2025 08:00:00,06-02-2025 09:07:16,06-02-2025 18:01:03,-20.13,-27.13,1051,81,-22.3,0,2.87,2,Clear,clear sky,,,
06-02-2025 09:00:00,06-02-2025 09:07:16,06-02-2025 18:01:03,-20.11,-27.11,1051,81,-22.28,0,2.94,4,Clear,clear sky,,,
06-02-2025 10:00:00,06-02-2025 09:07:16,06-02-2025 18:01:03,-19.6,-25.29,1051,78,-22.17,0,2,310,Clear,clear sky,10000.0,,
06-02-2025 11:00:00,06-02-2025 09:07:16,06-02-2025 18:01:03,-19.13,-26.13,1050,80,-21.45,0,2.91,8,Clear,clear sky,,,
06-02-2025 12:00:00,06-02-2025 09:07:16,06-02-2025 18:01:03,-15.21,-20.17,1050,71,-18.86,0,2,20,Clear,clear sky,10000.0,,
06-02-2025 13:00:00,06-02-2025 09:07:16,06-02-2025 18:01:03,-14.63,-19.5,1049,61,-19.89,0,2,10,Clear,clear sky,10000.0,,
06-02-2025 14:00:00,06-02-2025 09:07:16,06-02-2025 18:01:03,-10.71,-16.37,1049,54,-17.43,0,3,350,Clear,clear sky,10000.0,,
06-02-2025 15:00:00,06-02-2025 09:07:16,06-02-2025 18:01:03,-9.0,-12.94,1048,50,-16.64,0,2,340,Clear,clear sky,10000.0,,
06-02-2025 16:00:00,06-02-2025 09:07:16,06-02-2025 18:01:03,-8.96,-15.29,1048,52,-16.18,0,4,360,Clear,clear sky,10000.0,,
06-02-2025 17:00:00,06-02-2025 09:07:16,06-02-2025 18:01:03,-12.39,-18.38,1048,66,-16.9,0,3,310,Clear,clear sky,10000.0,,
06-02-2025 18:00:00,06-02-2025 09:07:16,06-02-2025 18:01:03,-13.94,-20.28,1048,72,-17.48,0,3.03,358,Clear,clear sky,,,
06-02-2025 19:00:00,06-02-2025 09:07:16,06-02-2025 18:01:03,-14.2,-21.2,1048,67,-18.49,0,4,320,Clear,clear sky,10000.0,,
06-02-2025 20:00:00,06-02-2025 09:07:16,06-02-2025 18:01:03,-14.57,-19.43,1049,66,-19.01,0,2,320,Clear,clear sky,10000.0,,
06-02-2025 21:00:00,06-02-2025 09:07:16,06-02-2025 18:01:03,-15.97,-22.93,1048,77,-18.75,0,3.18,14,Clear,clear sky,,,
06-02-2025 22:00:00,06-02-2025 09:07:16,06-02-2025 18:01:03,-16.35,-21.5,1048,78,-18.99,0,2,340,Clear,clear sky,10000.0,,
06-02-2025 23:00:00,06-02-2025 09:07:16,06-02-2025 18:01:03,-16.46,-21.63,1047,78,-19.09,0,2,360,Clear,clear sky,10000.0,,
07-02-2025 00:00:00,07-02-2025 09:05:10,07-02-2025 18:03:18,-18.41,-23.9,1047,75,-21.41,0,2,360,Clear,clear sky,10000.0,,
07-02-2025 01:00:00,07-02-2025 09:05:10,07-02-2025 18:03:18,-18.92,-24.49,1047,75,-21.91,0,2,20,Clear,clear sky,10000.0,,
07-02-2025 02:00:00,07-02-2025 09:05:10,07-02-2025 18:03:18,-19.5,-25.17,1047,76,-22.34,0,2,30,Clear,clear sky,10000.0,,
07-02-2025 03:00:00,07-02-2025 09:05:10,07-02-2025 18:03:18,-20.36,-20.36,1046,76,-23.18,0,1,360,Clear,clear sky,10000.0,,
07-02-2025 04:00:00,07-02-2025 09:05:10,07-02-2025 18:03:18,-21.14,-27.08,1046,76,-23.94,0,2,40,Clear,clear sky,10000.0,,
07-02-2025 05:00:00,07-02-2025 09:05:10,07-02-2025 18:03:18,-19.57,-19.57,1046,77,-22.27,0,1,40,Clear,clear sky,10000.0,,
07-02-2025 06:00:00,07-02-2025 09:05:10,07-02-2025 18:03:18,-22.83,-29.83,1046,74,-25.86,44,2.76,26,Clouds,scattered clouds,,,
07-02-2025 07:00:00,07-02-2025 09:05:10,07-02-2025 18:03:18,-22.78,-28.99,1046,75,-25.68,0,2,40,Clear,clear sky,10000.0,,
07-02-2025 08:00:00,07-02-2025 09:05:10,07-02-2025 18:03:18,-23.35,-23.35,1046,76,-26.1,0,1,30,Clear,clear sky,10000.0,,
07-02-2025 09:00:00,07-02-2025 09:05:10,07-02-2025 18:03:18,-23.35,-29.65,1045,74,-26.37,0,2,40,Clear,clear sky,10000.0,,
07-02-2025 10:00:00,07-02-2025 09:05:10,07-02-2025 18:03:18,-22.84,-29.06,1046,74,-25.87,0,2,30,Clear,clear sky,10000.0,,
07-02-2025 11:00:00,07-02-2025 09:05:10,07-02-2025 18:03:18,-18.92,-24.49,1045,79,-21.37,0,2,40,Clear,clear sky,10000.0,,
07-02-2025 12:00:00,07-02-2025 09:05:10,07-02-2025 18:03:18,-17.47,-22.81,1045,77,-20.22,0,2,40,Clear,clear sky,10000.0,,
07-02-2025 13:00:00,07-02-2025 09:05:10,07-02-2025 18:03:18,-14.63,-21.07,1045,80,-17.03,0,3,50,Clear,clear sky,10000.0,,
07-02-2025 14:00:00,07-02-2025 09:05:10,07-02-2025 18:03:18,-13.51,-18.19,1044,75,-16.63,0,2,20,Clear,clear sky,10000.0,,
07-02-2025 15:00:00,07-02-2025 09:05:10,07-02-2025 18:03:18,-11.85,-16.26,1044,72,-15.45,0,2,20,Clear,clear sky,10000.0,,
07-02-2025 16:00:00,07-02-2025 09:05:10,07-02-2025 18:03:18,-11.84,-17.72,1044,70,-15.74,0,3,40,Clear,clear sky,10000.0,,
07-02-2025 17:00:00,07-02-2025 09:05:10,07-02-2025 18:03:18,-11.84,-17.72,1043,72,-15.44,0,3,30,Clear,clear sky,10000.0,,
07-02-2025 18:00:00,07-02-2025 09:05:10,07-02-2025 18:03:18,-12.57,-18.6,1043,66,-17.08,0,3,20,Clear,clear sky,10000.0,,
07-02-2025 19:00:00,07-02-2025 09:05:10,07-02-2025 18:03:18,-14.57,-21.0,1043,72,-18.09,0,3,30,Clear,clear sky,10000.0,,
07-02-2025 20:00:00,07-02-2025 09:05:10,07-02-2025 18:03:18,-15.57,-20.59,1043,78,-18.22,0,2,70,Clear,clear sky,10000.0,,
07-02-2025 21:00:00,07-02-2025 09:05:10,07-02-2025 18:03:18,-15.57,-15.57,1043,78,-18.22,0,1,80,Clear,clear sky,10000.0,,
07-02-2025 22:00:00,07-02-2025 09:05:10,07-02-2025 18:03:18,-17.57,-22.92,1042,85,-19.28,0,2,70,Clear,clear sky,10000.0,,
07-02-2025 23:00:00,07-02-2025 09:05:10,07-02-2025 18:03:18,-20.28,-25.32,1042,86,-21.84,98,1.67,50,Clouds,overcast clouds,,,
08-02-2025 00:00:00,08-02-2025 09:03:02,08-02-2025 18:05:34,-19.57,-19.57,1041,84,-21.38,0,0,0,Clear,clear sky,10000.0,,
08-02-2025 01:00:00,08-02-2025 09:03:02,08-02-2025 18:05:34,-20.57,-20.57,1041,84,-22.37,0,0,0,Clear,clear sky,10000.0,,
08-02-2025 02:00:00,08-02-2025 09:03:02,08-02-2025 18:05:34,-20.06,-20.06,1041,77,-22.75,0,0,0,Clear,clear sky,10000.0,,
08-02-2025 03:00:00,08-02-2025 09:03:02,08-02-2025 18:05:34,-21.57,-21.57,1040,77,-24.23,0,0,0,Clear,clear sky,10000.0,,
08-02-2025 04:00:00,08-02-2025 09:03:02,08-02-2025 18:05:34,-20.64,-20.64,1039,77,-23.32,0,0,0,Clear,clear sky,10000.0,,
08-02-2025 05:00:00,08-02-2025 09:03:02,08-02-2025 18:05:34,-23.57,-23.57,1039,84,-25.32,0,0,0,Clear,clear sky,10000.0,,
08-02-2025 06:00:00,08-02-2025 09:03:02,08-02-2025 18:05:34,-23.57,-23.57,1039,77,-26.19,94,1,60,Mist,mist,10000.0,,
08-02-2025 07:00:00,08-02-2025 09:03:02,08-02-2025 18:05:34,-21.78,-21.78,1038,75,-24.7,0,1,180,Clear,clear sky,10000.0,,
08-02-2025 08:00:00,08-02-2025 09:03:02,08-02-2025 18:05:34,-21.78,-27.83,1038,76,-24.57,0,2,200,Clear,clear sky,10000.0,,
08-02-2025 09:00:00,08-02-2025 09:03:02,08-02-2025 18:05:34,-21.48,-27.48,1037,76,-24.27,95,2,240,Clouds,overcast clouds,9000.0,,
08-02-2025 10:00:00,08-02-2025 09:03:02,08-02-2025 18:05:34,-21.19,-28.19,1037,75,-24.12,0,3,210,Clear,clear sky,10000.0,,
08-02-2025 11:00:00,08-02-2025 09:03:02,08-02-2025 18:05:34,-18.04,-25.04,1036,80,-20.38,0,3,220,Clear,clear sky,10000.0,,
08-02-2025 12:00:00,08-02-2025 09:03:02,08-02-2025 18:05:34,-15.67,-22.1,1035,77,-18.46,49,2.84,212,Clouds,scattered clouds,,,
08-02-2025 13:00:00,08-02-2025 09:03:02,08-02-2025 18:05:34,-14.57,-21.0,1034,72,-18.09,0,3,220,Clear,clear sky,10000.0,,
08-02-2025 14:00:00,08-02-2025 09:03:02,08-02-2025 18:05:34,-12.57,-19.57,1033,72,-16.15,0,5,230,Clear,clear sky,10000.0,,
08-02-2025 15:00:00,08-02-2025 09:03:02,08-02-2025 18:05:34,-11.57,-18.57,1031,67,-15.95,0,5,230,Clear,clear sky,10000.0,,
08-02-2025 16:00:00,08-02-2025 09:03:02,08-02-2025 18:05:34,-11.0,-18.0,1030,71,-14.77,0,6,220,Clear,clear sky,10000.0,,
08-02-2025 17:00:00,08-02-2025 09:03:02,08-02-2025 18:05:34,-11.29,-18.29,1028,72,-14.9,0,9,220,Clear,clear sky,10000.0,,
08-02-2025 18:00:00,08-02-2025 09:03:02,08-02-2025 18:05:34,-10.64,-17.64,1027,72,-14.27,0,8,220,Clear,clear sky,10000.0,,
08-02-2025 19:00:00,08-02-2025 09:03:02,08-02-2025 18:05:34,-11.04,-18.04,1025,76,-14.07,0,8,210,Clear,clear sky,10000.0,,
08-02-2025 20:00:00,08-02-2025 09:03:02,08-02-2025 18:05:34,-10.06,-17.06,1023,75,-13.26,0,6,230,Clear,clear sky,10000.0,,
08-02-2025 21:00:00,08-02-2025 09:03:02,08-02-2025 18:05:34,-8.61,-15.61,1023,77,-11.55,0,8,230,Snow,light snow,10000.0,0.23,
08-02-2025 22:00:00,08-02-2025 09:03:02,08-02-2025 18:05:34,-9.17,-16.17,1022,83,-11.26,75,6,230,Snow,light shower snow,6000.0,0.56,
08-02-2025 23:00:00,08-02-2025 09:03:02,08-02-2025 18:05:34,-10.14,-17.14,1020,89,-11.44,75,7,250,Snow,shower snow,1100.0,0.65,
09-02-2025 00:00:00,09-02-2025 09:00:52,09-02-2025 18:07:49,-10.14,-17.14,1019,90,-11.32,75,7,240,Snow,shower snow,2000.0,0.5,
09-02-2025 01:00:00,09-02-2025 09:00:52,09-02-2025 18:07:49,-10.01,-17.01,1018,89,-11.32,75,6,260,Snow,light shower snow,2700.0,0.21,11.0
09-02-2025 02:00:00,09-02-2025 09:00:52,09-02-2025 18:07:49,-10.03,-17.03,1018,89,-11.34,75,6,260,Snow,light shower snow,2300.0,0.19,
09-02-2025 03:00:00,09-02-2025 09:00:52,09-02-2025 18:07:49,-10.04,-17.04,1017,90,-11.22,75,6,260,Snow,shower snow,1800.0,0.14,
09-02-2025 04:00:00,09-02-2025 09:00:52,09-02-2025 18:07:49,-9.58,-16.05,1016,90,-10.77,75,4,250,Snow,shower snow,1300.0,0.11,
09-02-2025 05:00:00,09-02-2025 09:00:52,09-02-2025 18:07:49,-9.58,-16.58,1016,90,-10.77,75,6,250,Snow,shower snow,1900.0,0.1,
09-02-2025 06:00:00,09-02-2025 09:00:52,09-02-2025 18:07:49,-9.47,-16.47,1015,89,-10.78,75,6,240,Snow,light shower snow,4300.0,0.11,
09-02-2025 07:00:00,09-02-2025 09:00:52,09-02-2025 18:07:49,-10.57,-17.57,1014,89,-11.87,75,7,240,Snow,shower snow,2000.0,0.17,
09-02-2025 08:00:00,09-02-2025 09:00:52,09-02-2025 18:07:49,-10.15,-17.15,1014,89,-11.45,75,7,230,Snow,light shower snow,3500.0,0.18,
09-02-2025 09:00:00,09-02-2025 09:00:52,09-02-2025 18:07:49,-10.57,-17.57,1013,89,-11.87,75,7,220,Snow,shower snow,1300.0,0.24,
09-02-2025 10:00:00,09-02-2025 09:00:52,09-02-2025 18:07:49,-10.14,-17.14,1013,90,-11.32,75,7,220,Snow,shower snow,1000.0,0.43,
09-02-2025 11:00:00,09-02-2025 09:00:52,09-02-2025 18:07:49,-10.04,-17.04,1012,91,-11.1,75,6,220,Snow,light shower snow,2900.0,0.46,
09-02-2025 12:00:00,09-02-2025 09:00:52,09-02-2025 18:07:49,-9.46,-16.46,1012,90,-10.65,75,6,230,Snow,light shower snow,2100.0,0.28,
09-02-2025 13:00:00,09-02-2025 09:00:52,09-02-2025 18:07:49,-8.41,-15.41,1012,88,-9.86,75,6,220,Snow,light shower snow,2200.0,0.27,
09-02-2025 14:00:00,09-02-2025 09:00:52,09-02-2025 18:07:49,-8.13,-15.13,1012,87,-9.71,75,6,220,Snow,light shower snow,3700.0,0.15,
09-02-2025 15:00:00,09-02-2025 09:00:52,09-02-2025 18:07:49,-7.8,-14.67,1012,89,-9.13,75,5,220,Snow,light shower snow,9000.0,0.13,
09-02-2025 16:00:00,09-02-2025 09:00:52,09-02-2025 18:07:49,-7.67,-14.67,1013,89,-9.0,75,6,220,Snow,light shower snow,9000.0,,
09-02-2025 17:00:00,09-02-2025 09:00:52,09-02-2025 18:07:49,-7.24,-14.24,1014,89,-8.57,75,6,220,Snow,light shower snow,10000.0,,
09-02-2025 18:00:00,09-02-2025 09:00:52,09-02-2025 18:07:49,-6.82,-12.66,1015,90,-8.03,75,4,220,Snow,light shower snow,7000.0,,
09-02-2025 19:00:00,09-02-2025 09:00:52,09-02-2025 18:07:49,-7.24,-12.19,1015,91,-8.32,100,2.99,234,Clouds,overcast clouds,,,
09-02-2025 20:00:00,09-02-2025 09:00:52,09-02-2025 18:07:49,-7.16,-13.87,1016,91,-8.24,75,5,210,Snow,light shower snow,3400.0,,
09-02-2025 21:00:00,09-02-2025 09:00:52,09-02-2025 18:07:49,-7.05,-11.97,1016,91,-8.13,75,3,220,Snow,light shower snow,9000.0,,
09-02-2025 22:00:00,09-02-2025 09:00:52,09-02-2025 18:07:49,-6.71,-13.31,1016,92,-7.67,75,5,220,Snow,light shower snow,8000.0,0.15,
09-02-2025 23:00:00,09-02-2025 09:00:52,09-02-2025 18:07:49,-6.56,-13.12,1016,92,-7.52,75,5,220,Snow,light shower snow,4800.0,0.15,
10-02-2025 00:00:00,10-02-2025 08:58:41,10-02-2025 18:10:05,-5.57,-11.13,1016,93,-6.41,75,4,250,Snow,light shower snow,6000.0,,
10-02-2025 01:00:00,10-02-2025 08:58:41,10-02-2025 18:10:05,-4.58,-9.0,1017,93,-5.43,75,3,270,Clouds,broken clouds,10000.0,,
10-02-2025 02:00:00,10-02-2025 08:58:41,10-02-2025 18:10:05,-4.58,-9.91,1017,94,-5.3,75,4,280,Snow,heavy shower snow,600.0,,
10-02-2025 03:00:00,10-02-2025 08:58:41,10-02-2025 18:10:05,-4.68,-10.03,1017,91,-5.78,75,4,300,Clouds,broken clouds,10000.0,,
10-02-2025 04:00:00,10-02-2025 08:58:41,10-02-2025 18:10:05,-4.58,-9.0,1017,91,-5.68,75,3,290,Snow,light shower snow,3100.0,0.1,
10-02-2025 05:00:00,10-02-2025 08:58:41,10-02-2025 18:10:05,-4.61,-9.95,1018,91,-5.71,75,4,270,Snow,light shower snow,10000.0,,
10-02-2025 06:00:00,10-02-2025 08:58:41,10-02-2025 18:10:05,-5.1,-11.29,1018,89,-6.46,75,5,270,Snow,light shower snow,7000.0,,
10-02-2025 07:00:00,10-02-2025 08:58:41,10-02-2025 18:10:05,-5.1,-11.92,1018,89,-6.46,75,6,270,Snow,light shower snow,10000.0,,
10-02-2025 08:00:00,10-02-2025 08:58:41,10-02-2025 18:10:05,-4.57,-10.63,1019,86,-6.33,75,5,270,Snow,light shower snow,10000.0,,
10-02-2025 09:00:00,10-02-2025 08:58:41,10-02-2025 18:10:05,-5.33,-11.58,1019,81,-7.77,75,5,290,Snow,light shower snow,10000.0,,10.0
10-02-2025 10:00:00,10-02-2025 08:58:41,10-02-2025 18:10:05,-5.14,-10.6,1019,82,-7.44,75,4,300,Snow,light shower snow,10000.0,,9.0
10-02-2025 11:00:00,10-02-2025 08:58:41,10-02-2025 18:10:05,-5.15,-10.61,1019,81,-7.59,75,4,300,Snow,light shower snow,10000.0,,
10-02-2025 12:00:00,10-02-2025 08:58:41,10-02-2025 18:10:05,-5.04,-11.22,1019,82,-7.34,75,5,300,Clouds,broken clouds,10000.0,,
10-02-2025 13:00:00,10-02-2025 08:58:41,10-02-2025 18:10:05,-4.07,-9.28,1020,81,-6.53,40,4,280,Clouds,scattered clouds,10000.0,,
10-02-2025 14:00:00,10-02-2025 08:58:41,10-02-2025 18:10:05,-3.52,-9.32,1020,81,-5.99,40,5,270,Clouds,scattered clouds,10000.0,,
10-02-2025 15:00:00,10-02-2025 08:58:41,10-02-2025 18:10:05,-2.41,-7.93,1020,77,-5.49,0,5,260,Clear,clear sky,10000.0,,
10-02-2025 16:00:00,10-02-2025 08:58:41,10-02-2025 18:10:05,-1.82,-6.52,1020,77,-4.91,40,4,250,Clouds,scattered clouds,10000.0,,
10-02-2025 17:00:00,10-02-2025 08:58:41,10-02-2025 18:10:05,-2.26,-7.74,1020,80,-4.9,40,5,240,Clouds,scattered clouds,10000.0,,
10-02-2025 18:00:00,10-02-2025 08:58:41,10-02-2025 18:10:05,-2.71,-5.61,1020,87,-4.36,75,2,240,Snow,light shower snow,3700.0,,
10-02-2025 19:00:00,10-02-2025 08:58:41,10-02-2025 18:10:05,-2.81,-8.43,1020,90,-4.06,75,5,220,Snow,light shower snow,10000.0,,
10-02-2025 20:00:00,10-02-2025 08:58:41,10-02-2025 18:10:05,-2.46,-7.99,1020,90,-3.71,75,5,220,Snow,light shower snow,10000.0,,
10-02-2025 21:00:00,10-02-2025 08:58:41,10-02-2025 18:10:05,-2.46,-7.99,1020,91,-3.58,75,5,230,Clouds,broken clouds,10000.0,,
10-02-2025 22:00:00,10-02-2025 08:58:41,10-02-2025 18:10:05,-2.71,-8.89,1020,91,-3.83,75,6,220,Snow,light shower snow,9000.0,,
10-02-2025 23:00:00,10-02-2025 08:58:41,10-02-2025 18:10:05,-2.81,-8.43,1020,91,-3.93,75,5,220,Snow,light shower snow,10000.0,,
11-02-2025 00:00:00,11-02-2025 08:56:28,11-02-2025 18:12:20,-2.81,-9.53,1020,92,-3.8,75,7,230,Clouds,broken clouds,10000.0,,
11-02-2025 01:00:00,11-02-2025 08:56:28,11-02-2025 18:12:20,-3.02,-9.8,1019,92,-4.01,75,7,240,Clouds,broken clouds,10000.0,,
11-02-2025 02:00:00,11-02-2025 08:56:28,11-02-2025 18:12:20,-3.37,-10.37,1019,90,-4.61,75,8,230,Clouds,broken clouds,10000.0,,
11-02-2025 03:00:00,11-02-2025 08:56:28,11-02-2025 18:12:20,-4.03,-11.03,1019,90,-5.27,75,8,230,Snow,light snow,10000.0,0.11,
11-02-2025 04:00:00,11-02-2025 08:56:28,11-02-2025 18:12:20,-4.23,-11.23,1018,91,-5.34,75,8,230,Snow,light shower snow,5000.0,0.13,
11-02-2025 05:00:00,11-02-2025 08:56:28,11-02-2025 18:12:20,-5.14,-12.14,1018,92,-6.11,75,9,230,Snow,light snow,10000.0,0.12,
11-02-2025 06:00:00,11-02-2025 08:56:28,11-02-2025 18:12:20,-5.35,-12.35,1018,91,-6.45,75,9,230,Snow,light snow,9000.0,0.1,
11-02-2025 07:00:00,11-02-2025 08:56:28,11-02-2025 18:12:20,-5.8,-12.8,1017,90,-7.02,75,9,240,Snow,light snow,10000.0,0.11,
11-02-2025 08:00:00,11-02-2025 08:56:28,11-02-2025 18:12:20,-5.8,-12.8,1016,92,-6.77,75,9,240,Snow,light shower snow,7000.0,,
11-02-2025 09:00:00,11-02-2025 08:56:28,11-02-2025 18:12:20,-5.44,-12.44,1016,93,-6.28,75,8,240,Snow,light shower snow,3500.0,,
11-02-2025 10:00:00,11-02-2025 08:56:28,11-02-2025 18:12:20,-5.35,-12.35,1015,92,-6.32,75,9,240,Snow,light shower snow,2900.0,,14.0
11-02-2025 11:00:00,11-02-2025 08:56:28,11-02-2025 18:12:20,-5.23,-12.23,1014,92,-6.2,75,8,230,Snow,light shower snow,4000.0,,
11-02-2025 12:00:00,11-02-2025 08:56:28,11-02-2025 18:12:20,-4.68,-11.68,1013,91,-5.78,75,8,230,Snow,light shower snow,2900.0,,
11-02-2025 13:00:00,11-02-2025 08:56:28,11-02-2025 18:12:20,-4.23,-11.23,1011,88,-5.73,75,9,230,Snow,light shower snow,3500.0,,
11-02-2025 14:00:00,11-02-2025 08:56:28,11-02-2025 18:12:20,-4.13,-11.13,1010,85,-6.03,75,11,230,Snow,light shower snow,2400.0,,
11-02-2025 15:00:00,11-02-2025 08:56:28,11-02-2025 18:12:20,-3.68,-10.68,1009,83,-5.86,75,13,230,Snow,light shower snow,2500.0,,19.0
11-02-2025 16:00:00,11-02-2025 08:56:28,11-02-2025 18:12:20,-3.69,-10.69,1008,82,-6.01,75,12,230,Snow,light shower snow,5000.0,,
11-02-2025 17:00:00,11-02-2025 08:56:28,11-02-2025 18:12:20,-3.57,-10.57,1008,83,-5.76,75,11,230,Snow,light shower snow,6000.0,0.13,16.0
11-02-2025 18:00:00,11-02-2025 08:56:28,11-02-2025 18:12:20,-4.12,-11.12,1008,88,-5.62,75,10,240,Snow,shower snow,2000.0,0.15,16.0
11-02-2025 19:00:00,11-02-2025 08:56:28,11-02-2025 18:12:20,-4.13,-11.13,1008,90,-5.36,75,10,250,Snow,shower snow,2100.0,0.14,16.0
11-02-2025 20:00:00,11-02-2025 08:56:28,11-02-2025 18:12:20,-4.13,-11.13,1008,90,-5.36,75,9,250,Snow,shower snow,1900.0,0.21,14.0
11-02-2025 21:00:00,11-02-2025 08:56:28,11-02-2025 18:12:20,-4.03,-11.03,1009,88,-5.53,75,8,250,Snow,light shower snow,2500.0,0.24,
11-02-2025 22:00:00,11-02-2025 08:56:28,11-02-2025 18:12:20,-4.03,-11.03,1009,87,-5.66,75,9,260,Snow,shower snow,1300.0,0.33,14.0
11-02-2025 23:00:00,11-02-2025 08:56:28,11-02-2025 18:12:20,-4.23,-11.23,1010,91,-5.34,75,8,260,Snow,light shower snow,2100.0,0.18,
12-02-2025 00:00:00,12-02-2025 08:54:13,12-02-2025 18:14:35,-3.97,-10.97,1010,84,-6.01,75,9,260,Snow,light shower snow,9000.0,,
12-02-2025 01:00:00,12-02-2025 08:54:13,12-02-2025 18:14:35,-4.43,-11.43,1011,76,-7.62,75,9,270,Snow,light shower snow,9000.0,,
12-02-2025 02:00:00,12-02-2025 08:54:13,12-02-2025 18:14:35,-4.78,-11.52,1012,70,-8.89,75,6,290,Snow,light shower snow,8000.0,,11.0
12-02-2025 03:00:00,12-02-2025 08:54:13,12-02-2025 18:14:35,-5.14,-12.14,1012,76,-8.31,75,7,260,Snow,light shower snow,10000.0,,
12-02-2025 04:00:00,12-02-2025 08:54:13,12-02-2025 18:14:35,-5.14,-12.14,1012,74,-8.61,75,8,260,Snow,light shower snow,10000.0,,
12-02-2025 05:00:00,12-02-2025 08:54:13,12-02-2025 18:14:35,-5.24,-12.24,1013,73,-8.86,75,7,260,Clouds,broken clouds,10000.0,,
12-02-2025 06:00:00,12-02-2025 08:54:13,12-02-2025 18:14:35,-5.35,-12.35,1013,72,-9.13,75,8,270,Clouds,broken clouds,10000.0,,
12-02-2025 07:00:00,12-02-2025 08:54:13,12-02-2025 18:14:35,-5.35,-12.35,1013,73,-8.97,75,8,260,Snow,light snow,10000.0,0.12,
12-02-2025 08:00:00,12-02-2025 08:54:13,12-02-2025 18:14:35,-5.8,-12.8,1014,72,-9.57,96,8,260,Clouds,overcast clouds,10000.0,,
12-02-2025 09:00:00,12-02-2025 08:54:13,12-02-2025 18:14:35,-6.2,-13.2,1014,71,-10.11,94,8,260,Clouds,overcast clouds,10000.0,,
12-02-2025 10:00:00,12-02-2025 08:54:13,12-02-2025 18:14:35,-6.2,-13.2,1015,71,-10.11,0,7,260,Clear,clear sky,10000.0,,
12-02-2025 11:00:00,12-02-2025 08:54:13,12-02-2025 18:14:35,-5.57,-12.52,1015,63,-10.84,0,6,260,Clear,clear sky,10000.0,,
12-02-2025 12:00:00,12-02-2025 08:54:13,12-02-2025 18:14:35,-6.29,-13.29,1015,73,-9.89,20,6,260,Clouds,few clouds,10000.0,,
12-02-2025 13:00:00,12-02-2025 08:54:13,12-02-2025 18:14:35,-5.49,-12.49,1015,71,-9.42,40,7,260,Clouds,scattered clouds,10000.0,,
12-02-2025 14:00:00,12-02-2025 08:54:13,12-02-2025 18:14:35,-5.49,-12.42,1015,69,-9.75,40,6,260,Snow,light shower snow,10000.0,,
12-02-2025 15:00:00,12-02-2025 08:54:13,12-02-2025 18:14:35,-5.14,-12.14,1014,69,-9.41,75,7,240,Snow,light shower snow,10000.0,,
12-02-2025 16:00:00,12-02-2025 08:54:13,12-02-2025 18:14:35,-5.14,-11.97,1014,68,-9.57,40,6,250,Clouds,scattered clouds,10000.0,,
12-02-2025 17:00:00,12-02-2025 08:54:13,12-02-2025 18:14:35,-5.14,-11.97,1013,68,-9.57,75,6,240,Clouds,broken clouds,10000.0,,
12-02-2025 18:00:00,12-02-2025 08:54:13,12-02-2025 18:14:35,-5.71,-12.7,1013,72,-9.48,75,6,230,Snow,light shower snow,9000.0,,
12-02-2025 19:00:00,12-02-2025 08:54:13,12-02-2025 18:14:35,-5.8,-12.17,1012,78,-8.66,75,5,220,Snow,light shower snow,5000.0,,
12-02-2025 20:00:00,12-02-2025 08:54:13,12-02-2025 18:14:35,-6.25,-13.25,1012,84,-8.26,40,6,230,Snow,light shower snow,10000.0,0.13,
12-02-2025 21:00:00,12-02-2025 08:54:13,12-02-2025 18:14:35,-6.7,-13.3,1010,87,-8.3,40,5,230,Snow,light shower snow,8000.0,0.27,
12-02-2025 22:00:00,12-02-2025 08:54:13,12-02-2025 18:14:35,-6.81,-13.43,1009,89,-8.15,75,5,220,Snow,shower snow,1100.0,0.29,
12-02-2025 23:00:00,12-02-2025 08:54:13,12-02-2025 18:14:35,-7.26,-14.26,1009,91,-8.34,75,6,220,Snow,shower snow,1400.0,0.26,
13-02-2025 00:00:00,13-02-2025 08:51:57,13-02-2025 18:16:51,-7.26,-14.26,1008,91,-8.34,75,6,230,Snow,shower snow,1600.0,0.22,
13-02-2025 01:00:00,13-02-2025 08:51:57,13-02-2025 18:16:51,-7.36,-14.36,1008,92,-8.31,75,6,240,Snow,shower snow,2000.0,0.19,
13-02-2025 02:00:00,13-02-2025 08:51:57,13-02-2025 18:16:51,-7.36,-14.12,1008,90,-8.57,75,5,250,Snow,light shower snow,6000.0,0.19,
13-02-2025 03:00:00,13-02-2025 08:51:57,13-02-2025 18:16:51,-7.36,-14.36,1008,88,-8.82,75,6,260,Snow,light shower snow,10000.0,0.15,
13-02-2025 04:00:00,13-02-2025 08:51:57,13-02-2025 18:16:51,-7.92,-14.92,1008,87,-9.5,75,6,240,Snow,light shower snow,8000.0,,
13-02-2025 05:00:00,13-02-2025 08:51:57,13-02-2025 18:16:51,-8.02,-15.02,1008,86,-9.73,75,6,250,Snow,light shower snow,9000.0,,
13-02-2025 06:00:00,13-02-2025 08:51:57,13-02-2025 18:16:51,-8.02,-15.02,1008,85,-9.87,75,6,240,Snow,light shower snow,8000.0,,
13-02-2025 07:00:00,13-02-2025 08:51:57,13-02-2025 18:16:51,-8.37,-15.37,1007,85,-10.21,75,6,230,Snow,light shower snow,6000.0,,
13-02-2025 08:00:00,13-02-2025 08:51:57,13-02-2025 18:16:51,-8.47,-15.47,1007,85,-10.31,75,6,220,Snow,light shower snow,10000.0,0.15,
13-02-2025 09:00:00,13-02-2025 08:51:57,13-02-2025 18:16:51,-8.47,-15.47,1006,86,-10.18,75,6,200,Snow,snow,2900.0,0.58,
13-02-2025 10:00:00,13-02-2025 08:51:57,13-02-2025 18:16:51,-8.36,-15.36,1004,90,-9.56,75,7,200,Snow,snow,1900.0,0.74,
13-02-2025 11:00:00,13-02-2025 08:51:57,13-02-2025 18:16:51,-7.45,-14.45,1003,91,-8.53,75,9,210,Snow,snow,1300.0,0.64,
13-02-2025 12:00:00,13-02-2025 08:51:57,13-02-2025 18:16:51,-6.81,-13.81,1002,92,-7.77,75,11,220,Snow,snow,1000.0,0.57,17.0
13-02-2025 13:00:00,13-02-2025 08:51:57,13-02-2025 18:16:51,-6.25,-13.25,1001,93,-7.09,75,10,220,Snow,snow,1800.0,0.52,15.0
13-02-2025 14:00:00,13-02-2025 08:51:57,13-02-2025 18:16:51,-6.25,-13.25,1000,94,-6.97,75,10,220,Snow,snow,1200.0,0.44,
13-02-2025 15:00:00,13-02-2025 08:51:57,13-02-2025 18:16:51,-6.25,-13.25,1000,93,-7.09,75,11,230,Snow,light snow,2900.0,0.44,
13-02-2025 16:00:00,13-02-2025 08:51:57,13-02-2025 18:16:51,-6.9,-13.9,999,89,-8.24,75,8,240,Snow,heavy snow,1000.0,0.42,15.0
13-02-2025 17:00:00,13-02-2025 08:51:57,13-02-2025 18:16:51,-7.36,-14.36,1000,87,-8.95,75,8,240,Snow,snow,1000.0,0.33,
13-02-2025 18:00:00,13-02-2025 08:51:57,13-02-2025 18:16:51,-7.83,-14.83,1000,89,-9.16,75,7,230,Snow,snow,1600.0,0.29,
13-02-2025 19:00:00,13-02-2025 08:51:57,13-02-2025 18:16:51,-7.92,-14.92,1000,89,-9.25,75,6,230,Snow,shower snow,1600.0,0.27,
13-02-2025 20:00:00,13-02-2025 08:51:57,13-02-2025 18:16:51,-7.5,-14.5,1000,91,-8.58,75,6,240,Snow,light shower snow,2100.0,0.3,
13-02-2025 21:00:00,13-02-2025 08:51:57,13-02-2025 18:16:51,-7.37,-14.37,1000,90,-8.58,75,6,250,Snow,light shower snow,3200.0,0.3,
13-02-2025 22:00:00,13-02-2025 08:51:57,13-02-2025 18:16:51,-7.92,-14.92,1001,91,-8.99,75,6,250,Snow,light shower snow,2900.0,0.27,
13-02-2025 23:00:00,13-02-2025 08:51:57,13-02-2025 18:16:51,-7.92,-14.92,1002,91,-8.99,75,6,260,Snow,light shower snow,2200.0,0.24,
14-02-2025 00:00:00,14-02-2025 08:49:40,14-02-2025 18:19:06,-7.57,-14.57,1004,91,-8.65,75,6,270,Snow,light shower snow,2100.0,0.2,
14-02-2025 01:00:00,14-02-2025 08:49:40,14-02-2025 18:19:06,-8.01,-14.12,1005,85,-9.86,75,4,300,Snow,shower snow,1600.0,,
14-02-2025 02:00:00,14-02-2025 08:49:40,14-02-2025 18:19:06,-8.01,-15.01,1007,87,-9.59,75,6,270,Snow,light shower snow,6000.0,,
14-02-2025 03:00:00,14-02-2025 08:49:40,14-02-2025 18:19:06,-7.92,-14.92,1009,88,-9.37,75,6,270,Snow,light shower snow,5000.0,,
14-02-2025 04:00:00,14-02-2025 08:49:40,14-02-2025 18:19:06,-7.92,-14.82,1011,89,-9.25,75,5,270,Snow,light shower snow,9000.0,,
14-02-2025 05:00:00,14-02-2025 08:49:40,14-02-2025 18:19:06,-7.92,-14.92,1012,90,-9.12,75,6,260,Snow,light shower snow,3300.0,,
14-02-2025 06:00:00,14-02-2025 08:49:40,14-02-2025 18:19:06,-7.79,-14.79,1013,90,-8.99,75,6,260,Snow,light shower snow,2600.0,,
14-02-2025 07:00:00,14-02-2025 08:49:40,14-02-2025 18:19:06,-7.79,-14.79,1014,91,-8.87,75,6,260,Snow,light shower snow,2700.0,,
14-02-2025 08:00:00,14-02-2025 08:49:40,14-02-2025 18:19:06,-8.07,-15.07,1015,83,-10.18,75,6,270,Snow,light shower snow,7000.0,,
14-02-2025 09:00:00,14-02-2025 08:49:40,14-02-2025 18:19:06,-8.84,-15.84,1017,79,-11.49,75,6,270,Snow,light shower snow,5000.0,,
14-02-2025 10:00:00,14-02-2025 08:49:40,14-02-2025 18:19:06,-9.17,-16.17,1018,86,-10.87,75,6,260,Snow,light shower snow,3600.0,,
14-02-2025 11:00:00,14-02-2025 08:49:40,14-02-2025 18:19:06,-9.48,-15.93,1019,79,-12.12,75,4,270,Snow,light shower snow,9000.0,,
14-02-2025 12:00:00,14-02-2025 08:49:40,14-02-2025 18:19:06,-8.98,-15.98,1019,79,-11.63,75,5,260,Snow,light shower snow,5000.0,,
14-02-2025 13:00:00,14-02-2025 08:49:40,14-02-2025 18:19:06,-8.88,-15.88,1020,62,-14.2,75,6,270,Snow,light shower snow,10000.0,,
14-02-2025 14:00:00,14-02-2025 08:49:40,14-02-2025 18:19:06,-8.99,-15.99,1021,70,-12.98,99,4.82,268,Clouds,overcast clouds,,,
14-02-2025 15:00:00,14-02-2025 08:49:40,14-02-2025 18:19:06,-8.53,-15.53,1022,53,-15.57,40,6,270,Clouds,scattered clouds,10000.0,,
14-02-2025 16:00:00,14-02-2025 08:49:40,14-02-2025 18:19:06,-8.52,-15.52,1022,49,-16.4,40,6,270,Clouds,scattered clouds,10000.0,,
14-02-2025 17:00:00,14-02-2025 08:49:40,14-02-2025 18:19:06,-10.73,-17.63,1023,68,-14.98,91,4.17,269,Clouds,overcast clouds,,,
14-02-2025 18:00:00,14-02-2025 08:49:40,14-02-2025 18:19:06,-10.69,-17.42,1024,48,-18.66,0,4,260,Clear,clear sky,10000.0,,
14-02-2025 19:00:00,14-02-2025 08:49:40,14-02-2025 18:19:06,-10.89,-17.89,1025,52,-18.01,0,5,270,Clear,clear sky,10000.0,,
14-02-2025 20:00:00,14-02-2025 08:49:40,14-02-2025 18:19:06,-11.29,-18.15,1026,52,-18.38,0,4,270,Clear,clear sky,10000.0,,
14-02-2025 21:00:00,14-02-2025 08:49:40,14-02-2025 18:19:06,-13.77,-20.61,1026,80,-16.19,68,3.46,275,Clouds,broken clouds,,,
14-02-2025 22:00:00,14-02-2025 08:49:40,14-02-2025 18:19:06,-14.85,-21.34,1027,66,-19.28,0,3,240,Clear,clear sky,10000.0,,
14-02-2025 23:00:00,14-02-2025 08:49:40,14-02-2025 18:19:06,-14.77,-19.66,1027,66,-19.2,0,2,260,Clear,clear sky,10000.0,,
15-02-2025 00:00:00,15-02-2025 08:47:21,15-02-2025 18:21:20,-16.55,-23.38,1028,72,-20.02,0,3,270,Clear,clear sky,10000.0,,
15-02-2025 01:00:00,15-02-2025 08:47:21,15-02-2025 18:21:20,-16.77,-21.99,1029,71,-20.38,0,2,260,Clear,clear sky,10000.0,,
15-02-2025 02:00:00,15-02-2025 08:47:21,15-02-2025 18:21:20,-17.36,-24.35,1029,78,-19.98,0,3,260,Clear,clear sky,10000.0,,
15-02-2025 03:00:00,15-02-2025 08:47:21,15-02-2025 18:21:20,-18.62,-24.06,1029,85,-20.32,88,1.96,266,Clouds,overcast clouds,,,
15-02-2025 04:00:00,15-02-2025 08:47:21,15-02-2025 18:21:20,-18.46,-23.96,1029,84,-20.29,0,2,220,Clear,clear sky,10000.0,,
15-02-2025 05:00:00,15-02-2025 08:47:21,15-02-2025 18:21:20,-18.9,-24.47,1030,77,-21.62,0,2,190,Clear,clear sky,10000.0,,
15-02-2025 06:00:00,15-02-2025 08:47:21,15-02-2025 18:21:20,-21.57,-27.58,1030,77,-24.23,0,2,200,Clear,clear sky,10000.0,,
15-02-2025 07:00:00,15-02-2025 08:47:21,15-02-2025 18:21:20,-24.44,-30.69,1030,82,-26.42,99,1.9,191,Clouds,overcast clouds,,,
15-02-2025 08:00:00,15-02-2025 08:47:21,15-02-2025 18:21:20,-24.44,-31.26,1030,83,-26.3,100,2.15,181,Clouds,overcast clouds,,,
15-02-2025 09:00:00,15-02-2025 08:47:21,15-02-2025 18:21:20,-22.57,-28.75,1030,84,-24.34,0,2,190,Clear,clear sky,10000.0,,
15-02-2025 10:00:00,15-02-2025 08:47:21,15-02-2025 18:21:20,-21.64,-27.66,1030,76,-24.43,0,2,180,Clear,clear sky,10000.0,,
15-02-2025 11:00:00,15-02-2025 08:47:21,15-02-2025 18:21:20,-17.82,-23.21,1030,72,-21.25,0,2,190,Clear,clear sky,10000.0,,
15-02-2025 12:00:00,15-02-2025 08:47:21,15-02-2025 18:21:20,-15.57,-20.59,1029,85,-17.31,40,2,180,Clouds,scattered clouds,10000.0,,
15-02-2025 13:00:00,15-02-2025 08:47:21,15-02-2025 18:21:20,-10.64,-17.36,1029,65,-15.38,0,4,200,Clear,clear sky,10000.0,,
15-02-2025 14:00:00,15-02-2025 08:47:21,15-02-2025 18:21:20,-12.93,-19.93,1029,78,-15.64,0,5,220,Clear,clear sky,10000.0,,
15-02-2025 15:00:00,15-02-2025 08:47:21,15-02-2025 18:21:20,-10.73,-16.39,1029,76,-13.77,40,3,200,Clouds,scattered clouds,10000.0,,
15-02-2025 16:00:00,15-02-2025 08:47:21,15-02-2025 18:21:20,-10.17,-14.3,1028,77,-13.08,0,2,170,Clear,clear sky,10000.0,,
15-02-2025 17:00:00,15-02-2025 08:47:21,15-02-2025 18:21:20,-10.17,-14.3,1028,76,-13.22,0,2,190,Clear,clear sky,10000.0,,
15-02-2025 18:00:00,15-02-2025 08:47:21,15-02-2025 18:21:20,-10.73,-14.95,1028,78,-13.48,0,2,180,Clear,clear sky,10000.0,,
15-02-2025 19:00:00,15-02-2025 08:47:21,15-02-2025 18:21:20,-10.83,-10.83,1027,78,-13.58,0,1,180,Clear,clear sky,10000.0,,
15-02-2025 20:00:00,15-02-2025 08:47:21,15-02-2025 18:21:20,-12.28,-18.25,1027,80,-14.73,0,3,180,Clear,clear sky,10000.0,,
15-02-2025 21:00:00,15-02-2025 08:47:21,15-02-2025 18:21:20,-13.89,-20.19,1027,82,-16.04,0,3,170,Clear,clear sky,10000.0,,
15-02-2025 22:00:00,15-02-2025 08:47:21,15-02-2025 18:21:20,-10.74,-16.4,1026,82,-12.94,0,3,180,Clear,clear sky,10000.0,,
15-02-2025 23:00:00,15-02-2025 08:47:21,15-02-2025 18:21:20,-13.86,-20.15,1026,81,-16.14,0,3,170,Clear,clear sky,10000.0,,
16-02-2025 00:00:00,16-02-2025 08:45:01,16-02-2025 18:23:35,-13.38,-19.09,1026,82,-15.54,100,2.65,138,Clouds,overcast clouds,,,
16-02-2025 01:00:00,16-02-2025 08:45:01,16-02-2025 18:23:35,-12.82,-12.82,1026,83,-14.86,40,1,100,Clouds,scattered clouds,10000.0,,
16-02-2025 02:00:00,16-02-2025 08:45:01,16-02-2025 18:23:35,-11.77,-16.17,1025,83,-13.82,40,2,150,Clouds,scattered clouds,10000.0,,
16-02-2025 03:00:00,16-02-2025 08:45:01,16-02-2025 18:23:35,-13.35,-18.01,1025,84,-15.25,20,2,150,Clouds,few clouds,9000.0,,
16-02-2025 04:00:00,16-02-2025 08:45:01,16-02-2025 18:23:35,-13.38,-13.38,1025,83,-15.41,100,1,100,Clouds,overcast clouds,8000.0,,
16-02-2025 05:00:00,16-02-2025 08:45:01,16-02-2025 18:23:35,-13.38,-18.04,1024,84,-15.28,100,2,130,Clouds,overcast clouds,7000.0,,
16-02-2025 06:00:00,16-02-2025 08:45:01,16-02-2025 18:23:35,-13.96,-18.72,1025,84,-15.85,100,2,170,Clouds,overcast clouds,6000.0,,
16-02-2025 07:00:00,16-02-2025 08:45:01,16-02-2025 18:23:35,-13.19,-13.19,1024,86,-14.84,100,1,0,Clouds,overcast clouds,7000.0,,
16-02-2025 08:00:00,16-02-2025 08:45:01,16-02-2025 18:23:35,-13.05,-17.66,1024,87,-14.57,40,2,170,Clouds,scattered clouds,7000.0,,
16-02-2025 09:00:00,16-02-2025 08:45:01,16-02-2025 18:23:35,-13.05,-17.66,1024,86,-14.7,40,2,130,Clouds,scattered clouds,7000.0,,
16-02-2025 10:00:00,16-02-2025 08:45:01,16-02-2025 18:23:35,-12.51,-17.9,1025,87,-14.04,100,2.54,158,Clouds,overcast clouds,,,
16-02-2025 11:00:00,16-02-2025 08:45:01,16-02-2025 18:23:35,-12.25,-12.25,1025,92,-13.17,75,1,190,Snow,light snow,8000.0,,
16-02-2025 12:00:00,16-02-2025 08:45:01,16-02-2025 18:23:35,-9.37,-13.37,1025,82,-11.6,75,2,200,Clouds,broken clouds,10000.0,,
16-02-2025 13:00:00,16-02-2025 08:45:01,16-02-2025 18:23:35,-8.5,-12.36,1025,84,-10.47,75,2,200,Snow,light snow,4200.0,,
16-02-2025 14:00:00,16-02-2025 08:45:01,16-02-2025 18:23:35,-7.39,-13.36,1025,84,-9.38,75,4,220,Snow,light snow,4600.0,,
16-02-2025 15:00:00,16-02-2025 08:45:01,16-02-2025 18:23:35,-5.57,-10.19,1025,73,-9.19,40,3,220,Clouds,scattered clouds,10000.0,,
16-02-2025 16:00:00,16-02-2025 08:45:01,16-02-2025 18:23:35,-5.86,-10.54,1026,78,-8.72,75,3,220,Clouds,broken clouds,10000.0,,
16-02-2025 17:00:00,16-02-2025 08:45:01,16-02-2025 18:23:35,-5.44,-10.03,1026,79,-8.16,75,3,240,Clouds,broken clouds,10000.0,,
16-02-2025 18:00:00,16-02-2025 08:45:01,16-02-2025 18:23:35,-5.73,-10.38,1026,82,-8.02,75,3,210,Snow,light snow,10000.0,,
16-02-2025 19:00:00,16-02-2025 08:45:01,16-02-2025 18:23:35,-5.58,-10.2,1027,82,-7.87,75,3,200,Snow,light snow,10000.0,,
16-02-2025 20:00:00,16-02-2025 08:45:01,16-02-2025 18:23:35,-5.18,-9.72,1028,83,-7.34,75,3,200,Clouds,broken clouds,10000.0,,
16-02-2025 21:00:00,16-02-2025 08:45:01,16-02-2025 18:23:35,-5.74,-10.4,1028,82,-8.03,75,3,190,Clouds,broken clouds,10000.0,,
16-02-2025 22:00:00,16-02-2025 08:45:01,16-02-2025 18:23:35,-8.57,-13.79,1028,86,-10.28,40,3,200,Clouds,scattered clouds,10000.0,,
16-02-2025 23:00:00,16-02-2025 08:45:01,16-02-2025 18:23:35,-10.57,-16.2,1028,92,-11.5,0,3,200,Clear,clear sky,10000.0,,
17-02-2025 00:00:00,17-02-2025 08:42:39,17-02-2025 18:25:49,-12.57,-18.6,1029,92,-13.49,75,3,200,Clouds,broken clouds,7000.0,,
17-02-2025 01:00:00,17-02-2025 08:42:39,17-02-2025 18:25:49,-12.57,-17.1,1030,85,-14.35,76,2,200,Clouds,broken clouds,6000.0,,
17-02-2025 02:00:00,17-02-2025 08:42:39,17-02-2025 18:25:49,-15.83,-21.14,1031,89,-17.08,85,2.13,239,Clouds,overcast clouds,,,
17-02-2025 03:00:00,17-02-2025 08:42:39,17-02-2025 18:25:49,-16.67,-22.31,1031,88,-18.03,78,2.23,240,Clouds,broken clouds,,,
17-02-2025 04:00:00,17-02-2025 08:42:39,17-02-2025 18:25:49,-17.22,-22.95,1032,88,-18.57,78,2.23,238,Clouds,broken clouds,,,
17-02-2025 05:00:00,17-02-2025 08:42:39,17-02-2025 18:25:49,-16.94,-21.86,1033,89,-18.18,98,1.84,236,Clouds,overcast clouds,,,
17-02-2025 06:00:00,17-02-2025 08:42:39,17-02-2025 18:25:49,-10.85,-15.09,1033,92,-11.78,75,2,200,Clouds,broken clouds,9000.0,,
17-02-2025 07:00:00,17-02-2025 08:42:39,17-02-2025 18:25:49,-11.08,-11.08,1034,90,-12.25,100,1.12,221,Clouds,overcast clouds,,,
17-02-2025 08:00:00,17-02-2025 08:42:39,17-02-2025 18:25:49,-10.81,-10.81,1034,90,-11.98,100,1.28,195,Clouds,overcast clouds,,,
17-02-2025 09:00:00,17-02-2025 08:42:39,17-02-2025 18:25:49,-9.73,-13.25,1035,90,-10.91,100,1.7,181,Clouds,overcast clouds,,,
17-02-2025 10:00:00,17-02-2025 08:42:39,17-02-2025 18:25:49,-9.28,-13.36,1035,92,-10.22,100,2.06,182,Clouds,overcast clouds,,,
17-02-2025 11:00:00,17-02-2025 08:42:39,17-02-2025 18:25:49,-7.95,-13.05,1036,95,-8.54,100,3,210,Mist,mist,3400.0,,
17-02-2025 12:00:00,17-02-2025 08:42:39,17-02-2025 18:25:49,-7.94,-11.7,1036,94,-8.65,40,2,200,Clouds,scattered clouds,7000.0,,
17-02-2025 13:00:00,17-02-2025 08:42:39,17-02-2025 18:25:49,-7.4,-11.71,1036,94,-8.11,96,2.44,185,Clouds,overcast clouds,,,
17-02-2025 14:00:00,17-02-2025 08:42:39,17-02-2025 18:25:49,-6.27,-9.76,1037,94,-6.98,75,2,220,Clouds,broken clouds,6000.0,,
17-02-2025 15:00:00,17-02-2025 08:42:39,17-02-2025 18:25:49,-4.61,-9.95,1036,91,-5.71,75,4,220,Snow,light snow,5000.0,,
17-02-2025 16:00:00,17-02-2025 08:42:39,17-02-2025 18:25:49,-4.06,-9.27,1037,87,-5.69,75,4,230,Snow,light snow,10000.0,,
17-02-2025 17:00:00,17-02-2025 08:42:39,17-02-2025 18:25:49,-3.51,-8.6,1037,85,-5.42,75,4,210,Clouds,broken clouds,10000.0,,
17-02-2025 18:00:00,17-02-2025 08:42:39,17-02-2025 18:25:49,-3.51,-7.72,1037,82,-5.84,40,3,200,Clouds,scattered clouds,10000.0,,
17-02-2025 19:00:00,17-02-2025 08:42:39,17-02-2025 18:25:49,-4.08,-7.21,1038,83,-6.26,0,2,220,Clear,clear sky,10000.0,,
17-02-2025 20:00:00,17-02-2025 08:42:39,17-02-2025 18:25:49,-4.62,-9.28,1038,85,-6.51,65,3.23,180,Clouds,broken clouds,,,
17-02-2025 21:00:00,17-02-2025 08:42:39,17-02-2025 18:25:49,-7.22,-12.34,1038,90,-8.43,46,3.15,185,Clouds,scattered clouds,,,
17-02-2025 22:00:00,17-02-2025 08:42:39,17-02-2025 18:25:49,-8.57,-13.79,1039,92,-9.52,24,3,190,Clouds,few clouds,9000.0,,
17-02-2025 23:00:00,17-02-2025 08:42:39,17-02-2025 18:25:49,-9.57,-13.6,1039,92,-10.51,14,2,180,Clouds,few clouds,9000.0,,
18-02-2025 00:00:00,18-02-2025 08:40:17,18-02-2025 18:28:04,-9.57,-15.0,1040,92,-10.51,8,3,190,Clear,clear sky,7000.0,,
18-02-2025 01:00:00,18-02-2025 08:40:17,18-02-2025 18:28:04,-10.57,-16.2,1039,92,-11.5,10,3,200,Mist,mist,4700.0,,
18-02-2025 02:00:00,18-02-2025 08:40:17,18-02-2025 18:28:04,-11.57,-17.4,1040,85,-13.37,14,3,200,Mist,mist,3200.0,,
18-02-2025 03:00:00,18-02-2025 08:40:17,18-02-2025 18:28:04,-11.55,-15.91,1040,92,-12.47,14,2,180,Mist,mist,2800.0,,
18-02-2025 04:00:00,18-02-2025 08:40:17,18-02-2025 18:28:04,-12.57,-12.57,1040,92,-13.49,13,1,0,Mist,mist,3900.0,,
18-02-2025 05:00:00,18-02-2025 08:40:17,18-02-2025 18:28:04,-13.34,-17.99,1040,92,-14.25,18,2,180,Mist,mist,3100.0,,
18-02-2025 06:00:00,18-02-2025 08:40:17,18-02-2025 18:28:04,-13.47,-19.13,1040,88,-14.86,43,2.6,167,Clouds,scattered clouds,,,
18-02-2025 07:00:00,18-02-2025 08:40:17,18-02-2025 18:28:04,-13.65,-19.59,1040,88,-15.04,50,2.77,167,Clouds,scattered clouds,,,
18-02-2025 08:00:00,18-02-2025 08:40:17,18-02-2025 18:28:04,-14.01,-18.77,1040,92,-14.92,50,2,180,Mist,mist,3800.0,,
18-02-2025 09:00:00,18-02-2025 08:40:17,18-02-2025 18:28:04,-13.76,-13.76,1041,85,-15.53,44,1,0,Mist,mist,5000.0,,
18-02-2025 10:00:00,18-02-2025 08:40:17,18-02-2025 18:28:04,-12.57,-12.57,1041,92,-13.49,46,1,170,Mist,mist,4900.0,,
18-02-2025 11:00:00,18-02-2025 08:40:17,18-02-2025 18:28:04,-8.53,-8.53,1041,85,-10.37,19,1,150,Clouds,few clouds,7000.0,,
18-02-2025 12:00:00,18-02-2025 08:40:17,18-02-2025 18:28:04,-6.84,-6.84,1041,84,-8.84,10,1,200,Clear,clear sky,9000.0,,
18-02-2025 13:00:00,18-02-2025 08:40:17,18-02-2025 18:28:04,-5.18,-8.49,1040,83,-7.34,0,2,200,Clear,clear sky,10000.0,,
18-02-2025 14:00:00,18-02-2025 08:40:17,18-02-2025 18:28:04,-4.07,-7.57,1040,79,-6.82,0,2.28,175,Clear,clear sky,,,
18-02-2025 15:00:00,18-02-2025 08:40:17,18-02-2025 18:28:04,-3.57,-7.79,1039,93,-4.43,0,3,200,Clear,clear sky,10000.0,,
18-02-2025 16:00:00,18-02-2025 08:40:17,18-02-2025 18:28:04,-1.57,-4.28,1039,59,-7.76,0,2,200,Clear,clear sky,10000.0,,
18-02-2025 17:00:00,18-02-2025 08:40:17,18-02-2025 18:28:04,-2.4,-5.26,1039,71,-6.42,0,2.01,155,Clear,clear sky,,,
18-02-2025 18:00:00,18-02-2025 08:40:17,18-02-2025 18:28:04,-7.06,-11.09,1039,79,-9.75,2,2.28,144,Clear,clear sky,,,
18-02-2025 19:00:00,18-02-2025 08:40:17,18-02-2025 18:28:04,-7.39,-11.38,1039,78,-10.21,0,2.21,142,Clear,clear sky,,,
18-02-2025 20:00:00,18-02-2025 08:40:17,18-02-2025 18:28:04,-7.77,-7.77,1038,73,-11.33,0,0,0,Clear,clear sky,10000.0,,
18-02-2025 21:00:00,18-02-2025 08:40:17,18-02-2025 18:28:04,-10.05,-14.62,1038,85,-11.87,0,2.29,133,Clear,clear sky,,,
18-02-2025 22:00:00,18-02-2025 08:40:17,18-02-2025 18:28:04,-10.44,-15.2,1038,86,-12.12,0,2.37,130,Clear,clear sky,,,
18-02-2025 23:00:00,18-02-2025 08:40:17,18-02-2025 18:28:04,-10.58,-10.58,1037,92,-11.51,20,0,0,Mist,mist,3800.0,,
19-02-2025 00:00:00,19-02-2025 08:37:53,19-02-2025 18:30:17,-12.65,-17.31,1037,89,-13.93,0,2.07,125,Clear,clear sky,,,
19-02-2025 01:00:00,19-02-2025 08:37:53,19-02-2025 18:30:17,-12.57,-17.1,1037,92,-13.49,20,2,110,Clouds,few clouds,8000.0,,
19-02-2025 02:00:00,19-02-2025 08:37:53,19-02-2025 18:30:17,-16.39,-21.81,1036,89,-17.63,0,2.14,115,Clear,clear sky,,,
19-02-2025 03:00:00,19-02-2025 08:37:53,19-02-2025 18:30:17,-16.94,-22.23,1036,89,-18.18,1,2.02,102,Clear,clear sky,,,
19-02-2025 04:00:00,19-02-2025 08:37:53,19-02-2025 18:30:17,-17.22,-22.05,1036,87,-18.69,6,1.78,87,Clear,clear sky,,,
19-02-2025 05:00:00,19-02-2025 08:37:53,19-02-2025 18:30:17,-18.89,-24.5,1036,86,-20.47,20,2.02,93,Clouds,few clouds,,,
19-02-2025 06:00:00,19-02-2025 08:37:53,19-02-2025 18:30:17,-15.82,-21.07,1036,86,-17.43,44,2.1,106,Clouds,scattered clouds,,,
19-02-2025 07:00:00,19-02-2025 08:37:53,19-02-2025 18:30:17,-15.97,-15.97,1035,85,-17.71,0,0,0,Clear,clear sky,10000.0,,
19-02-2025 08:00:00,19-02-2025 08:37:53,19-02-2025 18:30:17,-16.09,-21.26,1035,85,-17.82,86,2.03,113,Clouds,overcast clouds,,,
19-02-2025 09:00:00,19-02-2025 08:37:53,19-02-2025 18:30:17,-15.45,-15.45,1036,85,-17.19,95,1,120,Clouds,overcast clouds,10000.0,,
19-02-2025 10:00:00,19-02-2025 08:37:53,19-02-2025 18:30:17,-15.17,-15.17,1035,85,-16.92,0,0,0,Clear,clear sky,10000.0,,
19-02-2025 11:00:00,19-02-2025 08:37:53,19-02-2025 18:30:17,-13.69,-13.69,1035,92,-14.6,0,1,90,Clear,clear sky,10000.0,,
19-02-2025 12:00:00,19-02-2025 08:37:53,19-02-2025 18:30:17,-7.96,-7.96,1035,80,-10.49,0,0,0,Clear,clear sky,10000.0,,
19-02-2025 13:00:00,19-02-2025 08:37:53,19-02-2025 18:30:17,-5.57,-5.57,1035,100,-5.57,0,0,0,Clear,clear sky,10000.0,,
19-02-2025 14:00:00,19-02-2025 08:37:53,19-02-2025 18:30:17,-2.57,-2.57,1035,63,-7.96,0,1,230,Clear,clear sky,10000.0,,
19-02-2025 15:00:00,19-02-2025 08:37:53,19-02-2025 18:30:17,-2.39,-5.24,1034,74,-5.93,0,2,230,Clear,clear sky,10000.0,,
19-02-2025 16:00:00,19-02-2025 08:37:53,19-02-2025 18:30:17,0.43,0.43,1034,55,-6.71,0,0,0,Clear,clear sky,10000.0,,
19-02-2025 17:00:00,19-02-2025 08:37:53,19-02-2025 18:30:17,-2.39,-5.24,1033,72,-6.25,0,2,220,Clear,clear sky,10000.0,,
19-02-2025 18:00:00,19-02-2025 08:37:53,19-02-2025 18:30:17,-7.16,-11.12,1034,74,-10.58,79,2.22,150,Clouds,broken clouds,,,
19-02-2025 19:00:00,19-02-2025 08:37:53,19-02-2025 18:30:17,-7.13,-10.87,1034,75,-10.4,82,2.07,155,Clouds,broken clouds,,,
19-02-2025 20:00:00,19-02-2025 08:37:53,19-02-2025 18:30:17,-7.34,-7.34,1034,79,-10.02,0,0,0,Clear,clear sky,10000.0,,
19-02-2025 21:00:00,19-02-2025 08:37:53,19-02-2025 18:30:17,-10.33,-14.69,1034,82,-12.54,54,2.12,164,Clouds,broken clouds,,,
19-02-2025 22:00:00,19-02-2025 08:37:53,19-02-2025 18:30:17,-10.36,-14.94,1034,83,-12.44,2,2.26,168,Clear,clear sky,,,
19-02-2025 23:00:00,19-02-2025 08:37:53,19-02-2025 18:30:17,-10.8,-10.8,1034,92,-11.73,3,1,170,Clear,clear sky,8000.0,,
20-02-2025 00:00:00,20-02-2025 08:35:28,20-02-2025 18:32:31,-13.31,-17.42,1034,85,-15.08,0,1.72,193,Clear,clear sky,,,
20-02-2025 01:00:00,20-02-2025 08:35:28,20-02-2025 18:32:31,-14.15,-18.65,1034,86,-15.78,4,1.85,208,Clear,clear sky,,,
20-02-2025 02:00:00,20-02-2025 08:35:28,20-02-2025 18:32:31,-15.56,-20.73,1034,88,-16.93,17,2.08,206,Clouds,few clouds,,,
20-02-2025 03:00:00,20-02-2025 08:35:28,20-02-2025 18:32:31,-13.57,-13.57,1035,85,-15.34,25,1,220,Mist,mist,2000.0,,
20-02-2025 04:00:00,20-02-2025 08:35:28,20-02-2025 18:32:31,-15.57,-15.57,1034,85,-17.31,39,0,0,Mist,mist,2100.0,,
20-02-2025 05:00:00,20-02-2025 08:35:28,20-02-2025 18:32:31,-15.9,-15.9,1034,80,-18.28,74,0,0,Fog,fog,1300.0,,
20-02-2025 06:00:00,20-02-2025 08:35:28,20-02-2025 18:32:31,-16.57,-16.57,1035,82,-18.68,20,0,0,Mist,mist,2200.0,,
20-02-2025 07:00:00,20-02-2025 08:35:28,20-02-2025 18:32:31,-16.72,-16.72,1035,80,-19.08,94,1,190,Mist,mist,2300.0,,
20-02-2025 08:00:00,20-02-2025 08:35:28,20-02-2025 18:32:31,-17.01,-17.01,1036,85,-18.73,92,1,200,Mist,mist,1600.0,,
20-02-2025 09:00:00,20-02-2025 08:35:28,20-02-2025 18:32:31,-16.19,-20.32,1036,83,-18.17,88,1.54,192,Clouds,overcast clouds,,,
20-02-2025 10:00:00,20-02-2025 08:35:28,20-02-2025 18:32:31,-15.14,-15.14,1036,85,-16.89,98,0,0,Mist,mist,2700.0,,
20-02-2025 11:00:00,20-02-2025 08:35:28,20-02-2025 18:32:31,-13.55,-13.55,1036,80,-15.97,100,0.98,203,Clouds,overcast clouds,,,
20-02-2025 12:00:00,20-02-2025 08:35:28,20-02-2025 18:32:31,-8.9,-12.82,1036,76,-11.98,99,2,200,Mist,mist,3000.0,,
20-02-2025 13:00:00,20-02-2025 08:35:28,20-02-2025 18:32:31,-7.94,-11.7,1036,78,-10.75,100,2,230,Mist,mist,5000.0,,
20-02-2025 14:00:00,20-02-2025 08:35:28,20-02-2025 18:32:31,-3.57,-3.57,1035,68,-8.05,100,1,260,Clouds,overcast clouds,7000.0,,
20-02-2025 15:00:00,20-02-2025 08:35:28,20-02-2025 18:32:31,-3.51,-3.51,1035,74,-7.02,100,1.08,191,Clouds,overcast clouds,,,
20-02-2025 16:00:00,20-02-2025 08:35:28,20-02-2025 18:32:31,-2.94,-5.88,1035,69,-7.28,0,2,290,Clear,clear sky,10000.0,,
20-02-2025 17:00:00,20-02-2025 08:35:28,20-02-2025 18:32:31,-2.57,-5.45,1035,68,-7.09,0,2,270,Clear,clear sky,10000.0,,
20-02-2025 18:00:00,20-02-2025 08:35:28,20-02-2025 18:32:31,-3.07,-3.07,1035,71,-7.07,99,1,250,Clouds,overcast clouds,9000.0,,
20-02-2025 19:00:00,20-02-2025 08:35:28,20-02-2025 18:32:31,-5.62,-5.62,1036,75,-8.93,99,0,0,Clouds,overcast clouds,8000.0,,
20-02-2025 20:00:00,20-02-2025 08:35:28,20-02-2025 18:32:31,-7.05,-7.05,1036,78,-9.88,78,0,0,Clouds,broken clouds,8000.0,,
20-02-2025 21:00:00,20-02-2025 08:35:28,20-02-2025 18:32:31,-10.57,-14.77,1035,85,-12.38,68,2,170,Clouds,broken clouds,6000.0,,
20-02-2025 22:00:00,20-02-2025 08:35:28,20-02-2025 18:32:31,-10.47,-10.47,1035,92,-11.4,36,0,0,Clouds,scattered clouds,6000.0,,
20-02-2025 23:00:00,20-02-2025 08:35:28,20-02-2025 18:32:31,-11.74,-11.74,1035,92,-12.66,10,1,0,Mist,mist,4700.0,,
21-02-2025 00:00:00,21-02-2025 08:33:02,21-02-2025 18:34:44,-12.57,-12.57,1035,92,-13.49,16,1,200,Mist,mist,2800.0,,
21-02-2025 01:00:00,21-02-2025 08:33:02,21-02-2025 18:34:44,-12.57,-12.57,1035,85,-14.35,74,0,0,Mist,mist,4100.0,,
21-02-2025 02:00:00,21-02-2025 08:33:02,21-02-2025 18:34:44,-14.0,-14.0,1035,87,-15.51,87,0,0,Mist,mist,5000.0,,
21-02-2025 03:00:00,21-02-2025 08:33:02,21-02-2025 18:34:44,-14.32,-14.32,1034,85,-16.08,69,0,0,Mist,mist,4300.0,,
21-02-2025 04:00:00,21-02-2025 08:33:02,21-02-2025 18:34:44,-14.22,-14.22,1034,92,-15.13,57,0,0,Mist,mist,3800.0,,
21-02-2025 05:00:00,21-02-2025 08:33:02,21-02-2025 18:34:44,-13.59,-19.24,1034,84,-15.49,96,2.58,157,Clouds,overcast clouds,,,
21-02-2025 06:00:00,21-02-2025 08:33:02,21-02-2025 18:34:44,-13.26,-19.09,1034,90,-14.41,96,2.75,162,Clouds,overcast clouds,,,
21-02-2025 07:00:00,21-02-2025 08:33:02,21-02-2025 18:34:44,-11.85,-17.72,1034,85,-13.64,99,2.99,167,Clouds,overcast clouds,,,
21-02-2025 08:00:00,21-02-2025 08:33:02,21-02-2025 18:34:44,-11.85,-17.73,1033,84,-13.77,99,3,190,Mist,mist,5000.0,,
21-02-2025 09:00:00,21-02-2025 08:33:02,21-02-2025 18:34:44,-9.57,-15.0,1033,85,-11.39,100,3,180,Mist,mist,4500.0,,
21-02-2025 10:00:00,21-02-2025 08:33:02,21-02-2025 18:34:44,-9.63,-15.07,1033,84,-11.58,92,3,180,Mist,mist,3900.0,,
21-02-2025 11:00:00,21-02-2025 08:33:02,21-02-2025 18:34:44,-9.44,-14.98,1033,86,-11.13,100,3.12,195,Clouds,overcast clouds,,,
21-02-2025 12:00:00,21-02-2025 08:33:02,21-02-2025 18:34:44,-6.85,-11.8,1033,76,-9.98,100,3.07,196,Clouds,overcast clouds,,,
21-02-2025 13:00:00,21-02-2025 08:33:02,21-02-2025 18:34:44,-5.71,-12.06,1033,72,-9.48,0,5,230,Clear,clear sky,10000.0,,
21-02-2025 14:00:00,21-02-2025 08:33:02,21-02-2025 18:34:44,-5.96,-10.73,1032,66,-10.7,100,3.07,201,Clouds,overcast clouds,,,
21-02-2025 15:00:00,21-02-2025 08:33:02,21-02-2025 18:34:44,-3.21,-7.24,1032,64,-8.4,100,2.88,202,Clouds,overcast clouds,,,
21-02-2025 16:00:00,21-02-2025 08:33:02,21-02-2025 18:34:44,-3.17,-8.88,1032,54,-10.28,0,5,220,Clear,clear sky,10000.0,,
21-02-2025 17:00:00,21-02-2025 08:33:02,21-02-2025 18:34:44,-1.85,-7.23,1032,64,-7.09,0,5,220,Clear,clear sky,10000.0,,
21-02-2025 18:00:00,21-02-2025 08:33:02,21-02-2025 18:34:44,-1.85,-6.56,1033,63,-7.27,0,4,240,Clear,clear sky,10000.0,,
21-02-2025 19:00:00,21-02-2025 08:33:02,21-02-2025 18:34:44,-2.4,-6.38,1033,62,-7.98,0,3,270,Clear,clear sky,10000.0,,
21-02-2025 20:00:00,21-02-2025 08:33:02,21-02-2025 18:34:44,-2.95,-5.89,1034,64,-8.15,0,2,280,Clear,clear sky,10000.0,,
21-02-2025 21:00:00,21-02-2025 08:33:02,21-02-2025 18:34:44,-4.06,-7.19,1034,71,-8.03,0,2,280,Clear,clear sky,10000.0,,
21-02-2025 22:00:00,21-02-2025 08:33:02,21-02-2025 18:34:44,-4.07,-8.39,1035,78,-6.96,20,3,320,Clouds,few clouds,10000.0,,
21-02-2025 23:00:00,21-02-2025 08:33:02,21-02-2025 18:34:44,-5.73,-10.38,1035,79,-8.44,0,3,310,Clear,clear sky,10000.0,,
22-02-2025 00:00:00,22-02-2025 08:30:35,22-02-2025 18:36:57,-6.29,-11.06,1036,83,-8.43,20,3,320,Clouds,few clouds,10000.0,,
22-02-2025 01:00:00,22-02-2025 08:30:35,22-02-2025 18:36:57,-6.29,-9.78,1035,84,-8.29,40,2,310,Clouds,scattered clouds,10000.0,,
22-02-2025 02:00:00,22-02-2025 08:30:35,22-02-2025 18:36:57,-7.57,-11.27,1036,86,-9.29,40,2,320,Clouds,scattered clouds,10000.0,,
22-02-2025 03:00:00,22-02-2025 08:30:35,22-02-2025 18:36:57,-7.57,-7.57,1036,86,-9.29,75,1,310,Clouds,broken clouds,10000.0,,
22-02-2025 04:00:00,22-02-2025 08:30:35,22-02-2025 18:36:57,-7.57,-7.57,1037,86,-9.29,75,1,330,Clouds,broken clouds,9000.0,,
22-02-2025 05:00:00,22-02-2025 08:30:35,22-02-2025 18:36:57,-7.57,-11.27,1036,86,-9.29,75,2,350,Snow,light snow,8000.0,,
22-02-2025 06:00:00,22-02-2025 08:30:35,22-02-2025 18:36:57,-9.84,-9.84,1037,92,-10.78,40,1,310,Snow,light snow,10000.0,,
22-02-2025 07:00:00,22-02-2025 08:30:35,22-02-2025 18:36:57,-8.57,-8.57,1037,86,-10.28,20,0,0,Clouds,few clouds,10000.0,,
22-02-2025 08:00:00,22-02-2025 08:30:35,22-02-2025 18:36:57,-9.83,-13.91,1038,92,-10.77,20,2,340,Clouds,few clouds,8000.0,,
22-02-2025 09:00:00,22-02-2025 08:30:35,22-02-2025 18:36:57,-10.14,-10.14,1038,92,-11.07,100,1,320,Clouds,overcast clouds,6000.0,,
22-02-2025 10:00:00,22-02-2025 08:30:35,22-02-2025 18:36:57,-9.57,-13.6,1038,92,-10.51,100,2,350,Clouds,overcast clouds,7000.0,,
22-02-2025 11:00:00,22-02-2025 08:30:35,22-02-2025 18:36:57,-9.61,-9.61,1039,87,-11.17,20,1,0,Clouds,few clouds,8000.0,,
22-02-2025 12:00:00,22-02-2025 08:30:35,22-02-2025 18:36:57,-9.05,-9.05,1039,84,-11.01,0,1,0,Clear,clear sky,10000.0,,
22-02-2025 13:00:00,22-02-2025 08:30:35,22-02-2025 18:36:57,-8.49,-8.49,1039,82,-10.73,0,1,50,Clear,clear sky,10000.0,,
22-02-2025 14:00:00,22-02-2025 08:30:35,22-02-2025 18:36:57,-6.84,-10.42,1039,78,-9.68,0,2,300,Clear,clear sky,10000.0,,
22-02-2025 15:00:00,22-02-2025 08:30:35,22-02-2025 18:36:57,-6.28,-9.77,1039,74,-9.72,0,2,290,Clear,clear sky,10000.0,,
22-02-2025 16:00:00,22-02-2025 08:30:35,22-02-2025 18:36:57,-5.73,-10.38,1039,73,-9.34,0,3,310,Clear,clear sky,10000.0,,
22-02-2025 17:00:00,22-02-2025 08:30:35,22-02-2025 18:36:57,-5.73,-9.13,1038,70,-9.82,0,2,300,Clear,clear sky,10000.0,,
22-02-2025 18:00:00,22-02-2025 08:30:35,22-02-2025 18:36:57,-6.57,-10.11,1039,68,-10.95,0,2,300,Clear,clear sky,10000.0,,
22-02-2025 19:00:00,22-02-2025 08:30:35,22-02-2025 18:36:57,-7.47,-11.16,1039,73,-11.03,0,2,300,Clear,clear sky,10000.0,,
22-02-2025 20:00:00,22-02-2025 08:30:35,22-02-2025 18:36:57,-7.77,-11.51,1039,73,-11.33,0,2,310,Clear,clear sky,10000.0,,
22-02-2025 21:00:00,22-02-2025 08:30:35,22-02-2025 18:36:57,-10.5,-14.69,1039,73,-13.98,0,2,310,Clear,clear sky,10000.0,,
22-02-2025 22:00:00,22-02-2025 08:30:35,22-02-2025 18:36:57,-11.55,-15.91,1038,79,-14.15,0,2,320,Clear,clear sky,10000.0,,
22-02-2025 23:00:00,22-02-2025 08:30:35,22-02-2025 18:36:57,-11.71,-11.71,1038,92,-12.63,0,1,350,Clear,clear sky,10000.0,,
23-02-2025 00:00:00,23-02-2025 08:28:07,23-02-2025 18:39:10,-13.19,-13.19,1038,85,-14.96,44,0,0,Clouds,scattered clouds,9000.0,,
23-02-2025 01:00:00,23-02-2025 08:28:07,23-02-2025 18:39:10,-16.57,-16.57,1038,85,-18.3,34,0,0,Clouds,scattered clouds,9000.0,,
23-02-2025 02:00:00,23-02-2025 08:28:07,23-02-2025 18:39:10,-20.83,-25.95,1038,85,-22.5,23,1.67,309,Clouds,few clouds,,,
23-02-2025 03:00:00,23-02-2025 08:28:07,23-02-2025 18:39:10,-19.57,-19.57,1038,77,-22.27,14,0,0,Clouds,few clouds,9000.0,,
23-02-2025 04:00:00,23-02-2025 08:28:07,23-02-2025 18:39:10,-20.57,-20.57,1038,84,-22.37,7,0,0,Clear,clear sky,9000.0,,
23-02-2025 05:00:00,23-02-2025 08:28:07,23-02-2025 18:39:10,-21.57,-21.57,1038,77,-24.23,0,1,210,Clear,clear sky,10000.0,,
23-02-2025 06:00:00,23-02-2025 08:28:07,23-02-2025 18:39:10,-24.72,-31.16,1038,83,-26.58,0,1.96,283,Clear,clear sky,,,
23-02-2025 07:00:00,23-02-2025 08:28:07,23-02-2025 18:39:10,-23.57,-23.57,1038,84,-25.32,0,1,220,Clear,clear sky,9000.0,,
23-02-2025 08:00:00,23-02-2025 08:28:07,23-02-2025 18:39:10,-23.57,-29.91,1038,77,-26.19,0,2,210,Clear,clear sky,10000.0,,
23-02-2025 09:00:00,23-02-2025 08:28:07,23-02-2025 18:39:10,-22.57,-28.75,1038,84,-24.34,0,2,220,Clear,clear sky,10000.0,,
23-02-2025 10:00:00,23-02-2025 08:28:07,23-02-2025 18:39:10,-17.4,-23.27,1038,79,-19.88,0,2.29,254,Clear,clear sky,,,
23-02-2025 11:00:00,23-02-2025 08:28:07,23-02-2025 18:39:10,-16.79,-22.01,1038,68,-20.85,0,2,240,Clear,clear sky,10000.0,,
23-02-2025 12:00:00,23-02-2025 08:28:07,23-02-2025 18:39:10,-12.95,-19.06,1038,71,-16.67,0,3,250,Clear,clear sky,10000.0,,
23-02-2025 13:00:00,23-02-2025 08:28:07,23-02-2025 18:39:10,-9.57,-15.0,1038,57,-15.77,0,3,250,Clear,clear sky,10000.0,,
23-02-2025 14:00:00,23-02-2025 08:28:07,23-02-2025 18:39:10,-7.41,-12.4,1038,60,-13.15,0,3,250,Clear,clear sky,10000.0,,
23-02-2025 15:00:00,23-02-2025 08:28:07,23-02-2025 18:39:10,-6.57,-11.39,1038,45,-15.49,0,3,290,Clear,clear sky,10000.0,,
23-02-2025 16:00:00,23-02-2025 08:28:07,23-02-2025 18:39:10,-5.74,-11.34,1038,57,-12.12,0,4,310,Clear,clear sky,10000.0,,
23-02-2025 17:00:00,23-02-2025 08:28:07,23-02-2025 18:39:10,-6.57,-11.39,1038,53,-13.71,0,3,310,Clear,clear sky,10000.0,,
23-02-2025 18:00:00,23-02-2025 08:28:07,23-02-2025 18:39:10,-10.92,-14.93,1038,68,-15.16,0,1.86,290,Clear,clear sky,,,
23-02-2025 19:00:00,23-02-2025 08:28:07,23-02-2025 18:39:10,-11.24,-15.72,1038,68,-15.47,1,2.1,297,Clear,clear sky,,,
23-02-2025 20:00:00,23-02-2025 08:28:07,23-02-2025 18:39:10,-11.58,-16.13,1039,67,-15.96,0,2.11,311,Clear,clear sky,,,
23-02-2025 21:00:00,23-02-2025 08:28:07,23-02-2025 18:39:10,-14.79,-20.18,1039,77,-17.6,1,2.28,326,Clear,clear sky,,,
23-02-2025 22:00:00,23-02-2025 08:28:07,23-02-2025 18:39:10,-13.57,-13.57,1039,72,-17.12,0,1,270,Clear,clear sky,10000.0,,
23-02-2025 23:00:00,23-02-2025 08:28:07,23-02-2025 18:39:10,-17.22,-23.5,1039,86,-18.82,0,2.55,344,Clear,clear sky,,,
24-02-2025 00:00:00,24-02-2025 08:25:38,24-02-2025 18:41:22,-16.57,-16.57,1040,85,-18.3,0,1,0,Clear,clear sky,10000.0,,
24-02-2025 01:00:00,24-02-2025 08:25:38,24-02-2025 18:41:22,-18.57,-18.57,1040,78,-21.16,0,1,0,Clear,clear sky,10000.0,,
24-02-2025 02:00:00,24-02-2025 08:25:38,24-02-2025 18:41:22,-19.57,-19.57,1040,77,-22.27,0,1,60,Clear,clear sky,10000.0,,
24-02-2025 03:00:00,24-02-2025 08:25:38,24-02-2025 18:41:22,-20.57,-20.57,1039,77,-23.25,0,1,200,Clear,clear sky,10000.0,,
24-02-2025 04:00:00,24-02-2025 08:25:38,24-02-2025 18:41:22,-21.57,-21.57,1039,84,-23.35,0,0,0,Clear,clear sky,10000.0,,
24-02-2025 05:00:00,24-02-2025 08:25:38,24-02-2025 18:41:22,-22.57,-22.57,1040,77,-25.21,0,0,0,Clear,clear sky,10000.0,,
24-02-2025 06:00:00,24-02-2025 08:25:38,24-02-2025 18:41:22,-23.57,-23.57,1039,77,-26.19,0,0,0,Clear,clear sky,10000.0,,
24-02-2025 07:00:00,24-02-2025 08:25:38,24-02-2025 18:41:22,-22.35,-22.35,1039,75,-25.26,0,0,0,Clear,clear sky,10000.0,,
24-02-2025 08:00:00,24-02-2025 08:25:38,24-02-2025 18:41:22,-22.35,-22.35,1039,75,-25.26,0,0,0,Clear,clear sky,10000.0,,
24-02-2025 09:00:00,24-02-2025 08:25:38,24-02-2025 18:41:22,-22.92,-22.92,1039,74,-25.95,0,0,0,Clear,clear sky,10000.0,,
24-02-2025 10:00:00,24-02-2025 08:25:38,24-02-2025 18:41:22,-19.34,-23.7,1039,79,-21.78,95,1.46,169,Clouds,overcast clouds,,,
24-02-2025 11:00:00,24-02-2025 08:25:38,24-02-2025 18:41:22,-19.63,-19.63,1038,84,-21.44,0,0,0,Clear,clear sky,10000.0,,
24-02-2025 12:00:00,24-02-2025 08:25:38,24-02-2025 18:41:22,-14.06,-14.06,1038,75,-17.16,0,0,0,Clear,clear sky,10000.0,,
24-02-2025 13:00:00,24-02-2025 08:25:38,24-02-2025 18:41:22,-8.49,-8.49,1038,62,-13.83,0,0,0,Clear,clear sky,10000.0,,
24-02-2025 14:00:00,24-02-2025 08:25:38,24-02-2025 18:41:22,-7.96,-11.73,1037,67,-12.46,0,2,260,Clear,clear sky,10000.0,,
24-02-2025 15:00:00,24-02-2025 08:25:38,24-02-2025 18:41:22,-6.28,-6.28,1037,60,-12.07,0,0,0,Clear,clear sky,10000.0,,
24-02-2025 16:00:00,24-02-2025 08:25:38,24-02-2025 18:41:22,-6.53,-6.53,1036,61,-12.12,0,1,200,Clear,clear sky,10000.0,,
24-02-2025 17:00:00,24-02-2025 08:25:38,24-02-2025 18:41:22,-6.3,-6.3,1035,61,-11.9,0,1,210,Clear,clear sky,10000.0,,
24-02-2025 18:00:00,24-02-2025 08:25:38,24-02-2025 18:41:22,-7.57,-7.57,1035,53,-14.66,0,0,0,Clear,clear sky,10000.0,,
24-02-2025 19:00:00,24-02-2025 08:25:38,24-02-2025 18:41:22,-10.69,-10.69,1034,57,-16.84,0,1,210,Clear,clear sky,10000.0,,
24-02-2025 20:00:00,24-02-2025 08:25:38,24-02-2025 18:41:22,-10.96,-16.39,1034,63,-16.03,24,2.78,231,Clouds,few clouds,,,
24-02-2025 21:00:00,24-02-2025 08:25:38,24-02-2025 18:41:22,-13.6,-18.3,1033,72,-17.15,0,2,220,Clear,clear sky,10000.0,,
24-02-2025 22:00:00,24-02-2025 08:25:38,24-02-2025 18:41:22,-13.73,-18.45,1032,78,-16.42,0,2,220,Clear,clear sky,10000.0,,
24-02-2025 23:00:00,24-02-2025 08:25:38,24-02-2025 18:41:22,-13.8,-18.53,1032,72,-17.34,0,2,210,Clear,clear sky,10000.0,,
25-02-2025 00:00:00,25-02-2025 08:23:08,25-02-2025 18:43:34,-15.57,-22.2,1031,78,-18.22,0,3,210,Clear,clear sky,10000.0,,
25-02-2025 01:00:00,25-02-2025 08:23:08,25-02-2025 18:43:34,-16.57,-21.76,1031,78,-19.2,0,2,200,Clear,clear sky,10000.0,,
25-02-2025 02:00:00,25-02-2025 08:23:08,25-02-2025 18:43:34,-16.57,-21.76,1030,78,-19.2,0,2,220,Clear,clear sky,10000.0,,
25-02-2025 03:00:00,25-02-2025 08:23:08,25-02-2025 18:43:34,-16.57,-21.76,1030,78,-19.2,0,2,220,Clear,clear sky,10000.0,,
25-02-2025 04:00:00,25-02-2025 08:23:08,25-02-2025 18:43:34,-17.57,-22.92,1030,78,-20.18,0,2,200,Clear,clear sky,10000.0,,
25-02-2025 05:00:00,25-02-2025 08:23:08,25-02-2025 18:43:34,-18.99,-24.58,1029,76,-21.84,0,2,180,Clear,clear sky,10000.0,,
25-02-2025 06:00:00,25-02-2025 08:23:08,25-02-2025 18:43:34,-19.56,-25.24,1028,77,-22.26,0,2,210,Clear,clear sky,10000.0,,
25-02-2025 07:00:00,25-02-2025 08:23:08,25-02-2025 18:43:34,-20.12,-27.08,1028,76,-22.94,2,2.63,231,Clear,clear sky,,,
25-02-2025 08:00:00,25-02-2025 08:23:08,25-02-2025 18:43:34,-21.23,-28.23,1028,76,-24.03,0,2.92,225,Clear,clear sky,,,
25-02-2025 09:00:00,25-02-2025 08:23:08,25-02-2025 18:43:34,-21.23,-28.23,1027,75,-24.16,0,2.94,221,Clear,clear sky,,,
25-02-2025 10:00:00,25-02-2025 08:23:08,25-02-2025 18:43:34,-17.9,-23.31,1027,72,-21.33,0,2,210,Clear,clear sky,10000.0,,
25-02-2025 11:00:00,25-02-2025 08:23:08,25-02-2025 18:43:34,-11.94,-18.94,1027,69,-15.99,0,4,220,Clear,clear sky,10000.0,,
25-02-2025 12:00:00,25-02-2025 08:23:08,25-02-2025 18:43:34,-10.72,-14.94,1027,69,-14.81,0,2,230,Clear,clear sky,10000.0,,
25-02-2025 13:00:00,25-02-2025 08:23:08,25-02-2025 18:43:34,-6.57,-11.39,1025,53,-13.71,0,3,240,Clear,clear sky,10000.0,,
25-02-2025 14:00:00,25-02-2025 08:23:08,25-02-2025 18:43:34,-4.61,-9.04,1025,56,-11.24,0,3,260,Clear,clear sky,10000.0,,
25-02-2025 15:00:00,25-02-2025 08:23:08,25-02-2025 18:43:34,-4.06,-9.27,1023,52,-11.55,0,4,260,Clear,clear sky,10000.0,,
25-02-2025 16:00:00,25-02-2025 08:23:08,25-02-2025 18:43:34,-3.51,-7.72,1022,51,-11.24,0,3,240,Clear,clear sky,10000.0,,
25-02-2025 17:00:00,25-02-2025 08:23:08,25-02-2025 18:43:34,-7.26,-10.91,1021,42,-16.87,0,2,250,Clear,clear sky,10000.0,,
25-02-2025 18:00:00,25-02-2025 08:23:08,25-02-2025 18:43:34,-7.8,-12.88,1020,61,-13.34,0,3.01,229,Clear,clear sky,,,
25-02-2025 19:00:00,25-02-2025 08:23:08,25-02-2025 18:43:34,-8.35,-13.85,1020,63,-13.52,0,3.29,229,Clear,clear sky,,,
25-02-2025 20:00:00,25-02-2025 08:23:08,25-02-2025 18:43:34,-8.81,-15.11,1019,45,-17.58,0,4,220,Clear,clear sky,10000.0,,
25-02-2025 21:00:00,25-02-2025 08:23:08,25-02-2025 18:43:34,-8.95,-14.25,1018,64,-13.92,0,3,230,Clear,clear sky,10000.0,,
25-02-2025 22:00:00,25-02-2025 08:23:08,25-02-2025 18:43:34,-10.57,-17.27,1018,67,-14.98,0,4,220,Clear,clear sky,10000.0,,
25-02-2025 23:00:00,25-02-2025 08:23:08,25-02-2025 18:43:34,-8.99,-15.33,1017,60,-14.66,0,4,220,Clear,clear sky,10000.0,,
26-02-2025 00:00:00,26-02-2025 08:20:37,26-02-2025 18:45:45,-8.98,-15.32,1017,60,-14.65,0,4,220,Clear,clear sky,10000.0,,
26-02-2025 01:00:00,26-02-2025 08:20:37,26-02-2025 18:45:45,-8.54,-14.78,1016,57,-14.79,0,4,210,Clear,clear sky,10000.0,,
26-02-2025 02:00:00,26-02-2025 08:20:37,26-02-2025 18:45:45,-8.33,-14.52,1016,57,-14.59,0,4,230,Clear,clear sky,10000.0,,
26-02-2025 03:00:00,26-02-2025 08:20:37,26-02-2025 18:45:45,-9.03,-15.38,1015,60,-14.7,0,4,240,Clear,clear sky,10000.0,,
26-02-2025 04:00:00,26-02-2025 08:20:37,26-02-2025 18:45:45,-10.37,-17.37,1015,52,-17.51,0,5,220,Clear,clear sky,10000.0,,
26-02-2025 05:00:00,26-02-2025 08:20:37,26-02-2025 18:45:45,-7.97,-14.07,1014,58,-14.06,0,4,230,Clear,clear sky,10000.0,,
26-02-2025 06:00:00,26-02-2025 08:20:37,26-02-2025 18:45:45,-7.82,-14.7,1014,58,-13.91,0,5,230,Clear,clear sky,10000.0,,
26-02-2025 07:00:00,26-02-2025 08:20:37,26-02-2025 18:45:45,-8.35,-14.54,1014,59,-14.23,0,4,230,Clear,clear sky,10000.0,,
26-02-2025 08:00:00,26-02-2025 08:20:37,26-02-2025 18:45:45,-8.27,-15.27,1013,60,-13.97,0,6,230,Clear,clear sky,10000.0,,
26-02-2025 09:00:00,26-02-2025 08:20:37,26-02-2025 18:45:45,-8.34,-15.34,1013,60,-14.04,0,5,240,Clear,clear sky,10000.0,,
26-02-2025 10:00:00,26-02-2025 08:20:37,26-02-2025 18:45:45,-8.08,-14.21,1013,60,-13.79,0,4,240,Clear,clear sky,10000.0,,
26-02-2025 11:00:00,26-02-2025 08:20:37,26-02-2025 18:45:45,-7.04,-12.93,1013,60,-12.8,40,4,250,Clouds,scattered clouds,10000.0,,
26-02-2025 12:00:00,26-02-2025 08:20:37,26-02-2025 18:45:45,-4.31,-9.58,1012,54,-11.36,20,4,260,Clouds,few clouds,10000.0,,
26-02-2025 13:00:00,26-02-2025 08:20:37,26-02-2025 18:45:45,-2.4,-9.0,1012,50,-10.42,40,7,250,Clouds,scattered clouds,10000.0,,
26-02-2025 14:00:00,26-02-2025 08:20:37,26-02-2025 18:45:45,-3.42,-8.83,1012,54,-10.52,100,4.47,239,Clouds,overcast clouds,,,
26-02-2025 15:00:00,26-02-2025 08:20:37,26-02-2025 18:45:45,-0.06,-4.99,1011,35,-12.23,0,5,260,Clear,clear sky,10000.0,,
26-02-2025 16:00:00,26-02-2025 08:20:37,26-02-2025 18:45:45,0.32,-3.12,1010,29,-13.99,0,3,260,Clear,clear sky,10000.0,,
26-02-2025 17:00:00,26-02-2025 08:20:37,26-02-2025 18:45:45,-0.64,-5.09,1010,49,-8.99,92,4.03,245,Clouds,overcast clouds,,,
26-02-2025 18:00:00,26-02-2025 08:20:37,26-02-2025 18:45:45,-0.36,-4.73,1009,29,-14.56,0,4,260,Clear,clear sky,10000.0,,
26-02-2025 19:00:00,26-02-2025 08:20:37,26-02-2025 18:45:45,-0.35,-5.35,1009,29,-14.55,0,5,250,Clear,clear sky,10000.0,,
26-02-2025 20:00:00,26-02-2025 08:20:37,26-02-2025 18:45:45,-1.19,-5.75,1010,42,-11.24,0,4,250,Clear,clear sky,10000.0,,
26-02-2025 21:00:00,26-02-2025 08:20:37,26-02-2025 18:45:45,-2.6,-7.28,1010,60,-8.55,99,3.75,255,Clouds,overcast clouds,,,
26-02-2025 22:00:00,26-02-2025 08:20:37,26-02-2025 18:45:45,-2.5,-6.92,1010,60,-8.45,98,3.46,260,Clouds,overcast clouds,,,
26-02-2025 23:00:00,26-02-2025 08:20:37,26-02-2025 18:45:45,-2.86,-6.92,1011,65,-7.88,100,2.98,268,Clouds,overcast clouds,,,
27-02-2025 00:00:00,27-02-2025 08:18:05,27-02-2025 18:47:56,-4.38,-8.27,1011,71,-8.34,99,2.55,282,Clouds,overcast clouds,,,
27-02-2025 01:00:00,27-02-2025 08:18:05,27-02-2025 18:47:56,-4.04,-7.33,1012,74,-7.54,97,2.12,299,Clouds,overcast clouds,,,
27-02-2025 02:00:00,27-02-2025 08:18:05,27-02-2025 18:47:56,-3.27,-6.26,1013,46,-12.17,75,2,350,Snow,light snow,10000.0,0.14,
27-02-2025 03:00:00,27-02-2025 08:18:05,27-02-2025 18:47:56,-1.57,-4.28,1013,54,-8.77,75,2,350,Snow,light snow,10000.0,0.21,
27-02-2025 04:00:00,27-02-2025 08:18:05,27-02-2025 18:47:56,-3.94,-9.12,1015,86,-5.71,75,4,40,Snow,light shower snow,6000.0,0.19,
27-02-2025 05:00:00,27-02-2025 08:18:05,27-02-2025 18:47:56,-5.31,-12.19,1015,86,-7.06,75,6,40,Snow,light shower snow,7000.0,0.1,
27-02-2025 06:00:00,27-02-2025 08:18:05,27-02-2025 18:47:56,-5.27,-11.65,1017,78,-8.14,100,5.21,41,Clouds,overcast clouds,,,
27-02-2025 07:00:00,27-02-2025 08:18:05,27-02-2025 18:47:56,-5.88,-12.88,1019,73,-9.49,75,7,60,Clouds,broken clouds,10000.0,,
27-02-2025 08:00:00,27-02-2025 08:18:05,27-02-2025 18:47:56,-6.82,-13.82,1020,73,-10.4,0,6,50,Clear,clear sky,10000.0,,
27-02-2025 09:00:00,27-02-2025 08:18:05,27-02-2025 18:47:56,-8.93,-15.93,1022,73,-12.46,0,7,50,Clear,clear sky,10000.0,,
27-02-2025 10:00:00,27-02-2025 08:18:05,27-02-2025 18:47:56,-10.34,-17.34,1023,73,-13.83,0,5,50,Clear,clear sky,10000.0,,
27-02-2025 11:00:00,27-02-2025 08:18:05,27-02-2025 18:47:56,-11.05,-18.05,1025,67,-15.45,0,5,60,Clear,clear sky,10000.0,,
27-02-2025 12:00:00,27-02-2025 08:18:05,27-02-2025 18:47:56,-9.42,-15.86,1025,60,-15.07,0,4,70,Clear,clear sky,10000.0,,
27-02-2025 13:00:00,27-02-2025 08:18:05,27-02-2025 18:47:56,-9.57,-16.57,1026,44,-18.53,0,6,50,Clear,clear sky,10000.0,,
27-02-2025 14:00:00,27-02-2025 08:18:05,27-02-2025 18:47:56,-8.57,-15.57,1026,38,-19.14,0,6,50,Clear,clear sky,10000.0,,
27-02-2025 15:00:00,27-02-2025 08:18:05,27-02-2025 18:47:56,-7.57,-14.38,1026,32,-20.03,0,5,90,Clear,clear sky,10000.0,,
27-02-2025 16:00:00,27-02-2025 08:18:05,27-02-2025 18:47:56,-8.81,-15.81,1026,34,-20.52,0,5,120,Clear,clear sky,10000.0,,
27-02-2025 17:00:00,27-02-2025 08:18:05,27-02-2025 18:47:56,-10.86,-17.86,1027,29,-24.01,0,5,80,Clear,clear sky,10000.0,,
27-02-2025 18:00:00,27-02-2025 08:18:05,27-02-2025 18:47:56,-10.98,-17.98,1027,37,-21.64,0,6,80,Clear,clear sky,10000.0,,
27-02-2025 19:00:00,27-02-2025 08:18:05,27-02-2025 18:47:56,-11.32,-18.19,1027,40,-21.15,0,4,90,Clear,clear sky,10000.0,,
27-02-2025 20:00:00,27-02-2025 08:18:05,27-02-2025 18:47:56,-11.46,-17.27,1027,47,-19.61,0,3,90,Clear,clear sky,10000.0,,
27-02-2025 21:00:00,27-02-2025 08:18:05,27-02-2025 18:47:56,-13.56,-19.79,1027,47,-21.58,0,3,90,Clear,clear sky,10000.0,,
27-02-2025 22:00:00,27-02-2025 08:18:05,27-02-2025 18:47:56,-13.75,-20.02,1027,47,-21.75,0,3,90,Clear,clear sky,10000.0,,
27-02-2025 23:00:00,27-02-2025 08:18:05,27-02-2025 18:47:56,-13.92,-20.22,1026,52,-20.87,0,3,90,Clear,clear sky,10000.0,,
28-02-2025 00:00:00,28-02-2025 08:15:32,28-02-2025 18:50:07,-13.92,-20.92,1026,54,-20.48,0,4,100,Clear,clear sky,10000.0,,
28-02-2025 01:00:00,28-02-2025 08:15:32,28-02-2025 18:50:07,-14.5,-21.5,1026,56,-20.66,0,4,100,Clear,clear sky,10000.0,,
28-02-2025 02:00:00,28-02-2025 08:15:32,28-02-2025 18:50:07,-14.45,-21.45,1025,59,-20.07,0,4,100,Clear,clear sky,10000.0,,
28-02-2025 03:00:00,28-02-2025 08:15:32,28-02-2025 18:50:07,-15.07,-22.07,1025,61,-20.31,20,4,90,Clouds,few clouds,10000.0,,
28-02-2025 04:00:00,28-02-2025 08:15:32,28-02-2025 18:50:07,-15.82,-22.82,1025,61,-21.03,75,4,100,Clouds,broken clouds,10000.0,,
28-02-2025 05:00:00,28-02-2025 08:15:32,28-02-2025 18:50:07,-16.46,-23.46,1024,65,-20.99,99,3.66,86,Clouds,overcast clouds,,,
28-02-2025 06:00:00,28-02-2025 08:15:32,28-02-2025 18:50:07,-16.81,-23.69,1024,60,-22.15,40,3,100,Clouds,scattered clouds,10000.0,,
28-02-2025 07:00:00,28-02-2025 08:15:32,28-02-2025 18:50:07,-16.95,-23.86,1024,60,-22.29,0,3,100,Clear,clear sky,10000.0,,
28-02-2025 08:00:00,28-02-2025 08:15:32,28-02-2025 18:50:07,-17.32,-24.31,1024,66,-21.67,40,3,90,Clouds,scattered clouds,10000.0,,
28-02-2025 09:00:00,28-02-2025 08:15:32,28-02-2025 18:50:07,-16.31,-23.09,1024,60,-21.67,0,3,90,Clear,clear sky,10000.0,,
28-02-2025 10:00:00,28-02-2025 08:15:32,28-02-2025 18:50:07,-15.06,-21.59,1024,64,-19.8,20,3,110,Clouds,few clouds,10000.0,,
28-02-2025 11:00:00,28-02-2025 08:15:32,28-02-2025 18:50:07,-13.52,-19.74,1024,65,-18.16,40,3,100,Clouds,scattered clouds,10000.0,,
28-02-2025 12:00:00,28-02-2025 08:15:32,28-02-2025 18:50:07,-12.4,-16.9,1024,62,-17.58,75,2,90,Snow,light snow,10000.0,,
28-02-2025 13:00:00,28-02-2025 08:15:32,28-02-2025 18:50:07,-11.29,-15.61,1024,63,-16.34,75,2,30,Snow,light snow,10000.0,,
28-02-2025 14:00:00,28-02-2025 08:15:32,28-02-2025 18:50:07,-9.63,-13.67,1024,62,-14.92,75,2,40,Snow,light snow,10000.0,,
28-02-2025 15:00:00,28-02-2025 08:15:32,28-02-2025 18:50:07,-9.07,-13.02,1024,61,-14.56,75,2,30,Snow,light shower snow,10000.0,,
28-02-2025 16:00:00,28-02-2025 08:15:32,28-02-2025 18:50:07,-7.96,-11.73,1024,61,-13.5,75,2,20,Snow,light shower snow,10000.0,,
28-02-2025 17:00:00,28-02-2025 08:15:32,28-02-2025 18:50:07,-7.96,-11.73,1024,61,-13.5,75,2,60,Clouds,broken clouds,10000.0,,
28-02-2025 18:00:00,28-02-2025 08:15:32,28-02-2025 18:50:07,-7.41,-11.09,1023,61,-12.97,75,2,80,Clouds,broken clouds,10000.0,,
28-02-2025 19:00:00,28-02-2025 08:15:32,28-02-2025 18:50:07,-9.57,-13.6,1024,62,-14.86,75,2,70,Clouds,broken clouds,10000.0,,
28-02-2025 20:00:00,28-02-2025 08:15:32,28-02-2025 18:50:07,-8.87,-8.87,1025,70,-12.86,100,0.91,42,Clouds,overcast clouds,,,
28-02-2025 21:00:00,28-02-2025 08:15:32,28-02-2025 18:50:07,-11.36,-15.69,1024,62,-16.58,75,2,100,Clouds,broken clouds,10000.0,,
28-02-2025 22:00:00,28-02-2025 08:15:32,28-02-2025 18:50:07,-11.69,-11.69,1025,67,-16.07,40,0,0,Clouds,scattered clouds,10000.0,,
28-02-2025 23:00:00,28-02-2025 08:15:32,28-02-2025 18:50:07,-11.57,-11.57,1024,80,-14.03,99,0.74,331,Clouds,overcast clouds,,,
