dt,sunrise,sunset,temp,feels_like,pressure,humidity,dew_point,clouds,wind_speed,wind_deg,main,description,visibility,snow.1h,wind_gust,rain.1h
1735664400,1735700070,1735725140,-12.5,-19.5,1030,89,-13.78,100,3.87,208,Clouds,overcast clouds,,,,
1735668000,1735700070,1735725140,-12.26,-19.26,1030,92,-13.18,100,4.0,200,Snow,light snow,10000.0,,,
1735671600,1735700070,1735725140,-12.33,-19.33,1030,85,-14.12,100,4.0,210,Clouds,overcast clouds,10000.0,,,
1735675200,1735700070,1735725140,-14.0,-20.17,1030,89,-15.27,85,2.89,197,Clouds,overcast clouds,,,,
1735678800,1735700070,1735725140,-14.02,-20.01,1029,88,-15.41,84,2.76,191,Clouds,broken clouds,,,,
1735682400,1735700070,1735725140,-14.97,-21.56,1029,86,-16.59,92,3.06,192,Clouds,overcast clouds,,,,
1735686000,1735700070,1735725140,-15.31,-15.31,1030,85,-17.05,75,1.0,210,Clouds,broken clouds,10000.0,,,
1735689600,1735700070,1735725140,-16.08,-16.08,1029,85,-17.81,75,1.0,200,Clouds,broken clouds,10000.0,,,
1735693200,1735700070,1735725140,-15.97,-15.97,1029,85,-17.71,40,1.0,190,Clouds,scattered clouds,10000.0,,,
1735696800,1735700070,1735725140,-17.53,-17.53,1029,78,-20.14,40,0.0,0,Clouds,scattered clouds,10000.0,,,
1735700400,1735700070,1735725140,-17.99,-17.99,1029,77,-20.73,40,0.0,0,Clouds,scattered clouds,10000.0,,,
1735704000,1735700070,1735725140,-17.74,-17.74,1029,85,-19.45,0,1.0,210,Clear,clear sky,10000.0,,,
1735707600,1735700070,1735725140,-15.77,-15.77,1028,84,-17.63,63,1.0,180,Clouds,broken clouds,9000.0,,,
1735711200,1735700070,1735725140,-14.43,-21.43,1028,83,-16.44,11,4.0,200,Clouds,few clouds,9000.0,,,
1735714800,1735700070,1735725140,-12.92,-18.94,1027,85,-14.7,15,2.94,174,Clouds,few clouds,,,,
1735718400,1735700070,1735725140,-13.01,-19.13,1027,84,-14.91,19,3.0,200,Clouds,few clouds,8000.0,,,
1735722000,1735700070,1735725140,-12.66,-17.2,1027,83,-14.7,8,2.0,180,Clear,clear sky,9000.0,,,
1735725600,1735700070,1735725140,-13.57,-19.8,1027,85,-15.34,9,3.0,210,Clear,clear sky,10000.0,,,
1735729200,1735700070,1735725140,-15.54,-15.54,1027,82,-17.66,40,1.0,0,Clouds,scattered clouds,10000.0,,,
1735732800,1735700070,1735725140,-15.05,-21.67,1026,82,-17.18,78,3.07,168,Clouds,broken clouds,,,,
1735736400,1735700070,1735725140,-11.57,-17.4,1026,85,-13.37,40,3.0,160,Clouds,scattered clouds,9000.0,,,
1735740000,1735700070,1735725140,-13.38,-19.75,1025,84,-15.28,99,3.14,167,Clouds,overcast clouds,,,,
1735743600,1735700070,1735725140,-10.6,-16.23,1025,86,-12.28,75,3.0,170,Snow,light snow,10000.0,,,
1735747200,1735700070,1735725140,-10.9,-17.16,1024,85,-12.71,100,3.49,163,Clouds,overcast clouds,,,,
1735750800,1735786451,1735811613,-9.29,-15.31,1024,86,-10.99,100,3.6,161,Clouds,overcast clouds,,,,
1735754400,1735786451,1735811613,-8.17,-14.06,1023,87,-9.75,100,3.72,162,Clouds,overcast clouds,,,,
1735758000,1735786451,1735811613,-6.81,-12.65,1023,87,-8.41,75,4.0,190,Snow,light snow,9000.0,,,
1735761600,1735786451,1735811613,-6.25,-11.96,1022,87,-7.85,75,4.0,190,Snow,light snow,6000.0,,,
1735765200,1735786451,1735811613,-6.14,-12.6,1021,87,-7.75,75,5.0,200,Snow,light shower snow,10000.0,,,
1735768800,1735786451,1735811613,-5.7,-11.29,1020,87,-7.31,75,4.0,190,Snow,light shower snow,9000.0,,,
1735772400,1735786451,1735811613,-5.71,-11.3,1020,87,-7.32,75,4.0,190,Snow,light shower snow,10000.0,,,
1735776000,1735786451,1735811613,-5.6,-11.16,1020,88,-7.08,75,4.0,190,Clouds,broken clouds,10000.0,,,
1735779600,1735786451,1735811613,-5.71,-12.06,1019,88,-7.19,75,5.0,190,Snow,light snow,3600.0,,,
1735783200,1735786451,1735811613,-5.7,-12.04,1018,88,-7.18,75,5.0,190,Snow,light shower snow,9000.0,,,
1735786800,1735786451,1735811613,-5.57,-11.13,1018,88,-7.05,75,4.0,190,Snow,light shower snow,8000.0,,,
1735790400,1735786451,1735811613,-5.57,-11.88,1017,90,-6.79,75,5.0,190,Snow,light shower snow,6000.0,,,
1735794000,1735786451,1735811613,-4.59,-11.28,1016,90,-5.82,75,6.0,200,Snow,light shower snow,7000.0,,,
1735797600,1735786451,1735811613,-4.46,-11.46,1016,86,-6.22,75,7.0,200,Snow,light shower snow,10000.0,,,
1735801200,1735786451,1735811613,-4.47,-11.47,1015,84,-6.5,75,7.0,200,Snow,light shower snow,10000.0,,,
1735804800,1735786451,1735811613,-4.03,-10.57,1014,83,-6.21,20,6.0,190,Clouds,few clouds,10000.0,,,
1735808400,1735786451,1735811613,-4.04,-9.97,1013,84,-6.08,0,5.0,180,Clear,clear sky,10000.0,,,
1735812000,1735786451,1735811613,-4.04,-9.97,1013,84,-6.08,75,5.0,180,Snow,light shower snow,8000.0,,,
1735815600,1735786451,1735811613,-3.61,-9.43,1012,85,-5.52,0,5.0,180,Clear,clear sky,10000.0,,,
1735819200,1735786451,1735811613,-3.06,-9.33,1011,85,-4.98,0,6.0,190,Snow,light snow,10000.0,0.2,,
1735822800,1735786451,1735811613,-3.01,-8.68,1010,91,-4.13,75,5.0,180,Snow,light shower snow,2700.0,0.51,,
1735826400,1735786451,1735811613,-2.46,-7.99,1010,92,-3.45,75,5.0,180,Snow,light shower snow,4800.0,0.39,,
1735830000,1735786451,1735811613,-2.35,-7.86,1009,92,-3.34,75,5.0,200,Snow,light shower snow,8000.0,0.25,,
1735833600,1735786451,1735811613,-1.94,-7.34,1010,93,-2.81,75,5.0,200,Snow,light shower snow,9000.0,0.14,,
1735837200,1735872829,1735898090,-2.36,-8.95,1010,90,-3.61,75,7.0,230,Snow,light shower snow,10000.0,0.12,,
1735840800,1735872829,1735898090,-3.47,-10.47,1011,86,-5.24,75,9.0,250,Snow,light shower snow,7000.0,0.13,,
1735844400,1735872829,1735898090,-4.03,-11.03,1012,85,-5.93,75,9.0,240,Snow,heavy shower snow,900.0,0.14,,
1735848000,1735872829,1735898090,-4.58,-11.58,1013,84,-6.61,75,9.0,240,Snow,light shower snow,7000.0,,,
1735851600,1735872829,1735898090,-5.24,-12.1,1014,84,-7.26,75,6.0,240,Snow,light shower snow,5000.0,,,
1735855200,1735872829,1735898090,-6.25,-13.25,1016,84,-8.26,75,8.0,250,Snow,light shower snow,3400.0,,13.0,
1735858800,1735872829,1735898090,-6.46,-13.46,1017,86,-8.19,75,7.0,240,Snow,light shower snow,4300.0,,,
1735862400,1735872829,1735898090,-6.81,-13.81,1017,83,-8.94,75,7.0,240,Snow,light shower snow,5000.0,,,
1735866000,1735872829,1735898090,-6.81,-13.81,1018,84,-8.81,75,6.0,230,Snow,light shower snow,7000.0,,,
1735869600,1735872829,1735898090,-7.18,-14.18,1019,86,-8.9,75,6.0,220,Snow,light shower snow,3700.0,,,
1735873200,1735872829,1735898090,-7.31,-14.31,1019,86,-9.03,75,7.0,230,Snow,light shower snow,10000.0,,,
1735876800,1735872829,1735898090,-7.16,-14.16,1019,79,-9.85,75,7.0,230,Clouds,broken clouds,10000.0,,,
1735880400,1735872829,1735898090,-6.59,-13.59,1019,79,-9.29,40,7.0,220,Clouds,scattered clouds,10000.0,,,
1735884000,1735872829,1735898090,-6.65,-13.65,1018,79,-9.35,40,8.0,220,Clouds,scattered clouds,10000.0,,,
1735887600,1735872829,1735898090,-6.8,-13.8,1018,81,-9.21,75,7.0,210,Snow,light shower snow,9000.0,,,
1735891200,1735872829,1735898090,-6.29,-13.29,1017,84,-8.29,75,8.0,210,Snow,light shower snow,9000.0,,,
1735894800,1735872829,1735898090,-6.35,-13.35,1016,86,-8.08,75,7.0,200,Snow,light shower snow,5000.0,,,
1735898400,1735872829,1735898090,-6.26,-13.26,1014,91,-7.35,75,6.0,200,Snow,light shower snow,2300.0,0.2,,
1735902000,1735872829,1735898090,-5.9,-12.29,1013,92,-6.87,75,5.0,190,Snow,shower snow,1400.0,0.39,,
1735905600,1735872829,1735898090,-5.7,-12.7,1011,92,-6.67,75,7.0,190,Snow,shower snow,1600.0,0.51,,
1735909200,1735872829,1735898090,-5.7,-12.7,1010,93,-6.54,75,8.0,210,Snow,shower snow,1700.0,0.49,,
1735912800,1735872829,1735898090,-5.6,-12.6,1009,94,-6.32,75,9.0,210,Snow,shower snow,1500.0,0.47,,
1735916400,1735872829,1735898090,-5.7,-12.7,1008,94,-6.42,75,9.0,210,Snow,shower snow,1900.0,0.37,,
1735920000,1735872829,1735898090,-5.7,-12.7,1007,94,-6.42,75,7.0,220,Snow,shower snow,1500.0,0.27,,
1735923600,1735959202,1735984571,-5.14,-11.97,1007,94,-5.86,75,6.0,220,Snow,shower snow,1900.0,0.22,,
1735927200,1735959202,1735984571,-5.14,-12.14,1008,94,-5.86,75,7.0,230,Snow,light shower snow,5000.0,0.21,,
1735930800,1735959202,1735984571,-4.03,-10.57,1009,95,-4.63,75,6.0,240,Snow,light shower snow,7000.0,0.16,,
1735934400,1735959202,1735984571,-4.03,-10.57,1010,95,-4.63,75,6.0,250,Snow,light shower snow,10000.0,0.17,,
1735938000,1735959202,1735984571,-3.46,-9.84,1011,94,-4.19,75,6.0,240,Snow,light shower snow,9000.0,0.19,,
1735941600,1735959202,1735984571,-2.92,-8.57,1011,95,-3.53,75,5.0,250,Snow,light shower snow,9000.0,0.17,,
1735945200,1735959202,1735984571,-2.37,-8.46,1011,96,-2.86,75,6.0,230,Snow,light shower snow,9000.0,0.12,,
1735948800,1735959202,1735984571,-1.81,-8.24,1012,95,-2.42,75,7.0,240,Snow,light shower snow,10000.0,0.11,,
1735952400,1735959202,1735984571,-1.34,-7.64,1012,95,-1.96,75,7.0,240,Snow,light shower snow,9000.0,,,
1735956000,1735959202,1735984571,-0.9,-7.07,1012,95,-1.52,75,7.0,240,Snow,light shower snow,4700.0,,,
1735959600,1735959202,1735984571,-0.28,-5.81,1013,96,-0.77,75,6.0,230,Snow,light shower snow,3900.0,,,
1735963200,1735959202,1735984571,-0.15,-5.1,1013,96,-0.64,75,5.0,220,Snow,light shower snow,2300.0,,,
1735966800,1735959202,1735984571,-0.15,-5.64,1014,97,-0.52,75,6.0,230,Snow,light shower snow,3500.0,,,
1735970400,1735959202,1735984571,-0.03,-5.49,1014,96,-0.52,75,6.0,230,Snow,light shower snow,4900.0,,,
1735974000,1735959202,1735984571,-0.03,-5.49,1014,96,-0.52,75,6.0,220,Snow,light shower snow,3800.0,0.13,,
1735977600,1735959202,1735984571,-0.01,-4.93,1014,97,-0.38,75,5.0,230,Snow,light shower snow,8000.0,0.21,,
1735981200,1735959202,1735984571,0.42,-4.92,1014,96,-0.12,75,6.0,230,Snow,light shower snow,9000.0,0.27,,
1735984800,1735959202,1735984571,0.42,-4.39,1015,96,-0.12,75,5.0,230,Snow,light shower snow,3900.0,0.27,,
1735988400,1735959202,1735984571,0.42,-4.92,1015,97,0.0,75,6.0,230,Snow,light shower snow,7000.0,0.26,,
1735992000,1735959202,1735984571,0.42,-4.92,1016,97,0.0,75,6.0,240,Snow,light shower snow,6000.0,0.17,,
1735995600,1735959202,1735984571,0.42,-4.92,1016,97,0.0,75,6.0,250,Snow,light shower snow,10000.0,1.02,,
1735999200,1735959202,1735984571,0.42,-4.39,1016,97,0.0,75,5.0,250,Snow,light shower snow,8000.0,0.1,,
1736002800,1735959202,1735984571,0.55,-4.23,1017,97,0.13,75,5.0,250,Snow,light shower snow,5000.0,,,
1736006400,1735959202,1735984571,0.97,-3.7,1018,97,0.55,100,5.0,250,Snow,light snow,5000.0,,,1.02
1736010000,1736045571,1736071055,0.97,-3.7,1018,97,0.55,100,5.0,260,Snow,light snow,10000.0,0.1,,
1736013600,1736045571,1736071055,0.97,-3.7,1019,97,0.55,100,5.0,240,Snow,light snow,10000.0,,,
1736017200,1736045571,1736071055,0.97,-3.7,1020,96,0.41,75,5.0,250,Snow,light shower snow,5000.0,,,
1736020800,1736045571,1736071055,0.87,-3.83,1021,97,0.45,75,5.0,240,Snow,light shower snow,9000.0,,,
1736024400,1736045571,1736071055,0.87,-3.83,1021,97,0.45,75,5.0,250,Snow,light shower snow,9000.0,,,
1736028000,1736045571,1736071055,0.54,-4.24,1022,97,0.12,75,5.0,250,Clouds,broken clouds,10000.0,,,
1736031600,1736045571,1736071055,0.42,-4.39,1022,96,-0.12,75,5.0,240,Clouds,broken clouds,10000.0,,,
1736035200,1736045571,1736071055,0.54,-3.62,1023,95,-0.15,75,4.0,250,Snow,light snow,10000.0,0.12,,
1736038800,1736045571,1736071055,0.42,-4.39,1023,93,-0.51,75,5.0,240,Snow,light snow,10000.0,0.12,,
1736042400,1736045571,1736071055,0.42,-3.77,1024,93,-0.51,75,4.0,230,Clouds,broken clouds,10000.0,,,
1736046000,1736045571,1736071055,-0.16,-4.48,1025,93,-1.04,75,4.0,210,Clouds,broken clouds,10000.0,,,
1736049600,1736045571,1736071055,-0.18,-5.14,1025,93,-1.06,75,5.0,220,Snow,light snow,10000.0,0.11,,
1736053200,1736045571,1736071055,-0.02,-4.94,1025,91,-1.16,75,5.0,230,Clouds,broken clouds,10000.0,,,
1736056800,1736045571,1736071055,-0.59,-5.01,1025,90,-1.86,75,4.0,230,Clouds,broken clouds,9000.0,,,
1736060400,1736045571,1736071055,-0.71,-5.16,1026,88,-2.25,75,4.0,240,Clouds,broken clouds,10000.0,,,
1736064000,1736045571,1736071055,-0.71,-5.8,1026,89,-2.11,75,5.0,220,Clouds,broken clouds,10000.0,,,
1736067600,1736045571,1736071055,-1.13,-4.86,1027,89,-2.53,100,3.0,200,Snow,light snow,7000.0,,,
1736071200,1736045571,1736071055,-1.69,-5.53,1027,92,-2.69,100,3.0,220,Clouds,overcast clouds,5000.0,,,
1736074800,1736045571,1736071055,-2.4,-6.38,1028,100,-2.4,100,3.0,200,Mist,mist,4300.0,,,
1736078400,1736045571,1736071055,-2.36,-6.34,1027,93,-3.22,100,3.0,200,Clouds,overcast clouds,8000.0,,,
1736082000,1736045571,1736071055,-2.41,-5.26,1028,93,-3.27,100,2.0,220,Clouds,overcast clouds,7000.0,,,
1736085600,1736045571,1736071055,-2.67,-6.71,1028,93,-3.53,100,3.0,220,Clouds,overcast clouds,10000.0,,,
1736089200,1736045571,1736071055,-2.7,-5.6,1028,93,-3.56,100,2.0,220,Snow,light snow,8000.0,,,
1736092800,1736045571,1736071055,-2.71,-6.76,1027,93,-3.57,100,3.0,220,Snow,light snow,10000.0,,,
1736096400,1736131936,1736157542,-3.53,-7.74,1028,93,-4.39,100,3.0,200,Clouds,overcast clouds,10000.0,,,
1736100000,1736131936,1736157542,-3.47,-7.67,1028,93,-4.33,100,3.0,200,Clouds,overcast clouds,10000.0,,,
1736103600,1736131936,1736157542,-3.4,-7.58,1027,86,-5.17,100,3.0,210,Clouds,overcast clouds,10000.0,,,
1736107200,1736131936,1736157542,-3.94,-9.84,1027,86,-5.71,100,5.0,210,Clouds,overcast clouds,10000.0,,,
1736110800,1736131936,1736157542,-3.7,-8.83,1028,80,-6.31,100,4.0,210,Clouds,overcast clouds,10000.0,,,
1736114400,1736131936,1736157542,-5.3,-10.79,1027,86,-7.05,100,4.0,200,Clouds,overcast clouds,10000.0,,,
1736118000,1736131936,1736157542,-5.34,-10.84,1027,86,-7.09,100,4.0,190,Clouds,overcast clouds,10000.0,,,
1736121600,1736131936,1736157542,-5.43,-10.95,1027,86,-7.18,100,4.0,190,Clouds,overcast clouds,10000.0,,,
1736125200,1736131936,1736157542,-5.43,-10.95,1026,86,-7.18,100,4.0,200,Clouds,overcast clouds,10000.0,,,
1736128800,1736131936,1736157542,-6.82,-12.39,1026,90,-8.03,100,3.69,187,Clouds,overcast clouds,,,,
1736132400,1736131936,1736157542,-6.76,-12.77,1027,90,-7.97,100,4.21,191,Clouds,overcast clouds,,,,
1736136000,1736131936,1736157542,-6.86,-13.38,1027,88,-8.33,100,4.84,201,Clouds,overcast clouds,,,,
1736139600,1736131936,1736157542,-6.17,-12.52,1027,85,-8.04,100,4.84,205,Clouds,overcast clouds,,,,
1736143200,1736131936,1736157542,-6.29,-12.67,1027,90,-7.5,100,4.84,203,Clouds,overcast clouds,,,,
1736146800,1736131936,1736157542,-6.85,-13.19,1027,88,-8.32,100,4.6,201,Clouds,overcast clouds,,,,
1736150400,1736131936,1736157542,-6.13,-12.03,1027,84,-8.14,100,4.26,199,Clouds,overcast clouds,,,,
1736154000,1736131936,1736157542,-6.12,-13.12,1027,82,-8.4,0,6.0,210,Clear,clear sky,10000.0,,,
1736157600,1736131936,1736157542,-6.68,-13.27,1027,83,-8.81,0,5.0,210,Clear,clear sky,10000.0,,,
1736161200,1736131936,1736157542,-6.84,-13.47,1028,84,-8.84,0,5.0,210,Clear,clear sky,10000.0,,,
1736164800,1736131936,1736157542,-6.57,-13.13,1028,79,-9.27,0,5.0,210,Clear,clear sky,10000.0,,,
1736168400,1736131936,1736157542,-7.12,-13.82,1028,79,-9.81,0,5.0,220,Clear,clear sky,10000.0,,,
1736172000,1736131936,1736157542,-7.64,-14.64,1029,79,-10.32,0,6.0,230,Clear,clear sky,10000.0,,,
1736175600,1736131936,1736157542,-7.57,-14.57,1029,79,-10.25,0,6.0,230,Clear,clear sky,10000.0,,,
1736179200,1736131936,1736157542,-7.96,-14.96,1029,91,-9.03,40,6.0,220,Clouds,scattered clouds,10000.0,,,
1736182800,1736218297,1736244032,-8.07,-15.07,1029,87,-9.65,75,6.0,240,Clouds,broken clouds,10000.0,,,
1736186400,1736218297,1736244032,-8.51,-15.51,1030,89,-9.83,75,5.0,240,Clouds,broken clouds,10000.0,,,
1736190000,1736218297,1736244032,-8.51,-15.51,1030,89,-9.83,75,5.0,220,Snow,light snow,10000.0,,,
1736193600,1736218297,1736244032,-7.96,-14.87,1030,89,-9.29,75,5.0,220,Snow,light snow,9000.0,,,
1736197200,1736218297,1736244032,-8.35,-14.54,1031,88,-9.8,75,4.0,220,Snow,light snow,10000.0,,,
1736200800,1736218297,1736244032,-8.35,-15.35,1031,88,-9.8,100,5.0,220,Clouds,overcast clouds,10000.0,,,
1736204400,1736218297,1736244032,-8.35,-13.53,1031,89,-9.67,100,3.0,210,Clouds,overcast clouds,10000.0,,,
1736208000,1736218297,1736244032,-8.27,-14.44,1031,89,-9.59,100,4.0,220,Clouds,overcast clouds,9000.0,,,
1736211600,1736218297,1736244032,-8.27,-13.43,1032,90,-9.47,100,3.0,210,Clouds,overcast clouds,10000.0,,,
1736215200,1736218297,1736244032,-8.35,-13.53,1032,92,-9.3,100,3.0,210,Mist,mist,2300.0,,,
1736218800,1736218297,1736244032,-8.22,-13.37,1032,92,-9.17,100,3.0,200,Mist,mist,5000.0,,,
1736222400,1736218297,1736244032,-7.79,-12.86,1032,93,-8.62,100,3.0,210,Snow,light snow,4600.0,,,
1736226000,1736218297,1736244032,-7.66,-12.7,1032,93,-8.49,100,3.0,210,Snow,snow,1600.0,,,
1736229600,1736218297,1736244032,-7.16,-12.1,1032,92,-8.12,100,3.0,190,Snow,light snow,4700.0,,,
1736233200,1736218297,1736244032,-7.24,-10.89,1032,93,-8.07,100,2.0,230,Snow,light snow,7000.0,,,
1736236800,1736218297,1736244032,-6.96,-11.86,1032,92,-7.92,100,3.0,190,Snow,light snow,10000.0,,,
1736240400,1736218297,1736244032,-7.4,-11.08,1032,94,-8.11,75,2.0,170,Snow,light snow,10000.0,,,
1736244000,1736218297,1736244032,-8.57,-13.79,1032,100,-8.57,75,3.0,160,Clouds,broken clouds,10000.0,,,
1736247600,1736218297,1736244032,-8.08,-11.87,1032,93,-8.91,75,2.0,160,Clouds,broken clouds,10000.0,,,
1736251200,1736218297,1736244032,-7.97,-11.74,1031,93,-8.8,100,2.0,170,Clouds,overcast clouds,10000.0,,,
1736254800,1736218297,1736244032,-7.83,-11.58,1031,93,-8.66,100,2.0,160,Clouds,overcast clouds,10000.0,,,
1736258400,1736218297,1736244032,-8.8,-12.71,1031,92,-9.74,75,2.0,120,Clouds,broken clouds,10000.0,,,
1736262000,1736218297,1736244032,-9.22,-13.2,1030,92,-10.16,40,2.0,80,Clouds,scattered clouds,10000.0,,,
1736265600,1736218297,1736244032,-9.57,-13.6,1029,92,-10.51,40,2.0,90,Clouds,scattered clouds,10000.0,,,
1736269200,1736304654,1736330526,-9.62,-13.66,1029,92,-10.56,40,2.0,110,Clouds,scattered clouds,10000.0,,,
1736272800,1736304654,1736330526,-10.57,-10.57,1028,92,-11.5,40,0.0,0,Snow,light snow,8000.0,,,
1736276400,1736304654,1736330526,-9.57,-9.57,1028,92,-10.51,40,1.0,130,Snow,light snow,5000.0,,,
1736280000,1736304654,1736330526,-9.57,-9.57,1028,92,-10.51,40,1.0,70,Snow,light snow,10000.0,,,
1736283600,1736304654,1736330526,-8.5,-8.5,1027,89,-9.82,40,1.0,130,Clouds,scattered clouds,10000.0,,,
1736287200,1736304654,1736330526,-8.36,-12.19,1026,90,-9.56,40,2.0,150,Snow,light snow,5000.0,,,
1736290800,1736304654,1736330526,-8.35,-12.18,1026,90,-9.55,40,2.0,150,Snow,light snow,2100.0,,,
1736294400,1736304654,1736330526,-8.35,-13.53,1026,90,-9.55,40,3.0,170,Snow,light snow,2400.0,,,
1736298000,1736304654,1736330526,-7.92,-13.01,1025,90,-9.12,40,3.0,180,Snow,light shower snow,5000.0,,,
1736301600,1736304654,1736330526,-8.02,-11.8,1025,89,-9.35,75,2.0,170,Snow,light shower snow,3800.0,,,
1736305200,1736304654,1736330526,-7.77,-7.77,1025,90,-8.97,40,1.0,160,Snow,light shower snow,7000.0,,,
1736308800,1736304654,1736330526,-6.95,-10.55,1025,90,-8.16,40,2.0,190,Snow,light shower snow,8000.0,0.15,,
1736312400,1736304654,1736330526,-6.81,-11.68,1024,90,-8.02,75,3.0,200,Snow,light shower snow,5000.0,0.2,,
1736316000,1736304654,1736330526,-6.49,-11.3,1024,89,-7.83,75,3.0,210,Snow,light shower snow,2200.0,0.16,,
1736319600,1736304654,1736330526,-5.7,-10.35,1024,90,-6.92,100,3.0,200,Snow,light snow,3500.0,,,
1736323200,1736304654,1736330526,-5.99,-11.64,1024,91,-7.08,100,4.0,210,Snow,snow,1900.0,,,
1736326800,1736304654,1736330526,-5.99,-12.41,1024,90,-7.21,100,5.0,230,Snow,light snow,3200.0,,,
1736330400,1736304654,1736330526,-6.12,-11.8,1024,92,-7.08,100,4.0,240,Snow,light snow,3600.0,,,
1736334000,1736304654,1736330526,-6.0,-11.65,1025,91,-7.09,100,4.0,240,Snow,light snow,5000.0,,,
1736337600,1736304654,1736330526,-6.46,-13.0,1026,90,-7.67,75,5.0,250,Snow,light snow,9000.0,,,
1736341200,1736304654,1736330526,-6.81,-13.81,1026,89,-8.15,40,6.0,240,Snow,light snow,9000.0,,,
1736344800,1736304654,1736330526,-6.81,-13.81,1026,90,-8.02,40,6.0,230,Snow,light shower snow,9000.0,,,
1736348400,1736304654,1736330526,-6.81,-13.81,1027,89,-8.15,75,6.0,250,Snow,light shower snow,10000.0,,,
1736352000,1736304654,1736330526,-7.37,-14.37,1028,88,-8.83,75,6.0,250,Snow,light shower snow,10000.0,,,
1736355600,1736391007,1736417022,-8.68,-15.68,1029,86,-10.38,20,6.0,240,Clouds,few clouds,10000.0,,,
1736359200,1736391007,1736417022,-9.23,-16.23,1030,86,-10.93,20,8.0,230,Clouds,few clouds,10000.0,,,
1736362800,1736391007,1736417022,-9.57,-16.57,1031,79,-12.21,20,8.0,240,Clouds,few clouds,10000.0,,,
1736366400,1736391007,1736417022,-12.33,-19.33,1032,78,-15.05,86,6.02,232,Clouds,overcast clouds,,,,
1736370000,1736391007,1736417022,-12.34,-19.34,1032,78,-15.06,91,6.15,229,Clouds,overcast clouds,,,,
1736373600,1736391007,1736417022,-12.85,-19.85,1032,79,-15.42,100,6.27,227,Clouds,overcast clouds,,,,
1736377200,1736391007,1736417022,-11.57,-18.57,1033,79,-14.17,75,9.0,240,Snow,light shower snow,9000.0,,,
1736380800,1736391007,1736417022,-11.57,-18.57,1033,79,-14.17,75,9.0,240,Snow,light shower snow,10000.0,,,
1736384400,1736391007,1736417022,-12.57,-19.57,1034,85,-14.35,75,8.0,240,Snow,light shower snow,10000.0,,,
1736388000,1736391007,1736417022,-12.37,-19.37,1035,85,-14.15,75,7.0,230,Clouds,broken clouds,10000.0,,,
1736391600,1736391007,1736417022,-12.93,-19.93,1036,85,-14.71,75,6.0,230,Snow,light shower snow,9000.0,,,
1736395200,1736391007,1736417022,-13.41,-20.41,1037,82,-15.57,75,6.0,230,Snow,light shower snow,2700.0,,,
1736398800,1736391007,1736417022,-13.02,-20.02,1037,84,-14.92,75,7.0,230,Snow,light shower snow,6000.0,,,
1736402400,1736391007,1736417022,-12.94,-19.94,1038,81,-15.24,40,5.0,230,Clouds,scattered clouds,10000.0,,,
1736406000,1736391007,1736417022,-12.71,-19.71,1038,80,-15.15,40,5.0,220,Snow,light shower snow,6000.0,,,
1736409600,1736391007,1736417022,-12.36,-19.36,1038,84,-14.27,75,5.0,220,Snow,light shower snow,3500.0,,,
1736413200,1736391007,1736417022,-10.83,-17.83,1038,86,-12.51,75,7.0,220,Snow,light shower snow,5000.0,,,
1736416800,1736391007,1736417022,-10.58,-17.58,1038,86,-12.26,75,6.0,220,Snow,light snow,8000.0,,,
1736420400,1736391007,1736417022,-10.71,-17.71,1038,86,-12.39,75,6.0,220,Snow,light snow,7000.0,,,
1736424000,1736391007,1736417022,-11.15,-18.15,1039,85,-12.95,75,7.0,230,Snow,light snow,10000.0,,,
1736427600,1736391007,1736417022,-11.61,-18.61,1038,85,-13.41,75,5.0,240,Snow,light snow,9000.0,,,
1736431200,1736391007,1736417022,-12.26,-19.26,1038,84,-14.18,75,4.0,230,Snow,light snow,10000.0,,,
1736434800,1736391007,1736417022,-12.93,-17.52,1038,85,-14.71,75,2.0,220,Snow,light snow,10000.0,,,
1736438400,1736391007,1736417022,-12.63,-17.17,1038,86,-14.28,75,2.0,210,Snow,light snow,9000.0,,,
1736442000,1736477357,1736503522,-12.88,-17.46,1038,86,-14.53,75,2.0,210,Snow,light snow,10000.0,,,
1736445600,1736477357,1736503522,-16.39,-21.74,1038,88,-17.75,100,2.1,194,Clouds,overcast clouds,,,,
1736449200,1736477357,1736503522,-17.5,-23.15,1038,88,-18.85,100,2.16,181,Clouds,overcast clouds,,,,
1736452800,1736477357,1736503522,-14.54,-19.89,1038,86,-16.17,100,2.28,178,Clouds,overcast clouds,,,,
1736456400,1736477357,1736503522,-13.9,-18.65,1038,85,-15.66,75,2.0,180,Snow,light snow,10000.0,,,
1736460000,1736477357,1736503522,-13.79,-18.52,1037,92,-14.7,75,2.0,200,Snow,light shower snow,10000.0,,,
1736463600,1736477357,1736503522,-13.79,-20.07,1036,85,-15.56,40,3.0,170,Snow,light shower snow,10000.0,,,
1736467200,1736477357,1736503522,-13.77,-20.04,1036,85,-15.54,40,3.0,170,Clouds,scattered clouds,10000.0,,,
1736470800,1736477357,1736503522,-13.74,-20.01,1035,85,-15.51,20,3.0,170,Clouds,few clouds,10000.0,,,
1736474400,1736477357,1736503522,-14.57,-21.0,1034,85,-16.32,40,3.0,160,Snow,light snow,10000.0,,,
1736478000,1736477357,1736503522,-12.87,-18.96,1034,85,-14.65,20,3.0,170,Snow,light snow,10000.0,,,
1736481600,1736477357,1736503522,-10.84,-16.52,1032,86,-12.52,20,3.0,180,Snow,light snow,10000.0,,,
1736485200,1736477357,1736503522,-9.72,-16.22,1030,87,-11.28,75,4.0,180,Snow,light snow,6000.0,0.17,,
1736488800,1736477357,1736503522,-8.61,-15.61,1029,88,-10.06,100,5.0,190,Snow,light snow,2800.0,0.22,,
1736492400,1736477357,1736503522,-7.5,-14.5,1028,90,-8.7,100,6.0,190,Snow,light snow,2800.0,0.33,,
1736496000,1736477357,1736503522,-6.82,-13.82,1026,91,-7.9,100,7.0,200,Snow,snow,1100.0,0.47,,
1736499600,1736477357,1736503522,-6.35,-13.35,1025,92,-7.31,100,7.0,200,Snow,snow,2000.0,0.62,,
1736503200,1736477357,1736503522,-5.83,-12.83,1023,92,-6.8,100,9.0,210,Snow,light snow,9000.0,0.36,,
1736506800,1736477357,1736503522,-5.44,-12.44,1022,91,-6.54,75,9.0,210,Snow,light snow,10000.0,0.11,,
1736510400,1736477357,1736503522,-4.68,-11.68,1021,88,-6.17,40,11.0,210,Snow,light snow,9000.0,0.17,,
1736514000,1736477357,1736503522,-4.12,-11.12,1021,82,-6.44,40,10.0,230,Snow,light snow,10000.0,0.33,,
1736517600,1736477357,1736503522,-4.71,-11.71,1021,89,-6.07,100,8.0,240,Snow,light shower snow,2400.0,0.53,,
1736521200,1736477357,1736503522,-4.58,-11.58,1020,89,-5.94,75,8.0,240,Snow,light shower snow,2400.0,0.43,13.0,
1736524800,1736477357,1736503522,-5.14,-12.14,1020,90,-6.37,100,8.0,230,Snow,light shower snow,4500.0,0.32,13.0,
1736528400,1736563703,1736590024,-4.71,-11.71,1021,91,-5.81,100,8.0,240,Snow,light shower snow,6000.0,0.22,,
1736532000,1736563703,1736590024,-4.68,-11.68,1021,91,-5.78,100,7.0,240,Snow,light shower snow,6000.0,0.18,,
1736535600,1736563703,1736590024,-4.58,-11.58,1021,91,-5.68,100,8.0,240,Snow,light shower snow,3800.0,0.17,,
1736539200,1736563703,1736590024,-4.58,-11.58,1021,91,-5.68,100,8.0,240,Snow,light shower snow,9000.0,0.15,,
1736542800,1736563703,1736590024,-4.49,-11.49,1021,89,-5.85,100,7.0,240,Snow,light shower snow,9000.0,0.12,,
1736546400,1736563703,1736590024,-4.47,-11.12,1021,90,-5.7,100,6.0,240,Snow,light shower snow,3400.0,,,
1736550000,1736563703,1736590024,-4.13,-11.13,1021,90,-5.36,100,7.0,240,Snow,light shower snow,9000.0,,12.0,
1736553600,1736563703,1736590024,-4.13,-11.13,1021,91,-5.24,75,7.0,250,Snow,light snow,10000.0,,,
1736557200,1736563703,1736590024,-4.03,-11.03,1021,90,-5.27,75,7.0,240,Snow,light snow,10000.0,,,
1736560800,1736563703,1736590024,-4.03,-11.03,1022,90,-5.27,75,7.0,240,Snow,light snow,9000.0,,,
1736564400,1736563703,1736590024,-4.03,-10.57,1022,91,-5.14,75,6.0,240,Snow,light snow,9000.0,,,
1736568000,1736563703,1736590024,-4.03,-9.96,1022,91,-5.14,75,5.0,250,Snow,light snow,9000.0,,,
1736571600,1736563703,1736590024,-3.57,-9.98,1022,90,-4.81,75,6.0,260,Snow,light shower snow,9000.0,,11.0,
1736575200,1736563703,1736590024,-3.37,-10.25,1022,88,-4.88,75,7.0,260,Snow,light shower snow,9000.0,,,
1736578800,1736563703,1736590024,-3.02,-10.02,1022,86,-4.8,75,8.0,240,Snow,light shower snow,10000.0,0.12,,
1736582400,1736563703,1736590024,-2.93,-9.17,1022,87,-4.57,75,6.0,250,Snow,light shower snow,9000.0,0.13,,
1736586000,1736563703,1736590024,-3.22,-9.54,1022,88,-4.73,75,6.0,240,Snow,light shower snow,8000.0,0.13,,
1736589600,1736563703,1736590024,-3.68,-10.64,1021,90,-4.92,75,7.0,240,Snow,light shower snow,3900.0,0.1,,
1736593200,1736563703,1736590024,-4.03,-10.57,1022,89,-5.4,75,6.0,250,Snow,light shower snow,7000.0,0.11,,
1736596800,1736563703,1736590024,-4.03,-9.96,1021,84,-6.07,75,5.0,270,Snow,light shower snow,10000.0,0.15,,
1736600400,1736563703,1736590024,-4.16,-10.73,1021,81,-6.62,40,6.0,270,Snow,light snow,10000.0,0.19,,
1736604000,1736563703,1736590024,-4.58,-11.26,1021,87,-6.2,75,6.0,270,Snow,light shower snow,9000.0,0.15,,
1736607600,1736563703,1736590024,-4.58,-11.26,1021,87,-6.2,75,6.0,270,Snow,light shower snow,9000.0,0.15,,
1736611200,1736563703,1736590024,-4.71,-11.43,1021,86,-6.47,75,6.0,270,Snow,light shower snow,3600.0,0.21,,
1736614800,1736650045,1736676528,-5.15,-11.99,1022,87,-6.77,75,6.0,270,Snow,light shower snow,2900.0,0.28,,
1736618400,1736650045,1736676528,-5.7,-12.04,1022,86,-7.44,75,5.0,270,Snow,light shower snow,5000.0,0.18,,
1736622000,1736650045,1736676528,-5.9,-12.9,1023,85,-7.77,75,6.0,270,Clouds,broken clouds,10000.0,,,
1736625600,1736650045,1736676528,-6.34,-12.85,1023,85,-8.21,75,5.0,270,Clouds,broken clouds,10000.0,,,
1736629200,1736650045,1736676528,-6.66,-12.47,1024,86,-8.39,75,4.0,290,Snow,light shower snow,9000.0,,,
1736632800,1736650045,1736676528,-6.66,-12.47,1025,87,-8.26,75,4.0,270,Snow,light shower snow,9000.0,,,
1736636400,1736650045,1736676528,-7.11,-13.02,1025,88,-8.57,75,4.0,280,Clouds,broken clouds,10000.0,,,
1736640000,1736650045,1736676528,-6.94,-12.81,1026,89,-8.28,75,4.0,270,Snow,light shower snow,10000.0,,,
1736643600,1736650045,1736676528,-6.87,-13.51,1026,88,-8.34,75,5.0,270,Snow,light shower snow,6000.0,,,
1736647200,1736650045,1736676528,-6.95,-13.61,1027,86,-8.68,75,5.0,270,Snow,light shower snow,3600.0,,,
1736650800,1736650045,1736676528,-7.05,-14.05,1027,86,-8.78,75,6.0,270,Snow,light shower snow,3400.0,,,
1736654400,1736650045,1736676528,-7.01,-13.68,1027,86,-8.74,75,5.0,260,Snow,light shower snow,2900.0,,,
1736658000,1736650045,1736676528,-7.07,-13.76,1028,93,-7.9,75,5.0,260,Snow,light shower snow,3400.0,,,
1736661600,1736650045,1736676528,-6.83,-13.83,1028,90,-8.04,75,6.0,260,Snow,light shower snow,4400.0,,,
1736665200,1736650045,1736676528,-6.57,-13.13,1028,79,-9.27,75,5.0,270,Snow,light shower snow,9000.0,,,
1736668800,1736650045,1736676528,-6.57,-13.13,1029,73,-10.16,75,5.0,260,Snow,light shower snow,10000.0,,,
1736672400,1736650045,1736676528,-7.57,-14.38,1030,73,-11.13,75,5.0,280,Clouds,broken clouds,10000.0,,,
1736676000,1736650045,1736676528,-8.74,-14.0,1031,79,-11.39,75,3.0,280,Snow,light shower snow,6000.0,,,
1736679600,1736650045,1736676528,-8.76,-15.76,1032,86,-10.46,75,5.0,270,Snow,light shower snow,3700.0,,,
1736683200,1736650045,1736676528,-9.1,-14.43,1033,86,-10.8,75,3.0,270,Snow,light shower snow,2500.0,,,
1736686800,1736650045,1736676528,-9.55,-14.97,1034,92,-10.49,75,3.0,300,Snow,light shower snow,5000.0,,,
1736690400,1736650045,1736676528,-11.52,-15.87,1034,92,-12.44,75,2.0,270,Clouds,broken clouds,10000.0,,,
1736694000,1736650045,1736676528,-10.93,-15.19,1035,92,-11.86,75,2.0,280,Snow,light shower snow,8000.0,,,
1736697600,1736650045,1736676528,-10.42,-14.59,1035,85,-12.23,75,2.0,260,Snow,light shower snow,10000.0,,,
1736701200,1736736383,1736763035,-10.82,-16.5,1036,92,-11.75,75,3.0,260,Snow,light shower snow,10000.0,,,
1736704800,1736736383,1736763035,-10.94,-16.64,1036,92,-11.87,75,3.0,260,Snow,light shower snow,6000.0,,,
1736708400,1736736383,1736763035,-10.98,-16.69,1037,92,-11.91,75,3.0,260,Snow,light shower snow,10000.0,,,
1736712000,1736736383,1736763035,-11.56,-17.39,1037,92,-12.48,75,3.0,260,Snow,light shower snow,9000.0,,,
1736715600,1736736383,1736763035,-11.76,-11.76,1038,92,-12.68,75,1.0,230,Snow,light shower snow,8000.0,,,
1736719200,1736736383,1736763035,-12.1,-16.55,1038,92,-13.02,75,2.0,230,Snow,light shower snow,9000.0,,,
1736722800,1736736383,1736763035,-12.25,-15.66,1038,90,-13.41,100,1.47,240,Clouds,overcast clouds,,,,
1736726400,1736736383,1736763035,-12.68,-16.54,1038,91,-13.72,100,1.65,227,Clouds,overcast clouds,,,,
1736730000,1736736383,1736763035,-12.92,-17.72,1038,91,-13.95,100,2.12,217,Clouds,overcast clouds,,,,
1736733600,1736736383,1736763035,-13.4,-19.04,1039,90,-14.55,99,2.6,216,Clouds,overcast clouds,,,,
1736737200,1736736383,1736763035,-13.57,-20.02,1039,89,-14.84,100,3.17,215,Clouds,overcast clouds,,,,
1736740800,1736736383,1736763035,-13.45,-20.45,1039,88,-14.84,100,4.12,221,Clouds,overcast clouds,,,,
1736744400,1736736383,1736763035,-14.57,-19.43,1039,85,-16.32,0,2.0,210,Clear,clear sky,10000.0,,,
1736748000,1736736383,1736763035,-13.51,-20.51,1038,90,-14.66,0,4.0,210,Clear,clear sky,10000.0,,,
1736751600,1736736383,1736763035,-12.39,-19.39,1038,89,-13.67,0,5.0,210,Clear,clear sky,10000.0,,,
1736755200,1736736383,1736763035,-10.64,-17.64,1037,81,-12.98,0,5.0,210,Clear,clear sky,10000.0,,,
1736758800,1736736383,1736763035,-11.11,-18.11,1037,84,-13.04,0,6.0,220,Clear,clear sky,10000.0,,,
1736762400,1736736383,1736763035,-11.68,-18.68,1036,84,-13.6,0,6.0,220,Clear,clear sky,10000.0,,,
1736766000,1736736383,1736763035,-11.68,-18.68,1036,85,-13.47,0,5.0,210,Clear,clear sky,10000.0,,,
1736769600,1736736383,1736763035,-11.68,-18.68,1035,85,-13.47,0,7.0,220,Clear,clear sky,10000.0,,,
1736773200,1736736383,1736763035,-11.68,-18.68,1035,85,-13.47,0,8.0,220,Clear,clear sky,10000.0,,,
1736776800,1736736383,1736763035,-11.12,-18.12,1034,85,-12.92,0,8.0,220,Clear,clear sky,10000.0,,,
1736780400,1736736383,1736763035,-11.12,-18.12,1033,85,-12.92,0,7.0,220,Clear,clear sky,10000.0,,,
1736784000,1736736383,1736763035,-10.59,-17.59,1033,85,-12.4,0,8.0,220,Clear,clear sky,10000.0,,,
1736787600,1736822718,1736849544,-10.14,-17.14,1032,85,-11.96,0,8.0,220,Clear,clear sky,10000.0,,,
1736791200,1736822718,1736849544,-9.93,-16.93,1031,85,-11.75,0,9.0,220,Clear,clear sky,10000.0,,,
1736794800,1736822718,1736849544,-9.46,-16.46,1031,84,-11.42,20,9.0,220,Clouds,few clouds,10000.0,,,
1736798400,1736822718,1736849544,-9.33,-16.33,1030,84,-11.29,20,9.0,220,Clouds,few clouds,10000.0,,,
1736802000,1736822718,1736849544,-8.93,-15.93,1029,84,-10.89,0,8.0,220,Clear,clear sky,10000.0,,,
1736805600,1736822718,1736849544,-9.45,-16.45,1028,84,-11.41,0,6.0,220,Clear,clear sky,10000.0,,,
1736809200,1736822718,1736849544,-9.45,-16.45,1028,85,-11.28,0,6.0,220,Clear,clear sky,10000.0,,,
1736812800,1736822718,1736849544,-9.45,-16.45,1026,85,-11.28,0,7.0,220,Clear,clear sky,10000.0,,,
1736816400,1736822718,1736849544,-9.15,-16.15,1025,84,-11.11,0,10.0,210,Clear,clear sky,10000.0,,,
1736820000,1736822718,1736849544,-9.13,-16.13,1024,85,-10.96,33,6.22,208,Clouds,scattered clouds,,,,
1736823600,1736822718,1736849544,-9.03,-16.03,1024,86,-10.73,25,6.21,212,Clouds,scattered clouds,,,,
1736827200,1736822718,1736849544,-7.92,-14.92,1024,82,-10.17,20,8.0,210,Clouds,few clouds,10000.0,,,
1736830800,1736822718,1736849544,-7.15,-14.15,1023,79,-9.84,20,8.0,220,Clouds,few clouds,10000.0,,,
1736834400,1736822718,1736849544,-6.5,-13.5,1022,75,-9.79,0,8.0,210,Clear,clear sky,10000.0,,,
1736838000,1736822718,1736849544,-5.18,-12.18,1022,68,-9.61,0,7.0,220,Clear,clear sky,10000.0,,,
1736841600,1736822718,1736849544,-4.13,-10.78,1022,65,-9.11,100,6.16,233,Clouds,overcast clouds,,,,
1736845200,1736822718,1736849544,-3.62,-10.05,1022,65,-8.62,0,6.0,210,Clear,clear sky,10000.0,,,
1736848800,1736822718,1736849544,-4.23,-10.82,1022,67,-8.86,0,6.0,210,Clear,clear sky,10000.0,,,
1736852400,1736822718,1736849544,-4.34,-11.34,1023,69,-8.63,0,7.0,230,Clear,clear sky,10000.0,,,
1736856000,1736822718,1736849544,-5.06,-11.87,1023,70,-9.17,0,6.0,240,Clear,clear sky,10000.0,,,
1736859600,1736822718,1736849544,-5.14,-10.6,1023,73,-8.77,0,4.0,250,Clear,clear sky,10000.0,,,
1736863200,1736822718,1736849544,-5.14,-11.34,1024,73,-8.77,0,5.0,240,Clear,clear sky,10000.0,,,
1736866800,1736822718,1736849544,-5.28,-12.28,1024,74,-8.75,0,7.0,240,Clear,clear sky,10000.0,,,
1736870400,1736822718,1736849544,-5.28,-11.52,1024,76,-8.45,0,5.0,240,Clear,clear sky,10000.0,,,
1736874000,1736909050,1736936056,-5.8,-11.41,1024,77,-8.8,0,4.0,230,Clear,clear sky,10000.0,,,
1736877600,1736909050,1736936056,-6.26,-12.75,1024,79,-8.96,0,5.0,220,Clear,clear sky,10000.0,,,
1736881200,1736909050,1736936056,-6.81,-13.43,1024,79,-9.5,0,5.0,220,Clear,clear sky,10000.0,,,
1736884800,1736909050,1736936056,-6.95,-13.95,1024,77,-9.93,0,6.0,220,Clear,clear sky,10000.0,,,
1736888400,1736909050,1736936056,-7.36,-14.36,1023,76,-10.48,0,7.0,220,Clear,clear sky,10000.0,,,
1736892000,1736909050,1736936056,-7.35,-14.35,1023,76,-10.47,0,7.0,220,Clear,clear sky,10000.0,,,
1736895600,1736909050,1736936056,-7.36,-14.36,1022,76,-10.48,0,8.0,220,Clear,clear sky,10000.0,,,
1736899200,1736909050,1736936056,-6.94,-13.94,1022,76,-10.07,0,7.0,220,Clear,clear sky,10000.0,,,
1736902800,1736909050,1736936056,-7.36,-14.36,1022,75,-10.62,0,7.0,220,Clear,clear sky,10000.0,,,
1736906400,1736909050,1736936056,-7.39,-14.39,1021,74,-10.8,0,7.0,220,Clear,clear sky,10000.0,,,
1736910000,1736909050,1736936056,-7.36,-14.36,1021,74,-10.78,0,7.0,210,Clear,clear sky,10000.0,,,
1736913600,1736909050,1736936056,-6.81,-13.81,1021,72,-10.55,0,7.0,210,Clear,clear sky,10000.0,,,
1736917200,1736909050,1736936056,-6.68,-13.68,1020,70,-10.74,0,7.0,220,Clear,clear sky,10000.0,,,
1736920800,1736909050,1736936056,-4.57,-11.57,1020,54,-11.61,0,7.0,210,Clear,clear sky,10000.0,,,
1736924400,1736909050,1736936056,-5.04,-12.04,1019,65,-9.98,0,7.0,210,Clear,clear sky,10000.0,,,
1736928000,1736909050,1736936056,-4.46,-11.46,1018,63,-9.78,0,7.0,210,Clear,clear sky,10000.0,,,
1736931600,1736909050,1736936056,-4.46,-11.11,1018,63,-9.78,0,6.0,210,Clear,clear sky,10000.0,,,
1736935200,1736909050,1736936056,-4.58,-11.26,1017,63,-9.89,0,6.0,210,Clear,clear sky,10000.0,,,
1736938800,1736909050,1736936056,-4.78,-11.52,1017,64,-9.91,0,6.0,210,Clear,clear sky,10000.0,,,
1736942400,1736909050,1736936056,-4.58,-11.58,1017,64,-9.72,0,7.0,210,Clear,clear sky,10000.0,,,
1736946000,1736909050,1736936056,-5.13,-12.13,1016,65,-10.07,0,7.0,210,Clear,clear sky,10000.0,,,
1736949600,1736909050,1736936056,-5.23,-12.23,1016,64,-10.34,0,7.0,210,Clear,clear sky,10000.0,,,
1736953200,1736909050,1736936056,-5.14,-12.14,1016,63,-10.43,0,9.0,210,Clear,clear sky,10000.0,,,
1736956800,1736909050,1736936056,-5.14,-12.14,1015,62,-10.61,0,8.0,210,Clear,clear sky,10000.0,,,
1736960400,1736995378,1737022570,-5.69,-12.69,1015,62,-11.14,0,8.0,210,Clear,clear sky,10000.0,,,
1736964000,1736995378,1737022570,-6.25,-13.25,1014,62,-11.68,0,9.0,210,Clear,clear sky,10000.0,,,
1736967600,1736995378,1737022570,-6.35,-13.35,1014,63,-11.59,0,7.0,210,Clear,clear sky,10000.0,,,
1736971200,1736995378,1737022570,-6.35,-13.35,1013,63,-11.59,0,7.0,210,Clear,clear sky,10000.0,,,
1736974800,1736995378,1737022570,-6.81,-13.81,1012,63,-12.04,0,7.0,210,Clear,clear sky,10000.0,,,
1736978400,1736995378,1737022570,-7.37,-14.37,1012,64,-12.4,0,6.0,210,Clear,clear sky,10000.0,,,
1736982000,1736995378,1737022570,-7.78,-14.78,1012,64,-12.79,0,7.0,210,Clear,clear sky,10000.0,,,
1736985600,1736995378,1737022570,-8.34,-15.34,1011,66,-13.0,0,6.0,220,Clear,clear sky,10000.0,,,
1736989200,1736995378,1737022570,-8.89,-15.89,1011,68,-13.2,0,7.0,230,Clear,clear sky,10000.0,,,
1736992800,1736995378,1737022570,-8.48,-15.48,1011,70,-12.48,0,6.0,220,Clear,clear sky,10000.0,,,
1736996400,1736995378,1737022570,-8.9,-15.9,1011,72,-12.58,0,7.0,220,Clear,clear sky,10000.0,,,
1737000000,1736995378,1737022570,-8.35,-15.35,1011,73,-11.89,0,8.0,220,Clear,clear sky,10000.0,,,
1737003600,1736995378,1737022570,-8.27,-15.27,1011,73,-11.81,0,8.0,220,Clear,clear sky,10000.0,,,
1737007200,1736995378,1737022570,-7.4,-14.4,1011,72,-11.12,20,8.0,220,Clouds,few clouds,10000.0,,,
1737010800,1736995378,1737022570,-7.11,-14.11,1011,75,-10.38,20,7.0,220,Clouds,few clouds,10000.0,,,
1737014400,1736995378,1737022570,-6.68,-13.68,1011,74,-10.11,20,8.0,220,Clouds,few clouds,10000.0,,,
1737018000,1736995378,1737022570,-6.68,-13.68,1010,75,-9.96,0,7.0,220,Clear,clear sky,10000.0,,,
1737021600,1736995378,1737022570,-6.68,-13.68,1010,78,-9.52,0,6.0,210,Clear,clear sky,10000.0,,,
1737025200,1736995378,1737022570,-6.81,-13.81,1010,78,-9.65,40,6.0,210,Clouds,scattered clouds,10000.0,,,
1737028800,1736995378,1737022570,-6.81,-13.81,1009,79,-9.5,75,7.0,220,Clouds,broken clouds,10000.0,,,
1737032400,1736995378,1737022570,-6.68,-13.68,1009,80,-9.23,40,8.0,220,Clouds,scattered clouds,10000.0,,,
1737036000,1736995378,1737022570,-6.68,-13.68,1009,83,-8.81,75,7.0,230,Clouds,broken clouds,9000.0,,12.0,
1737039600,1736995378,1737022570,-6.46,-13.46,1009,85,-8.33,75,7.0,230,Snow,light shower snow,3900.0,0.2,,
1737043200,1736995378,1737022570,-6.39,-12.91,1009,87,-7.99,75,5.0,240,Snow,light shower snow,2200.0,0.28,,
1737046800,1737081703,1737109086,-6.81,-13.81,1009,88,-8.28,75,6.0,250,Snow,light shower snow,2200.0,0.21,,
1737050400,1737081703,1737109086,-7.01,-14.01,1010,88,-8.47,75,6.0,250,Snow,light shower snow,2200.0,0.15,,
1737054000,1737081703,1737109086,-7.36,-14.36,1010,88,-8.82,75,6.0,240,Snow,light shower snow,3000.0,0.11,,
1737057600,1737081703,1737109086,-7.57,-14.57,1011,88,-9.03,75,7.0,250,Snow,light shower snow,2200.0,,,
1737061200,1737081703,1737109086,-7.92,-14.92,1012,88,-9.37,75,7.0,250,Snow,light shower snow,2600.0,,,
1737064800,1737081703,1737109086,-7.92,-14.92,1012,86,-9.63,75,6.0,250,Snow,light shower snow,5000.0,,,
1737068400,1737081703,1737109086,-7.92,-14.82,1013,86,-9.63,75,5.0,240,Snow,light shower snow,7000.0,,,
1737072000,1737081703,1737109086,-7.81,-14.81,1013,88,-9.27,75,7.0,230,Snow,light shower snow,6000.0,,,
1737075600,1737081703,1737109086,-7.36,-14.36,1014,87,-8.95,75,6.0,240,Snow,light shower snow,9000.0,,,
1737079200,1737081703,1737109086,-7.57,-14.57,1014,86,-9.29,75,7.0,230,Snow,light shower snow,5000.0,,,
1737082800,1737081703,1737109086,-7.95,-14.95,1015,84,-9.93,75,7.0,240,Snow,light shower snow,9000.0,,,
1737086400,1737081703,1737109086,-7.95,-14.95,1015,86,-9.66,75,7.0,230,Snow,light shower snow,7000.0,,,
1737090000,1737081703,1737109086,-7.71,-14.71,1016,87,-9.3,75,7.0,230,Snow,light shower snow,3200.0,,,
1737093600,1737081703,1737109086,-6.81,-13.81,1016,85,-8.67,75,7.0,240,Snow,light shower snow,10000.0,,,
1737097200,1737081703,1737109086,-6.85,-13.48,1016,83,-8.98,75,5.0,230,Snow,light shower snow,10000.0,,,
1737100800,1737081703,1737109086,-6.2,-13.2,1015,82,-8.48,75,6.0,220,Snow,light shower snow,4200.0,,,
1737104400,1737081703,1737109086,-7.11,-13.81,1016,87,-8.7,75,5.0,210,Snow,light shower snow,4200.0,0.11,,
1737108000,1737081703,1737109086,-7.26,-14.0,1016,87,-8.85,75,5.0,200,Snow,light shower snow,5000.0,0.1,,
1737111600,1737081703,1737109086,-6.82,-12.66,1016,89,-8.16,40,4.0,200,Snow,light shower snow,4800.0,,,
1737115200,1737081703,1737109086,-6.81,-11.68,1016,89,-8.15,75,3.0,200,Snow,light shower snow,6000.0,,,
1737118800,1737081703,1737109086,-6.68,-11.52,1016,90,-7.89,75,3.0,200,Snow,light shower snow,5000.0,0.14,,
1737122400,1737081703,1737109086,-6.68,-12.49,1016,91,-7.76,75,4.0,210,Snow,light shower snow,4300.0,0.16,,
1737126000,1737081703,1737109086,-6.68,-13.27,1015,91,-7.76,75,5.0,220,Snow,light shower snow,9000.0,0.18,,
1737129600,1737081703,1737109086,-6.13,-11.81,1015,91,-7.22,75,4.0,210,Snow,light shower snow,5000.0,0.21,,
1737133200,1737168025,1737195603,-6.15,-10.89,1014,91,-7.24,75,3.0,200,Snow,light shower snow,4600.0,0.2,,
1737136800,1737168025,1737195603,-6.13,-10.86,1014,92,-7.09,75,3.0,200,Snow,light shower snow,4100.0,0.13,,
1737140400,1737168025,1737195603,-5.58,-8.96,1013,92,-6.55,75,2.0,180,Snow,light shower snow,2300.0,,,
1737144000,1737168025,1737195603,-5.58,-8.96,1012,91,-6.67,75,2.0,180,Snow,light shower snow,10000.0,,,
1737147600,1737168025,1737195603,-5.6,-10.23,1012,91,-6.69,75,3.0,180,Snow,light shower snow,9000.0,,,
1737151200,1737168025,1737195603,-5.16,-9.7,1011,91,-6.26,75,3.0,190,Snow,light shower snow,10000.0,,,
1737154800,1737168025,1737195603,-5.28,-9.84,1011,91,-6.38,75,3.0,190,Snow,light shower snow,2400.0,,,
1737158400,1737168025,1737195603,-5.14,-9.67,1010,91,-6.24,75,3.0,200,Snow,light shower snow,3800.0,0.11,,
1737162000,1737168025,1737195603,-5.49,-10.1,1010,92,-6.46,75,3.0,210,Snow,light shower snow,4000.0,0.15,,
1737165600,1737168025,1737195603,-5.57,-11.88,1010,93,-6.41,75,5.0,230,Snow,light shower snow,3000.0,0.13,,
1737169200,1737168025,1737195603,-5.57,-11.88,1010,93,-6.41,75,5.0,240,Snow,light shower snow,9000.0,,,
1737172800,1737168025,1737195603,-5.28,-12.15,1010,93,-6.12,75,6.0,250,Snow,light shower snow,2100.0,,,
1737176400,1737168025,1737195603,-5.15,-11.36,1011,92,-6.12,75,5.0,240,Snow,light shower snow,5000.0,,,
1737180000,1737168025,1737195603,-4.93,-11.08,1011,88,-6.42,75,5.0,250,Clouds,broken clouds,10000.0,,,
1737183600,1737168025,1737195603,-4.94,-10.35,1011,89,-6.3,75,4.0,220,Snow,light shower snow,3000.0,,,
1737187200,1737168025,1737195603,-5.02,-10.45,1011,90,-6.25,75,4.0,230,Snow,light shower snow,4300.0,,,
1737190800,1737168025,1737195603,-4.47,-9.78,1011,90,-5.7,75,4.0,250,Snow,light shower snow,5000.0,,,
1737194400,1737168025,1737195603,-5.57,-11.88,1012,87,-7.18,75,5.0,250,Snow,light shower snow,8000.0,,,
1737198000,1737168025,1737195603,-6.26,-11.97,1013,89,-7.6,75,4.0,240,Snow,light shower snow,3900.0,,,
1737201600,1737168025,1737195603,-6.39,-11.18,1013,88,-7.86,75,3.0,240,Snow,light shower snow,4300.0,,,
1737205200,1737168025,1737195603,-7.35,-14.11,1014,89,-8.68,75,5.0,250,Snow,light shower snow,10000.0,,,
1737208800,1737168025,1737195603,-7.5,-13.5,1014,89,-8.83,75,4.0,250,Clouds,broken clouds,10000.0,,,
1737212400,1737168025,1737195603,-7.5,-14.3,1014,88,-8.96,75,5.0,240,Snow,light shower snow,9000.0,,,
1737216000,1737168025,1737195603,-7.57,-13.58,1014,88,-9.03,75,4.0,240,Snow,light shower snow,4200.0,,,
1737219600,1737254344,1737282123,-7.92,-14.01,1015,88,-9.37,75,4.0,240,Snow,light shower snow,2500.0,,,
1737223200,1737254344,1737282123,-7.92,-14.82,1015,86,-9.63,75,5.0,240,Snow,light shower snow,7000.0,,,
1737226800,1737254344,1737282123,-7.92,-14.92,1015,88,-9.37,75,6.0,240,Snow,light shower snow,5000.0,,,
1737230400,1737254344,1737282123,-8.35,-15.35,1016,84,-10.32,75,6.0,240,Snow,light shower snow,6000.0,,,
1737234000,1737254344,1737282123,-9.1,-16.1,1016,86,-10.8,75,5.0,240,Snow,light shower snow,5000.0,,,
1737237600,1737254344,1737282123,-8.95,-15.95,1016,86,-10.65,75,6.0,230,Snow,light shower snow,5000.0,,,
1737241200,1737254344,1737282123,-8.87,-15.87,1016,86,-10.57,75,6.0,220,Snow,light shower snow,9000.0,,,
1737244800,1737254344,1737282123,-8.64,-15.64,1016,79,-11.3,75,6.0,230,Snow,light shower snow,9000.0,,,
1737248400,1737254344,1737282123,-8.55,-15.55,1016,79,-11.21,75,7.0,240,Snow,light shower snow,8000.0,,,
1737252000,1737254344,1737282123,-8.46,-15.46,1015,79,-11.12,75,5.0,230,Snow,light shower snow,4900.0,,,
1737255600,1737254344,1737282123,-8.41,-15.41,1016,79,-11.07,75,6.0,230,Snow,light shower snow,8000.0,,,
1737259200,1737254344,1737282123,-8.19,-15.19,1016,79,-10.85,75,6.0,220,Snow,light shower snow,4000.0,,,
1737262800,1737254344,1737282123,-7.28,-14.28,1016,86,-9.0,75,6.0,230,Snow,light shower snow,5000.0,,,
1737266400,1737254344,1737282123,-7.4,-14.4,1015,88,-8.86,75,7.0,220,Snow,light shower snow,7000.0,,,
1737270000,1737254344,1737282123,-7.39,-14.39,1015,87,-8.98,75,7.0,210,Snow,light shower snow,9000.0,,,
1737273600,1737254344,1737282123,-6.84,-13.84,1015,89,-8.18,75,6.0,220,Snow,light shower snow,9000.0,,,
1737277200,1737254344,1737282123,-6.47,-13.47,1015,73,-10.06,0,7.0,220,Clear,clear sky,10000.0,,,
1737280800,1737254344,1737282123,-8.09,-15.03,1015,79,-10.76,0,5.0,210,Clear,clear sky,10000.0,,,
1737284400,1737254344,1737282123,-7.57,-14.38,1015,73,-11.13,0,5.0,210,Clear,clear sky,10000.0,,,
1737288000,1737254344,1737282123,-7.96,-14.87,1015,85,-9.81,75,5.0,210,Snow,light snow,8000.0,,,
1737291600,1737254344,1737282123,-8.47,-14.59,1015,86,-10.18,100,3.89,215,Clouds,overcast clouds,,,,
1737295200,1737254344,1737282123,-9.03,-16.03,1015,88,-10.47,40,6.0,220,Clouds,scattered clouds,10000.0,,,
1737298800,1737254344,1737282123,-8.92,-15.41,1015,89,-10.24,100,4.19,227,Clouds,overcast clouds,,,,
1737302400,1737254344,1737282123,-9.48,-16.48,1015,88,-10.92,75,5.0,230,Clouds,broken clouds,10000.0,,,
1737306000,1737340660,1737368644,-9.61,-16.61,1016,89,-10.92,75,6.0,230,Snow,light snow,9000.0,,,
1737309600,1737340660,1737368644,-9.6,-16.6,1015,88,-11.04,40,7.0,220,Clouds,scattered clouds,10000.0,,,
1737313200,1737340660,1737368644,-9.61,-16.61,1016,88,-11.05,20,6.0,220,Clouds,few clouds,10000.0,,,
1737316800,1737340660,1737368644,-9.38,-16.38,1015,86,-11.08,0,7.0,220,Clear,clear sky,10000.0,,,
1737320400,1737340660,1737368644,-9.47,-16.47,1015,86,-11.16,0,5.0,220,Clear,clear sky,10000.0,,,
1737324000,1737340660,1737368644,-9.03,-16.03,1015,86,-10.73,75,6.0,220,Snow,light snow,9000.0,,,
1737327600,1737340660,1737368644,-8.99,-15.99,1014,85,-10.82,75,7.0,220,Snow,light shower snow,2900.0,,,
1737331200,1737340660,1737368644,-8.89,-15.89,1014,86,-10.59,75,7.0,230,Snow,light shower snow,4400.0,,,
1737334800,1737340660,1737368644,-8.54,-15.54,1014,86,-10.25,75,8.0,240,Snow,light shower snow,2900.0,,,
1737338400,1737340660,1737368644,-7.13,-14.13,1013,82,-9.39,75,6.0,240,Snow,light shower snow,5000.0,,,
1737342000,1737340660,1737368644,-7.95,-14.86,1013,85,-9.8,75,5.0,220,Snow,light shower snow,9000.0,,,
1737345600,1737340660,1737368644,-7.37,-14.37,1013,86,-9.09,75,6.0,200,Snow,light shower snow,10000.0,,,
1737349200,1737340660,1737368644,-7.36,-14.36,1012,89,-8.69,75,8.0,220,Snow,light shower snow,10000.0,,,
1737352800,1737340660,1737368644,-6.25,-13.25,1012,87,-7.85,75,8.0,220,Snow,light shower snow,10000.0,,,
1737356400,1737340660,1737368644,-5.14,-12.14,1012,84,-7.16,75,9.0,220,Snow,light shower snow,10000.0,,,
1737360000,1737340660,1737368644,-4.47,-11.47,1011,84,-6.5,75,8.0,220,Clouds,broken clouds,10000.0,,,
1737363600,1737340660,1737368644,-4.03,-11.03,1011,85,-5.93,75,8.0,220,Clouds,broken clouds,10000.0,,,
1737367200,1737340660,1737368644,-3.9,-10.9,1011,87,-5.53,75,8.0,220,Clouds,broken clouds,10000.0,,,
1737370800,1737340660,1737368644,-3.47,-9.85,1010,90,-4.71,75,6.0,220,Clouds,broken clouds,10000.0,,,
1737374400,1737340660,1737368644,-3.01,-9.78,1010,90,-4.26,75,7.0,220,Clouds,broken clouds,10000.0,,,
1737378000,1737340660,1737368644,-2.24,-8.79,1010,90,-3.49,75,7.0,210,Snow,light snow,10000.0,,,
1737381600,1737340660,1737368644,-1.68,-8.68,1010,92,-2.68,75,9.0,220,Clouds,broken clouds,10000.0,,,
1737385200,1737340660,1737368644,-1.1,-8.1,1009,91,-2.23,75,9.0,220,Snow,light snow,9000.0,,,
1737388800,1737340660,1737368644,-0.27,-6.68,1009,93,-1.15,75,8.0,230,Clouds,broken clouds,10000.0,,,
1737392400,1737426973,1737455166,0.29,-5.95,1009,90,-1.02,75,8.0,230,Clouds,broken clouds,10000.0,,,
1737396000,1737426973,1737455166,0.42,-5.78,1008,88,-1.18,75,8.0,220,Clouds,broken clouds,10000.0,,,
1737399600,1737426973,1737455166,0.51,-5.66,1008,87,-1.24,75,8.0,220,Clouds,broken clouds,10000.0,,,
1737403200,1737426973,1737455166,0.51,-5.66,1008,86,-1.37,75,8.0,220,Clouds,broken clouds,10000.0,,,
1737406800,1737426973,1737455166,0.32,-5.91,1007,88,-1.26,75,8.0,210,Clouds,broken clouds,10000.0,,,
1737410400,1737426973,1737455166,0.42,-6.14,1007,88,-1.18,75,9.0,210,Snow,light snow,7000.0,,,
1737414000,1737426973,1737455166,-0.7,-7.24,1006,92,-1.7,75,8.0,210,Snow,light snow,10000.0,0.13,,
1737417600,1737426973,1737455166,-0.7,-6.81,1006,93,-1.57,75,7.0,200,Snow,light snow,4200.0,0.1,,
1737421200,1737426973,1737455166,-0.7,-6.34,1005,91,-1.83,75,6.0,200,Snow,light snow,10000.0,,,
1737424800,1737426973,1737455166,-0.7,-6.34,1004,82,-3.08,75,6.0,190,Clouds,broken clouds,10000.0,,,
1737428400,1737426973,1737455166,-1.17,-7.42,1004,85,-3.11,75,7.0,200,Snow,light shower snow,4700.0,0.14,,
1737432000,1737426973,1737455166,-1.26,-7.53,1003,91,-2.39,75,7.0,190,Snow,light shower snow,2500.0,0.32,,
1737435600,1737426973,1737455166,-1.13,-7.37,1002,91,-2.26,75,7.0,200,Snow,shower snow,1500.0,0.37,,
1737439200,1737426973,1737455166,-0.7,-7.24,1002,91,-1.83,75,8.0,200,Snow,light shower snow,4600.0,0.26,,
1737442800,1737426973,1737455166,-0.7,-7.24,1001,91,-1.83,75,8.0,210,Snow,light shower snow,5000.0,0.16,,
1737446400,1737426973,1737455166,-0.7,-7.24,1001,91,-1.83,75,8.0,220,Snow,light shower snow,6000.0,0.17,,
1737450000,1737426973,1737455166,-0.7,-7.24,1001,88,-2.24,75,8.0,220,Snow,light shower snow,10000.0,0.19,,
1737453600,1737426973,1737455166,-1.26,-7.96,1001,89,-2.65,75,8.0,220,Snow,light shower snow,2400.0,0.16,,
1737457200,1737426973,1737455166,-1.27,-7.98,1001,91,-2.4,75,8.0,220,Snow,light shower snow,10000.0,,,
1737460800,1737426973,1737455166,-0.84,-7.42,1001,90,-2.11,75,8.0,220,Snow,light shower snow,8000.0,,,
1737464400,1737426973,1737455166,-0.72,-7.26,1002,88,-2.26,75,8.0,220,Snow,light shower snow,8000.0,,,
1737468000,1737426973,1737455166,-1.27,-7.98,1001,90,-2.53,75,8.0,210,Snow,light snow,9000.0,0.15,,
1737471600,1737426973,1737455166,-1.4,-7.71,1001,90,-2.66,75,7.0,210,Snow,light shower snow,8000.0,0.24,,
1737475200,1737426973,1737455166,-1.83,-8.27,1000,92,-2.83,75,7.0,200,Snow,light shower snow,4100.0,0.27,,
1737478800,1737513283,1737541690,-1.39,-8.13,1000,93,-2.26,75,8.0,200,Snow,light shower snow,4800.0,0.36,,
1737482400,1737513283,1737541690,-0.84,-6.99,1000,91,-1.97,75,7.0,200,Snow,light shower snow,10000.0,0.31,,
1737486000,1737513283,1737541690,-0.4,-7.22,1000,90,-1.67,75,9.0,210,Snow,light shower snow,10000.0,,,
1737489600,1737513283,1737541690,-0.84,-7.42,999,92,-1.84,75,8.0,210,Snow,light shower snow,4800.0,,,
1737493200,1737513283,1737541690,-0.83,-7.79,999,93,-1.7,75,9.0,210,Snow,light shower snow,9000.0,0.11,,
1737496800,1737513283,1737541690,-0.84,-6.99,998,92,-1.84,75,7.0,210,Snow,light snow,10000.0,0.14,,
1737500400,1737513283,1737541690,-0.84,-6.52,998,86,-2.65,40,6.0,210,Clouds,scattered clouds,10000.0,,,
1737504000,1737513283,1737541690,-0.84,-6.52,997,82,-3.21,40,6.0,200,Clouds,scattered clouds,10000.0,,,
1737507600,1737513283,1737541690,-0.84,-6.99,996,84,-2.93,20,7.0,210,Clouds,few clouds,9000.0,,,
1737511200,1737513283,1737541690,-0.29,-5.82,995,84,-2.39,20,6.0,180,Clouds,few clouds,10000.0,,,
1737514800,1737513283,1737541690,0.27,-3.95,994,82,-2.15,20,4.0,170,Clouds,few clouds,10000.0,,,
1737518400,1737513283,1737541690,0.7,-5.01,992,82,-1.78,40,7.0,180,Clouds,scattered clouds,10000.0,,,
1737522000,1737513283,1737541690,0.4,-4.94,991,90,-0.92,75,6.0,180,Snow,light shower snow,9000.0,0.18,12.0,
1737525600,1737513283,1737541690,0.95,-4.69,990,91,-0.31,75,7.0,190,Snow,light shower snow,4500.0,0.99,,
1737529200,1737513283,1737541690,0.94,-5.46,989,91,-0.32,75,9.0,210,Snow,light shower snow,9000.0,0.52,14.0,
1737532800,1737513283,1737541690,0.39,-6.61,990,73,-3.43,40,11.0,220,Snow,light snow,5000.0,0.35,16.0,
1737536400,1737513283,1737541690,-2.38,-9.38,992,55,-9.33,38,10.65,211,Clouds,scattered clouds,,,,
1737540000,1737513283,1737541690,-3.62,-10.62,993,60,-9.52,40,12.0,230,Clouds,scattered clouds,7000.0,,18.0,
1737543600,1737513283,1737541690,-5.29,-12.29,993,64,-10.4,75,15.0,220,Clouds,broken clouds,2700.0,,21.0,
1737547200,1737513283,1737541690,-6.82,-13.82,994,73,-10.4,75,16.0,220,Clouds,broken clouds,2000.0,,22.0,
1737550800,1737513283,1737541690,-8.56,-15.56,995,67,-13.04,75,12.0,220,Clouds,broken clouds,8000.0,,,
1737554400,1737513283,1737541690,-12.13,-19.13,996,66,-16.65,94,8.07,219,Clouds,overcast clouds,,,,
1737558000,1737513283,1737541690,-13.17,-20.17,999,66,-17.66,82,8.51,212,Clouds,broken clouds,,,,
1737561600,1737513283,1737541690,-11.57,-18.57,1000,67,-15.95,40,12.0,240,Snow,light snow,5000.0,0.11,17.0,
1737565200,1737599590,1737628216,-13.45,-20.45,1002,69,-17.46,40,14.0,230,Snow,light snow,2000.0,0.11,19.0,
1737568800,1737599590,1737628216,-14.72,-21.72,1004,73,-18.09,40,13.0,230,Snow,light snow,4100.0,0.12,19.0,
1737572400,1737599590,1737628216,-15.67,-22.67,1006,75,-18.73,75,15.0,230,Snow,light snow,750.0,0.13,21.0,
1737576000,1737599590,1737628216,-16.95,-23.95,1009,81,-19.18,75,11.0,240,Snow,light snow,1100.0,0.1,18.0,
1737579600,1737599590,1737628216,-17.08,-24.08,1010,79,-19.57,75,12.0,240,Clouds,broken clouds,4000.0,,18.0,
1737583200,1737599590,1737628216,-18.49,-25.49,1013,73,-21.77,75,11.0,240,Clouds,broken clouds,6000.0,,17.0,
1737586800,1737599590,1737628216,-19.06,-26.06,1014,72,-22.46,75,11.0,240,Clouds,broken clouds,7000.0,,16.0,
1737590400,1737599590,1737628216,-19.6,-26.6,1015,70,-23.27,40,9.0,240,Clouds,scattered clouds,9000.0,,14.0,
1737594000,1737599590,1737628216,-19.6,-26.6,1016,69,-23.42,100,8.0,240,Clouds,overcast clouds,10000.0,,,
1737597600,1737599590,1737628216,-20.17,-27.17,1017,69,-23.97,93,7.0,230,Clouds,overcast clouds,10000.0,,,
1737601200,1737599590,1737628216,-20.17,-27.17,1019,68,-24.12,80,8.0,230,Clouds,broken clouds,10000.0,,,
1737604800,1737599590,1737628216,-19.63,-26.63,1020,66,-23.9,64,8.0,230,Clouds,broken clouds,10000.0,,,
1737608400,1737599590,1737628216,-19.61,-26.61,1021,65,-24.03,74,8.0,230,Clouds,broken clouds,10000.0,,,
1737612000,1737599590,1737628216,-19.07,-26.07,1021,66,-23.36,40,8.0,240,Clouds,scattered clouds,10000.0,,13.0,
1737615600,1737599590,1737628216,-18.94,-25.94,1022,63,-23.7,40,8.0,250,Clouds,scattered clouds,10000.0,,13.0,
1737619200,1737599590,1737628216,-18.5,-25.5,1023,61,-23.61,75,7.0,240,Snow,light snow,6000.0,,12.0,
1737622800,1737599590,1737628216,-19.48,-26.48,1024,66,-23.75,75,7.0,240,Snow,light shower snow,3200.0,,,
1737626400,1737599590,1737628216,-20.04,-27.04,1027,66,-24.29,75,6.0,250,Snow,light shower snow,6000.0,,,
1737630000,1737599590,1737628216,-20.17,-27.17,1028,68,-24.12,75,6.0,250,Clouds,broken clouds,10000.0,,11.0,
1737633600,1737599590,1737628216,-20.6,-27.6,1030,73,-23.82,75,6.0,250,Snow,light snow,6000.0,,,
1737637200,1737599590,1737628216,-20.6,-27.6,1031,77,-23.28,75,6.0,260,Snow,light snow,5000.0,,,
1737640800,1737599590,1737628216,-21.27,-28.27,1033,78,-23.81,75,7.0,270,Snow,shower snow,1600.0,,,
1737644400,1737599590,1737628216,-21.71,-28.71,1034,76,-24.5,75,7.0,270,Snow,shower snow,1300.0,,,
1737648000,1737599590,1737628216,-21.84,-28.84,1036,77,-24.49,20,7.0,270,Snow,light shower snow,9000.0,,,
1737651600,1737685894,1737714743,-22.27,-29.27,1037,75,-25.18,20,6.0,270,Snow,light shower snow,10000.0,,,
1737655200,1737685894,1737714743,-22.27,-29.27,1039,76,-25.05,0,6.0,250,Clear,clear sky,10000.0,,,
1737658800,1737685894,1737714743,-22.83,-29.83,1040,75,-25.73,20,6.0,250,Clouds,few clouds,10000.0,,,
1737662400,1737685894,1737714743,-23.37,-30.37,1042,75,-26.25,40,6.0,250,Clouds,scattered clouds,10000.0,,,
1737666000,1737685894,1737714743,-23.94,-30.94,1043,75,-26.81,0,6.0,240,Clear,clear sky,10000.0,,,
1737669600,1737685894,1737714743,-24.06,-31.06,1045,76,-26.8,40,6.0,250,Clouds,scattered clouds,10000.0,,,
1737673200,1737685894,1737714743,-24.18,-31.18,1046,76,-26.91,40,6.0,240,Clouds,scattered clouds,10000.0,,,
1737676800,1737685894,1737714743,-25.04,-32.04,1047,77,-27.63,40,5.0,240,Clouds,scattered clouds,10000.0,,,
1737680400,1737685894,1737714743,-25.04,-32.04,1048,77,-27.63,40,6.0,230,Clouds,scattered clouds,10000.0,,,
1737684000,1737685894,1737714743,-25.48,-32.48,1050,77,-28.06,40,6.0,240,Snow,light snow,8000.0,,,
1737687600,1737685894,1737714743,-25.48,-32.48,1051,78,-27.93,75,6.0,230,Snow,light snow,9000.0,,,
1737691200,1737685894,1737714743,-25.04,-32.04,1052,77,-27.63,75,6.0,230,Snow,light snow,10000.0,,,
1737694800,1737685894,1737714743,-24.63,-31.63,1053,78,-27.1,75,6.0,240,Snow,light snow,9000.0,,,
1737698400,1737685894,1737714743,-24.61,-31.61,1053,77,-27.21,75,5.0,230,Snow,light snow,9000.0,,,
1737702000,1737685894,1737714743,-23.82,-30.82,1053,75,-26.69,75,7.0,220,Snow,light snow,8000.0,,,
1737705600,1737685894,1737714743,-23.51,-30.51,1054,76,-26.26,75,8.0,220,Snow,light snow,9000.0,,,
1737709200,1737685894,1737714743,-22.71,-29.71,1054,74,-25.74,75,7.0,220,Snow,light snow,7000.0,,,
1737712800,1737685894,1737714743,-22.71,-29.71,1054,75,-25.61,40,6.0,210,Snow,light snow,9000.0,,,
1737716400,1737685894,1737714743,-22.83,-29.83,1055,73,-25.99,0,7.0,220,Clear,clear sky,10000.0,,,
1737720000,1737685894,1737714743,-22.83,-29.83,1055,71,-26.27,0,7.0,210,Clear,clear sky,10000.0,,,
1737723600,1737685894,1737714743,-22.83,-29.83,1054,70,-26.41,100,9.0,220,Clouds,overcast clouds,10000.0,,,
1737727200,1737685894,1737714743,-22.83,-29.83,1054,70,-26.41,100,9.0,210,Clouds,overcast clouds,10000.0,,,
1737730800,1737685894,1737714743,-22.82,-29.82,1054,71,-26.26,100,9.0,210,Clouds,overcast clouds,10000.0,,,
1737734400,1737685894,1737714743,-22.82,-29.82,1053,71,-26.26,100,8.0,210,Clouds,overcast clouds,10000.0,,,
1737738000,1737772196,1737801271,-22.27,-29.27,1052,71,-25.73,40,10.0,210,Snow,light snow,7000.0,,,
1737741600,1737772196,1737801271,-22.27,-29.27,1052,71,-25.73,20,9.0,210,Clouds,few clouds,10000.0,,,
1737745200,1737772196,1737801271,-21.72,-28.72,1051,73,-24.91,20,10.0,210,Clouds,few clouds,10000.0,,,
1737748800,1737772196,1737801271,-21.71,-28.71,1050,72,-25.04,20,9.0,210,Clouds,few clouds,10000.0,,,
1737752400,1737772196,1737801271,-21.16,-28.16,1050,77,-23.83,75,10.0,210,Snow,light snow,3100.0,,,
1737756000,1737772196,1737801271,-21.16,-28.16,1049,79,-23.57,100,10.0,210,Snow,light snow,4300.0,,15.0,
1737759600,1737772196,1737801271,-21.16,-28.16,1048,79,-23.57,40,11.0,210,Snow,light snow,5000.0,,,
1737763200,1737772196,1737801271,-21.15,-28.15,1047,80,-23.43,100,10.0,210,Snow,light snow,2200.0,,,
1737766800,1737772196,1737801271,-20.13,-27.13,1047,80,-22.43,100,11.0,210,Snow,light snow,2500.0,,,
1737770400,1737772196,1737801271,-20.6,-27.6,1046,80,-22.89,75,10.0,210,Snow,light shower snow,8000.0,,,
1737774000,1737772196,1737801271,-20.48,-27.48,1046,81,-22.65,75,10.0,210,Snow,shower snow,1800.0,,,
1737777600,1737772196,1737801271,-20.04,-27.04,1045,80,-22.34,75,8.0,210,Snow,light shower snow,3500.0,,,
1737781200,1737772196,1737801271,-19.36,-26.36,1045,81,-21.55,40,10.0,210,Snow,light shower snow,2800.0,,,
1737784800,1737772196,1737801271,-18.37,-25.37,1043,83,-20.32,75,10.0,220,Snow,shower snow,1500.0,0.11,,
1737788400,1737772196,1737801271,-17.82,-24.82,1043,84,-19.65,75,11.0,210,Snow,shower snow,1400.0,0.14,,
1737792000,1737772196,1737801271,-16.84,-23.84,1042,85,-18.56,75,11.0,220,Snow,shower snow,1600.0,0.12,,
1737795600,1737772196,1737801271,-16.27,-23.27,1041,85,-18.0,75,10.0,220,Snow,shower snow,1400.0,,,
1737799200,1737772196,1737801271,-16.15,-23.15,1040,86,-17.76,75,9.0,220,Snow,light shower snow,6000.0,,14.0,
1737802800,1737772196,1737801271,-16.14,-23.14,1040,83,-18.13,75,9.0,210,Clouds,broken clouds,8000.0,,,
1737806400,1737772196,1737801271,-15.7,-22.7,1040,83,-17.69,40,9.0,210,Snow,light shower snow,7000.0,0.13,,
1737810000,1737772196,1737801271,-15.57,-22.57,1039,84,-17.44,40,9.0,220,Snow,light shower snow,4600.0,0.15,,
1737813600,1737772196,1737801271,-15.15,-22.15,1039,83,-17.15,40,9.0,210,Snow,light shower snow,5000.0,0.14,,
1737817200,1737772196,1737801271,-14.58,-21.58,1039,81,-16.85,100,8.0,230,Snow,light snow,10000.0,0.11,,
1737820800,1737772196,1737801271,-14.58,-21.58,1038,79,-17.12,0,7.0,230,Clear,clear sky,10000.0,,,
1737824400,1737858495,1737887799,-14.46,-21.46,1038,76,-17.41,0,8.0,230,Clear,clear sky,10000.0,,,
1737828000,1737858495,1737887799,-14.46,-21.46,1038,75,-17.55,0,7.0,230,Clear,clear sky,10000.0,,,
1737831600,1737858495,1737887799,-14.38,-21.38,1038,72,-17.91,0,6.0,240,Clear,clear sky,10000.0,,,
1737835200,1737858495,1737887799,-13.96,-20.96,1038,60,-19.42,0,7.0,240,Clear,clear sky,10000.0,,,
1737838800,1737858495,1737887799,-14.03,-21.03,1037,65,-18.65,0,6.0,230,Clear,clear sky,10000.0,,,
1737842400,1737858495,1737887799,-14.04,-21.04,1037,66,-18.5,0,6.0,230,Clear,clear sky,10000.0,,,
1737846000,1737858495,1737887799,-14.04,-21.04,1037,66,-18.5,0,5.0,230,Clear,clear sky,10000.0,,,
1737849600,1737858495,1737887799,-14.46,-21.46,1037,67,-18.75,0,5.0,240,Clear,clear sky,10000.0,,,
1737853200,1737858495,1737887799,-14.46,-21.46,1037,68,-18.59,75,5.0,230,Clouds,broken clouds,10000.0,,,
1737856800,1737858495,1737887799,-14.46,-21.46,1036,67,-18.75,75,5.0,240,Clouds,broken clouds,10000.0,,,
1737860400,1737858495,1737887799,-14.04,-21.04,1036,67,-18.34,75,4.0,240,Snow,light shower snow,10000.0,,,
1737864000,1737858495,1737887799,-13.9,-20.9,1036,67,-18.2,0,4.0,240,Clear,clear sky,10000.0,,,
1737867600,1737858495,1737887799,-13.37,-20.37,1036,66,-17.85,100,5.0,230,Snow,light snow,10000.0,,,
1737871200,1737858495,1737887799,-12.72,-19.72,1036,66,-17.22,75,5.0,250,Snow,light snow,10000.0,,,
1737874800,1737858495,1737887799,-12.37,-19.37,1035,68,-16.57,75,5.0,230,Snow,light snow,10000.0,,,
1737878400,1737858495,1737887799,-12.24,-19.24,1035,68,-16.44,75,6.0,220,Snow,light snow,10000.0,,,
1737882000,1737858495,1737887799,-12.16,-19.16,1035,67,-16.52,0,5.0,220,Clear,clear sky,10000.0,,,
1737885600,1737858495,1737887799,-12.24,-19.24,1035,69,-16.28,100,5.0,220,Snow,light snow,10000.0,,,
1737889200,1737858495,1737887799,-12.24,-19.24,1035,75,-15.39,75,4.0,230,Snow,light shower snow,10000.0,,,
1737892800,1737858495,1737887799,-12.24,-18.2,1035,78,-14.96,75,3.0,230,Snow,light shower snow,8000.0,,,
1737896400,1737858495,1737887799,-12.24,-16.71,1035,81,-14.55,40,2.0,230,Snow,light shower snow,7000.0,,,
1737900000,1737858495,1737887799,-12.24,-19.24,1034,81,-14.55,20,4.0,230,Snow,light shower snow,3900.0,,,
1737903600,1737858495,1737887799,-12.61,-18.65,1034,81,-14.92,20,3.0,230,Snow,light shower snow,6000.0,,,
1737907200,1737858495,1737887799,-12.66,-19.66,1034,84,-14.57,40,4.0,230,Snow,light shower snow,2900.0,,,
1737910800,1737944792,1737974329,-12.26,-18.23,1034,85,-14.05,100,3.0,230,Snow,light shower snow,7000.0,,,
1737914400,1737944792,1737974329,-12.24,-16.71,1034,82,-14.42,40,2.0,200,Snow,light snow,10000.0,0.12,,
1737918000,1737944792,1737974329,-11.69,-17.54,1033,75,-14.85,40,3.0,200,Clouds,scattered clouds,10000.0,,,
1737921600,1737944792,1737974329,-11.61,-17.45,1033,71,-15.36,20,3.0,210,Clouds,few clouds,10000.0,,,
1737925200,1737944792,1737974329,-11.71,-17.57,1033,70,-15.61,0,3.0,210,Clear,clear sky,10000.0,,,
1737928800,1737944792,1737974329,-12.16,-19.16,1032,69,-16.21,0,4.0,210,Clear,clear sky,10000.0,,,
1737932400,1737944792,1737974329,-12.16,-18.11,1032,69,-16.21,0,3.0,220,Clear,clear sky,10000.0,,,
1737936000,1737944792,1737974329,-12.96,-19.96,1032,69,-16.98,0,4.0,220,Clear,clear sky,10000.0,,,
1737939600,1737944792,1737974329,-12.8,-19.8,1032,68,-16.98,0,4.0,230,Clear,clear sky,10000.0,,,
1737943200,1737944792,1737974329,-12.8,-19.8,1031,66,-17.3,0,4.0,210,Clear,clear sky,10000.0,,,
1737946800,1737944792,1737974329,-12.96,-19.96,1031,65,-17.62,0,4.0,200,Clear,clear sky,10000.0,,,
1737950400,1737944792,1737974329,-12.95,-19.95,1031,64,-17.77,0,4.0,200,Clear,clear sky,10000.0,,,
1737954000,1737944792,1737974329,-12.4,-18.4,1030,63,-17.41,0,3.0,190,Clear,clear sky,10000.0,,,
1737957600,1737944792,1737974329,-11.29,-17.06,1030,60,-16.86,0,3.0,180,Clear,clear sky,10000.0,,,
1737961200,1737944792,1737974329,-10.73,-16.39,1029,59,-16.51,0,3.0,190,Clear,clear sky,10000.0,,,
1737964800,1737944792,1737974329,-10.18,-16.79,1029,58,-16.17,0,4.0,200,Clear,clear sky,10000.0,,,
1737968400,1737944792,1737974329,-9.47,-14.88,1029,54,-16.26,75,3.0,170,Clouds,broken clouds,10000.0,,,
1737972000,1737944792,1737974329,-9.46,-13.47,1028,54,-16.25,0,2.0,170,Clear,clear sky,10000.0,,,
1737975600,1737944792,1737974329,-9.57,-13.6,1029,44,-18.53,20,2.0,160,Clouds,few clouds,10000.0,,,
1737979200,1737944792,1737974329,-10.57,-16.2,1028,52,-17.7,20,3.0,150,Clouds,few clouds,10000.0,,,
1737982800,1737944792,1737974329,-10.57,-16.2,1028,52,-17.7,0,3.0,150,Clear,clear sky,10000.0,,,
1737986400,1737944792,1737974329,-10.61,-16.25,1027,60,-16.21,0,3.0,150,Clear,clear sky,10000.0,,,
1737990000,1737944792,1737974329,-11.13,-15.42,1026,63,-16.19,0,2.0,130,Clear,clear sky,10000.0,,,
1737993600,1737944792,1737974329,-11.13,-15.42,1025,64,-16.02,0,2.0,140,Clear,clear sky,10000.0,,,
1737997200,1738031086,1738060860,-11.16,-15.46,1024,63,-16.22,0,2.0,140,Clear,clear sky,10000.0,,,
1738000800,1738031086,1738060860,-11.16,-16.91,1024,63,-16.22,0,3.0,140,Clear,clear sky,10000.0,,,
1738004400,1738031086,1738060860,-10.58,-16.21,1023,61,-16.01,0,3.0,120,Clear,clear sky,10000.0,,,
1738008000,1738031086,1738060860,-10.74,-14.97,1023,61,-16.16,0,2.0,120,Clear,clear sky,10000.0,,,
1738011600,1738031086,1738060860,-10.52,-17.21,1022,61,-15.95,0,4.0,140,Clear,clear sky,10000.0,,,
1738015200,1738031086,1738060860,-10.57,-16.2,1021,61,-16.0,0,3.0,130,Clear,clear sky,10000.0,,,
1738018800,1738031086,1738060860,-10.57,-16.2,1020,52,-17.7,0,3.0,120,Clear,clear sky,10000.0,,,
1738022400,1738031086,1738060860,-10.5,-17.18,1019,63,-15.58,0,4.0,120,Clear,clear sky,10000.0,,,
1738026000,1738031086,1738060860,-11.04,-17.85,1018,66,-15.6,0,4.0,120,Clear,clear sky,10000.0,,,
1738029600,1738031086,1738060860,-11.29,-17.06,1018,67,-15.68,0,3.0,110,Clear,clear sky,10000.0,,,
1738033200,1738031086,1738060860,-11.29,-17.06,1018,68,-15.52,0,3.0,120,Clear,clear sky,10000.0,,,
1738036800,1738031086,1738060860,-10.73,-16.39,1017,69,-14.82,0,3.0,110,Clear,clear sky,10000.0,,,
1738040400,1738031086,1738060860,-10.18,-15.73,1017,67,-14.61,0,3.0,120,Clear,clear sky,10000.0,,,
1738044000,1738031086,1738060860,-9.33,-15.75,1016,65,-14.12,0,4.0,150,Snow,light snow,10000.0,0.1,,
1738047600,1738031086,1738060860,-8.77,-14.04,1016,66,-13.41,75,3.0,190,Snow,light snow,10000.0,0.11,,
1738051200,1738031086,1738060860,-9.61,-15.04,1016,81,-11.97,75,3.0,190,Snow,light shower snow,2900.0,,,
1738054800,1738031086,1738060860,-9.07,-13.02,1016,86,-10.77,75,2.0,180,Snow,light shower snow,10000.0,,,
1738058400,1738031086,1738060860,-8.35,-13.53,1017,80,-10.87,75,3.0,200,Snow,light shower snow,4900.0,,,
1738062000,1738031086,1738060860,-8.27,-12.09,1017,83,-10.38,75,2.0,210,Snow,light shower snow,9000.0,,,
1738065600,1738031086,1738060860,-8.94,-15.27,1017,83,-11.04,75,4.0,230,Snow,light shower snow,9000.0,,,
1738069200,1738031086,1738060860,-9.39,-16.39,1018,83,-11.48,75,5.0,220,Snow,light shower snow,6000.0,,,
1738072800,1738031086,1738060860,-10.16,-16.77,1018,84,-12.11,20,4.0,240,Clouds,few clouds,10000.0,,,
1738076400,1738031086,1738060860,-11.13,-17.96,1018,84,-13.06,75,4.0,240,Snow,light shower snow,2900.0,,,
1738080000,1738031086,1738060860,-11.71,-16.1,1019,83,-13.76,75,2.0,240,Snow,light shower snow,9000.0,,,
1738083600,1738117378,1738147392,-12.25,-16.72,1019,84,-14.17,75,2.0,210,Snow,light shower snow,9000.0,,,
1738087200,1738117378,1738147392,-12.8,-18.88,1020,83,-14.84,75,3.0,210,Snow,light shower snow,9000.0,,,
1738090800,1738117378,1738147392,-13.53,-18.22,1020,84,-15.43,75,2.0,210,Snow,light shower snow,9000.0,,,
1738094400,1738117378,1738147392,-14.09,-14.09,1021,85,-15.85,40,1.0,180,Snow,light shower snow,9000.0,,,
1738098000,1738117378,1738147392,-13.94,-18.69,1021,82,-16.09,40,2.0,190,Snow,light shower snow,10000.0,,,
1738101600,1738117378,1738147392,-16.57,-21.76,1021,85,-18.3,40,2.0,190,Snow,light shower snow,9000.0,,,
1738105200,1738117378,1738147392,-18.33,-22.76,1022,87,-19.79,100,1.54,154,Clouds,overcast clouds,,,,
1738108800,1738117378,1738147392,-15.57,-20.59,1022,85,-17.31,40,2.0,180,Snow,light shower snow,9000.0,,,
1738112400,1738117378,1738147392,-16.44,-21.61,1022,80,-18.81,40,2.0,160,Clouds,scattered clouds,10000.0,,,
1738116000,1738117378,1738147392,-16.99,-22.25,1022,80,-19.35,0,2.0,120,Clear,clear sky,10000.0,,,
1738119600,1738117378,1738147392,-17.27,-22.57,1023,80,-19.62,20,2.0,120,Clouds,few clouds,10000.0,,,
1738123200,1738117378,1738147392,-14.97,-19.89,1023,82,-17.1,20,2.0,140,Snow,light snow,10000.0,,,
1738126800,1738117378,1738147392,-14.04,-18.81,1023,82,-16.19,40,2.0,170,Snow,light snow,10000.0,,,
1738130400,1738117378,1738147392,-12.8,-17.37,1023,81,-15.1,40,2.0,180,Snow,light snow,4700.0,,,
1738134000,1738117378,1738147392,-12.24,-16.71,1023,80,-14.69,40,2.0,180,Snow,light snow,8000.0,,,
1738137600,1738117378,1738147392,-11.84,-16.25,1023,83,-13.89,75,2.0,120,Snow,light snow,5000.0,,,
1738141200,1738117378,1738147392,-11.29,-15.61,1024,81,-13.62,75,2.0,130,Snow,light snow,9000.0,,,
1738144800,1738117378,1738147392,-11.29,-17.06,1024,83,-13.35,75,3.0,90,Snow,light snow,4200.0,,,
1738148400,1738117378,1738147392,-12.57,-18.6,1025,78,-15.28,75,3.0,100,Snow,light snow,10000.0,,,
1738152000,1738117378,1738147392,-12.25,-19.25,1025,82,-14.43,91,4.0,110,Snow,light snow,10000.0,,,
1738155600,1738117378,1738147392,-12.85,-18.94,1025,81,-15.15,0,3.0,100,Clear,clear sky,10000.0,,,
1738159200,1738117378,1738147392,-14.45,-20.86,1025,78,-17.13,0,3.0,100,Clear,clear sky,10000.0,,,
1738162800,1738117378,1738147392,-14.21,-20.57,1025,78,-16.89,0,3.0,110,Clear,clear sky,10000.0,,,
1738166400,1738117378,1738147392,-14.05,-21.05,1025,78,-16.73,0,4.0,100,Clear,clear sky,10000.0,,,
1738170000,1738203668,1738233924,-15.17,-22.17,1025,80,-17.56,0,4.0,110,Clear,clear sky,10000.0,,,
1738173600,1738203668,1738233924,-15.1,-22.1,1025,81,-17.36,0,4.0,100,Clear,clear sky,10000.0,,,
1738177200,1738203668,1738233924,-15.29,-22.29,1026,78,-17.95,0,4.0,100,Clear,clear sky,10000.0,,,
1738180800,1738203668,1738233924,-15.97,-22.97,1026,85,-17.71,100,5.0,90,Snow,light snow,10000.0,,,
1738184400,1738203668,1738233924,-16.15,-23.15,1026,78,-18.79,0,4.0,90,Clear,clear sky,10000.0,,,
1738188000,1738203668,1738233924,-16.64,-23.64,1026,78,-19.27,0,4.0,100,Clear,clear sky,10000.0,,,
1738191600,1738203668,1738233924,-17.09,-24.09,1026,85,-18.81,0,4.0,80,Clear,clear sky,10000.0,,,
1738195200,1738203668,1738233924,-17.44,-24.44,1026,78,-20.05,100,4.0,80,Snow,light snow,10000.0,,,
1738198800,1738203668,1738233924,-17.77,-24.77,1026,78,-20.38,0,4.0,80,Clear,clear sky,10000.0,,,
1738202400,1738203668,1738233924,-18.49,-25.49,1026,77,-21.22,0,5.0,90,Clear,clear sky,10000.0,,,
1738206000,1738203668,1738233924,-19.26,-26.26,1027,76,-22.1,0,3.0,70,Clear,clear sky,10000.0,,,
1738209600,1738203668,1738233924,-18.78,-25.78,1026,77,-21.5,96,3.89,80,Clouds,overcast clouds,,,,
1738213200,1738203668,1738233924,-18.05,-25.05,1026,75,-21.06,100,3.82,79,Clouds,overcast clouds,,,,
1738216800,1738203668,1738233924,-16.85,-23.85,1026,76,-19.75,100,3.83,79,Clouds,overcast clouds,,,,
1738220400,1738203668,1738233924,-16.13,-23.13,1026,71,-19.76,99,3.63,77,Clouds,overcast clouds,,,,
1738224000,1738203668,1738233924,-15.14,-22.14,1026,70,-18.94,98,3.53,75,Clouds,overcast clouds,,,,
1738227600,1738203668,1738233924,-14.72,-21.72,1026,71,-18.39,97,3.56,73,Clouds,overcast clouds,,,,
1738231200,1738203668,1738233924,-15.83,-22.83,1026,72,-19.32,100,3.67,74,Clouds,overcast clouds,,,,
1738234800,1738203668,1738233924,-17.23,-24.23,1026,75,-20.26,0,4.0,80,Clear,clear sky,10000.0,,,
1738238400,1738203668,1738233924,-18.2,-25.2,1026,76,-21.07,0,4.0,80,Clear,clear sky,10000.0,,,
1738242000,1738203668,1738233924,-18.79,-25.79,1026,77,-21.51,0,4.0,80,Clear,clear sky,10000.0,,,
1738245600,1738203668,1738233924,-18.92,-25.92,1026,76,-21.77,0,4.0,80,Clear,clear sky,10000.0,,,
1738249200,1738203668,1738233924,-18.38,-25.38,1026,77,-21.11,0,4.0,90,Clear,clear sky,10000.0,,,
1738252800,1738203668,1738233924,-18.38,-25.38,1026,77,-21.11,0,4.0,90,Clear,clear sky,10000.0,,,
1738256400,1738289955,1738320457,-18.92,-25.92,1026,77,-21.64,0,4.0,90,Clear,clear sky,10000.0,,,
1738260000,1738289955,1738320457,-18.92,-25.92,1026,77,-21.64,0,4.0,90,Clear,clear sky,10000.0,,,
1738263600,1738289955,1738320457,-19.45,-26.45,1026,78,-22.02,0,4.0,90,Clear,clear sky,10000.0,,,
1738267200,1738289955,1738320457,-19.49,-26.49,1026,77,-22.19,0,4.0,90,Clear,clear sky,10000.0,,,
1738270800,1738289955,1738320457,-20.06,-27.06,1026,78,-22.62,0,4.0,90,Clear,clear sky,10000.0,,,
1738274400,1738289955,1738320457,-20.38,-27.38,1026,78,-22.93,0,4.0,90,Clear,clear sky,10000.0,,,
1738278000,1738289955,1738320457,-20.6,-27.6,1026,78,-23.15,0,5.0,90,Clear,clear sky,10000.0,,,
1738281600,1738289955,1738320457,-20.64,-27.64,1026,78,-23.19,0,5.0,90,Clear,clear sky,10000.0,,,
1738285200,1738289955,1738320457,-19.98,-26.98,1027,79,-22.41,0,4.0,90,Clear,clear sky,10000.0,,,
1738288800,1738289955,1738320457,-19.99,-26.99,1027,80,-22.29,0,4.0,100,Clear,clear sky,10000.0,,,
1738292400,1738289955,1738320457,-20.41,-27.41,1027,79,-22.83,0,4.0,100,Clear,clear sky,10000.0,,,
1738296000,1738289955,1738320457,-19.48,-26.48,1028,77,-22.18,40,4.0,100,Clouds,scattered clouds,10000.0,,,
1738299600,1738289955,1738320457,-18.84,-25.84,1027,71,-22.39,100,3.35,76,Clouds,overcast clouds,,,,
1738303200,1738289955,1738320457,-18.87,-25.87,1028,77,-21.59,40,5.0,90,Snow,light snow,10000.0,,,
1738306800,1738289955,1738320457,-18.61,-25.61,1028,71,-22.17,40,4.0,70,Snow,light snow,10000.0,,,
1738310400,1738289955,1738320457,-15.6,-22.24,1028,71,-19.24,40,3.0,90,Snow,light snow,5000.0,,,
1738314000,1738289955,1738320457,-17.07,-24.07,1028,71,-20.67,40,4.0,70,Snow,light snow,6000.0,,,
1738317600,1738289955,1738320457,-16.25,-23.25,1029,74,-19.44,40,4.0,70,Snow,light snow,9000.0,,,
1738321200,1738289955,1738320457,-17.27,-24.25,1030,75,-20.3,40,3.0,70,Snow,light snow,5000.0,,,
1738324800,1738289955,1738320457,-17.37,-24.37,1030,77,-20.12,40,3.0,80,Snow,light snow,8000.0,,,
1738328400,1738289955,1738320457,-17.82,-23.21,1030,78,-20.43,40,2.0,70,Snow,light snow,2600.0,,,
1738332000,1738289955,1738320457,-17.93,-23.34,1030,79,-20.4,40,2.0,60,Snow,light snow,9000.0,,,
1738335600,1738289955,1738320457,-17.63,-22.99,1030,79,-20.11,75,2.0,60,Snow,light snow,3900.0,,,
1738339200,1738289955,1738320457,-18.46,-23.96,1030,80,-20.79,40,2.0,70,Snow,light snow,8000.0,,,
